{"type":"FeatureCollection","crs":{"type":"name","properties":{"name":"EPSG:4326"}},"features":[{"type":"Feature","id":1,"geometry":{"type":"Polygon","coordinates":[[[-84.5726876050897,39.1340425151594],[-84.5718126044462,39.1339685141141],[-84.5708916044159,39.1338845148747],[-84.5702186039662,39.1338445150956],[-84.5701196044792,39.1338385142893],[-84.5698576037887,39.1338235149527],[-84.5693286038548,39.1337665148582],[-84.5682686031016,39.1336975140916],[-84.567216602823,39.1335635140506],[-84.5666436030909,39.1334805147175],[-84.5658266032972,39.133254515029],[-84.5644246031441,39.1324825150213],[-84.5636686014859,39.1320605138841],[-84.5626796019615,39.1314825143367],[-84.5621216013534,39.1311855140906],[-84.5620736017838,39.1311645141713],[-84.5620096006461,39.131124513941],[-84.5619556018814,39.131075514581],[-84.5615506018046,39.1305575141872],[-84.561500601708,39.1305635141111],[-84.5605926009292,39.130501514383],[-84.5585346009141,39.1303605144177],[-84.5566135995233,39.1302405141087],[-84.5554886002172,39.1301615149381],[-84.5543226001162,39.1300915147773],[-84.55377759892,39.1300405144739],[-84.5537645988724,39.129986514978],[-84.5533705985689,39.1292785148842],[-84.5533645986204,39.1292395143525],[-84.5533735984333,39.1292005148142],[-84.5533205991084,39.129223514658],[-84.5532475990304,39.1292385143448],[-84.5527295988124,39.1292155145413],[-84.5525055982689,39.1292215147947],[-84.5522095991124,39.1292465136364],[-84.5520695979607,39.1292545146606],[-84.5519335987682,39.1292465143395],[-84.5517215985315,39.1292135146108],[-84.5515555980798,39.1291705142913],[-84.551334598759,39.1290945143749],[-84.5511375980593,39.1290345143828],[-84.5509355984399,39.1289865142157],[-84.5508005974626,39.1289655145805],[-84.5501515975051,39.1289205145767],[-84.549546596762,39.1288705143322],[-84.5487845980926,39.1288625144155],[-84.5481015970838,39.1288375140599],[-84.5479485971669,39.1288465146816],[-84.5466665969941,39.1287745147801],[-84.5457085957771,39.1287075144206],[-84.5452725972645,39.1286695150338],[-84.5442845961465,39.1286075149444],[-84.54493459613,39.1276035148695],[-84.5452855958223,39.1270015148834],[-84.5455385965678,39.1265835145998],[-84.5455665971668,39.12652951425],[-84.5456095962787,39.1264175144314],[-84.5456335965948,39.1263025142612],[-84.5456355964341,39.1262465138357],[-84.545624597081,39.1261345136911],[-84.5455935959684,39.1260245145368],[-84.545541596458,39.1259195136723],[-84.5454785966001,39.1258315148336],[-84.5454275969401,39.1257755135215],[-84.5453565963357,39.1257115143329],[-84.5452485965785,39.1256375141257],[-84.5451285961893,39.1255755147161],[-84.5444425959235,39.1253235141817],[-84.5443485953667,39.1252835145954],[-84.5442315957654,39.1252205143646],[-84.5441255958832,39.1251475140616],[-84.5440315952004,39.1250645141116],[-84.5439515952371,39.124973514687],[-84.543872594908,39.1248505144285],[-84.5438275961923,39.1247455137369],[-84.5437985953862,39.1246375143157],[-84.5437795957064,39.1244705135377],[-84.5435915959829,39.1225865140158],[-84.5442965956172,39.1233735136535],[-84.5447045963724,39.1237895134015],[-84.54526659608,39.1243645141486],[-84.5465275967278,39.1248075139593],[-84.5478295971275,39.1251975140418],[-84.5480355968729,39.1251795135899],[-84.5494785973508,39.1250515145377],[-84.5496505967396,39.1250205139441],[-84.5498185981996,39.1249745139557],[-84.5501215979747,39.1248595132485],[-84.5502725972011,39.1248265134322],[-84.5503975981022,39.124819513222],[-84.550791598209,39.1248545138935],[-84.5514065982226,39.1249045139021],[-84.5533205987386,39.1250445140241],[-84.5533615980541,39.1246705130581],[-84.5533875988911,39.1242945134623],[-84.5566255991718,39.1245135128067],[-84.5590845998621,39.1246875131675],[-84.5590786003738,39.1248465134545],[-84.5600546012028,39.12504851342],[-84.5605046009415,39.1251825138421],[-84.5611256007662,39.1252855135197],[-84.5615046007717,39.1253475127372],[-84.5622126012037,39.1254615134267],[-84.5617896016117,39.1259185131005],[-84.5620456014197,39.1259935127585],[-84.5622516010359,39.1260335130702],[-84.562486601664,39.1260955130567],[-84.5626826015997,39.1261615134401],[-84.5636736012178,39.1265675137684],[-84.5638056019461,39.1266175130469],[-84.5639286018293,39.126678512861],[-84.5640436015516,39.1267505134409],[-84.5641466022628,39.1268315127302],[-84.5642166020337,39.1268975134533],[-84.5640896021827,39.1271545134756],[-84.5651336022432,39.1275655137375],[-84.5653686021505,39.1277035143585],[-84.5655836017194,39.127801514245],[-84.5657766016338,39.1278725132992],[-84.5659766022526,39.1279315133526],[-84.5661816016906,39.127977513856],[-84.5669086026599,39.1281195134041],[-84.5670416021325,39.1281615134623],[-84.5671716034369,39.128218513299],[-84.5671846027191,39.1282255141221],[-84.5673096032663,39.128299513719],[-84.5674316025129,39.1283575137793],[-84.5676826036012,39.1284775135744],[-84.5680496033407,39.1286515132772],[-84.5683086028994,39.1287695138046],[-84.5685306033217,39.1288305137417],[-84.5687906042326,39.1288565135007],[-84.5690756038365,39.1288505138037],[-84.5698896036858,39.1288235131968],[-84.570055604453,39.1288075134063],[-84.5704026037953,39.128774513578],[-84.5705996036288,39.1287085137687],[-84.570797603735,39.1286205139453],[-84.5709156041885,39.1284825134517],[-84.5709286034428,39.1283095137425],[-84.5709086035694,39.1281535142665],[-84.5712586041535,39.1280305135322],[-84.5719456045371,39.127824513192],[-84.5723066037675,39.1277045140254],[-84.5727216041122,39.1276415129966],[-84.573367604749,39.1275795128078],[-84.5733506046935,39.1279295130646],[-84.573326604495,39.1281955127421],[-84.5732996038272,39.1285035140763],[-84.5736376052671,39.1287015132912],[-84.5734886049031,39.1294875129815],[-84.5734576041146,39.1296525139553],[-84.5732826043559,39.1313215134383],[-84.5732266050777,39.1318895143404],[-84.5729976053288,39.1340515147404],[-84.5726876050897,39.1340425151594]]]},"properties":{"OBJECTID":1,"SNA_NAME":"South Fairmount","SNA_NUMBER":44,"ACRES":344.14936959,"SQMI":79.733,"app_id":"CIN-SNA-001","canonical_slug":"south-fairmount","display_name":"South Fairmount"}},{"type":"Feature","id":2,"geometry":{"type":"Polygon","coordinates":[[[-84.454380572889,39.1830305295658],[-84.4542705735401,39.18258452922],[-84.4542195735323,39.1824205296158],[-84.4544925744205,39.1824375293297],[-84.4548915739709,39.1824625298181],[-84.4550795741169,39.1824675291791],[-84.4553065743402,39.1824595288375],[-84.4556315735955,39.1824225294292],[-84.4559545747968,39.1823725287728],[-84.4562725736946,39.1823115282332],[-84.4564375747362,39.182295528647],[-84.4567375748302,39.1833485293382],[-84.4567525750539,39.1833805298039],[-84.4568115744018,39.1835055292555],[-84.4569175738188,39.1836825287692],[-84.4570425749684,39.183851529219],[-84.4571875746324,39.1840115289237],[-84.45734957428,39.1841605295047],[-84.4578445746935,39.1845415294493],[-84.4580745752269,39.1847155296376],[-84.4583465744615,39.1849225299359],[-84.4587445757801,39.1852525301248],[-84.4603245766194,39.1866925298523],[-84.4610045759458,39.1873205302689],[-84.4610225766158,39.187344529875],[-84.4616155757207,39.1878925297933],[-84.4625435767434,39.1887305299069],[-84.4628715766248,39.1890205298127],[-84.4632165769371,39.1892945293081],[-84.4633915766603,39.1894165300413],[-84.4635635772782,39.1891275298446],[-84.4638235771303,39.1887205299695],[-84.4640485777588,39.1883585292336],[-84.4648645775715,39.1866225291165],[-84.464896576939,39.186543528801],[-84.4649565769509,39.1863555290874],[-84.4649955766,39.1861645296708],[-84.4650115771722,39.185999529273],[-84.4650115771065,39.185377528912],[-84.4678895781948,39.1855225289522],[-84.4679175776864,39.1840275282825],[-84.4769415813292,39.1842825278024],[-84.4768955801493,39.1847235287608],[-84.4768315808262,39.1852665285197],[-84.4768065802712,39.1855155283417],[-84.4767845810289,39.1857395288048],[-84.4820575824625,39.1862725284961],[-84.4824935823621,39.1863075290238],[-84.482675582261,39.1863225291264],[-84.4822355822932,39.187446528544],[-84.4818765815758,39.1883455290382],[-84.4816135822708,39.1889215286136],[-84.481469582145,39.1891545292036],[-84.4814185822444,39.1892375287096],[-84.4811535830892,39.1896155297324],[-84.4809195829458,39.1899105299592],[-84.4806575826094,39.190169529191],[-84.4803035812417,39.190516529879],[-84.4799105817024,39.1908615297415],[-84.4792945818394,39.1913745301712],[-84.4787035814497,39.1918745298304],[-84.4781735809502,39.1923275300185],[-84.4776395812914,39.1928125304662],[-84.4773875816311,39.1930055295749],[-84.4772365809751,39.1929095302531],[-84.4771225809096,39.1930045297335],[-84.4765655817227,39.193473530176],[-84.4760015810834,39.1939585301084],[-84.4756635811272,39.1942475297154],[-84.4754855810758,39.1944135305377],[-84.4730345802243,39.1964565308441],[-84.472341579911,39.1970395309479],[-84.472265580205,39.1971035315093],[-84.4718318159869,39.1974673057163],[-84.4717976692548,39.1974670615829],[-84.4717328665942,39.1974665995615],[-84.4716208980315,39.197465799196],[-84.4713567613501,39.1974641522257],[-84.4710759669148,39.1974623992967],[-84.4709192629065,39.1974614211469],[-84.4691978771094,39.1974506624755],[-84.4689731304062,39.1974478072661],[-84.4689684471518,39.1974477479832],[-84.4689360257326,39.1974473358753],[-84.4684135868111,39.1974406964045],[-84.4683594802567,39.1974403591886],[-84.4682855912627,39.1974398971151],[-84.4682330933723,39.1974395694929],[-84.4680965839704,39.1974399055302],[-84.4680563604201,39.1974392083482],[-84.4678816752689,39.197436179447],[-84.4677045965703,39.1974344703111],[-84.4675273939629,39.1974327603033],[-84.4674699244237,39.1974322048908],[-84.4673522576788,39.1974310690499],[-84.4671747875274,39.1974293558323],[-84.466999470605,39.1974276635053],[-84.4668219309512,39.1974259482236],[-84.4666443490289,39.1974232188478],[-84.4664712222542,39.1974213345283],[-84.4664689635596,39.1974213097379],[-84.4664630631758,39.1974212457535],[-84.4664466756002,39.1974210702798],[-84.4662945057086,39.197419445011],[-84.4662913750633,39.1974194196765],[-84.4661835419255,39.1974184989355],[-84.4660787560524,39.1974176030455],[-84.4660516837021,39.1974173725005],[-84.4660393624841,39.197417266823],[-84.4659034550964,39.1974161052136],[-84.4659022364992,39.1974863921309],[-84.4659012253817,39.1975446866754],[-84.4658953130792,39.1978856141988],[-84.4658941744589,39.1980492138913],[-84.4658835594167,39.1985267278761],[-84.465883501238,39.1985293661217],[-84.4658499006163,39.1985291632358],[-84.4658296269773,39.1985290408958],[-84.4657780435525,39.1985287290927],[-84.4657648995682,39.198528649936],[-84.4657066335554,39.1985282981434],[-84.4657040400795,39.198528269999],[-84.4656928309967,39.1985281472425],[-84.4656544163833,39.1985277258174],[-84.4656392968068,39.1985275602799],[-84.4655319538947,39.1985263828222],[-84.46535701941,39.1985244643463],[-84.4653570374389,39.198523494553],[-84.4653582273067,39.1984563824082],[-84.4646528087999,39.1984485687107],[-84.4644417920995,39.1984454812062],[-84.4640077138488,39.1984414262765],[-84.4639158296245,39.1984405677161],[-84.463718256935,39.1984387208944],[-84.4636968649068,39.1984385216029],[-84.46369343336,39.1984856872233],[-84.4636868760335,39.1985761686751],[-84.4636784778411,39.1986919726508],[-84.4636784453139,39.1986924246076],[-84.4636770195205,39.1987120484236],[-84.4636699203292,39.1988279277216],[-84.4636679478794,39.1988497439374],[-84.4636596861708,39.1989652960172],[-84.4636596627751,39.198965618975],[-84.4636582260323,39.1989857214119],[-84.4636555334954,39.1990233688579],[-84.4636499733983,39.1991011435895],[-84.4636480218244,39.1991233757177],[-84.4636363156365,39.1992389067939],[-84.4636313212289,39.1992882027151],[-84.4636225902066,39.1993743753636],[-84.4636174067651,39.199425526059],[-84.4636098197826,39.1995135624563],[-84.4636060616849,39.1995632176788],[-84.4636023892931,39.1996117550982],[-84.4635995751906,39.1996489495861],[-84.4635956443233,39.1997009584677],[-84.4635949164691,39.1997105881721],[-84.463588477838,39.1997870965226],[-84.4635884197761,39.1998370522354],[-84.4635788484533,39.199925024896],[-84.4635770710253,39.1999747826492],[-84.463569658332,39.2000630098042],[-84.4635654874498,39.2001109078279],[-84.4635578463018,39.2001986270722],[-84.4635568909715,39.2002487556429],[-84.4635475815625,39.2003365733942],[-84.4635441906285,39.2003831688706],[-84.4635414356948,39.2004700008229],[-84.4635370280209,39.2004721846752],[-84.4635355566558,39.2004915479623],[-84.4635342921704,39.2005087011736],[-84.4635263390206,39.200616581295],[-84.4635251906608,39.2006448906548],[-84.4639151384618,39.200649573809],[-84.4639186692768,39.2006496176653],[-84.4639745286353,39.2006503102551],[-84.4639696978335,39.2006535960136],[-84.4639606559158,39.200659966027],[-84.4639517586805,39.2006664579303],[-84.4639430072346,39.2006730699028],[-84.46393440729,39.2006797991448],[-84.4639259587961,39.2006866438551],[-84.4639176652003,39.2006936030745],[-84.4639095287167,39.2007006731615],[-84.4639015516351,39.2007078531762],[-84.4638937373524,39.2007151403583],[-84.4638858955156,39.2007224361153],[-84.4638847453307,39.2007238341283],[-84.4638784430138,39.2007299478319],[-84.4638774135543,39.2007312320762],[-84.463871157714,39.2007375585323],[-84.4638702431172,39.2007387264042],[-84.4638640418557,39.2007452654756],[-84.4638632398067,39.2007463170143],[-84.4638571047238,39.2007530694057],[-84.4638564104922,39.2007540010872],[-84.4638540407475,39.2007567595432],[-84.4638530078386,39.2007579618537],[-84.4638497319237,39.2007617754124],[-84.4638431785869,39.2007696386198],[-84.4638363999952,39.2007773560714],[-84.4638303322121,39.2007854390159],[-84.4638244473321,39.2007936026585],[-84.4638187453051,39.2008018451981],[-84.4638134364349,39.2008101090148],[-84.4638079294404,39.2008185762086],[-84.4638026121177,39.2008271176791],[-84.4637974890212,39.2008357306459],[-84.4637925588676,39.2008444106261],[-84.4637878239719,39.2008531575802],[-84.4637832853405,39.2008619660852],[-84.463778946446,39.2008708360825],[-84.4637754870066,39.2008790208439],[-84.4637748657511,39.200880491896],[-84.4637719323599,39.2008860368037],[-84.4637658804151,39.2009025159934],[-84.4637653858729,39.2009037974909],[-84.4637610042359,39.2009151568018],[-84.4637571430056,39.2009251657005],[-84.4637542253681,39.2009343810579],[-84.4637515137328,39.2009436334744],[-84.4637490115472,39.2009529219905],[-84.4637467175532,39.2009622430236],[-84.4637446328327,39.2009715938524],[-84.4637427573103,39.2009809717751],[-84.4637410943578,39.2009903731305],[-84.4637396404525,39.2009997961765],[-84.4637384001237,39.201009237232],[-84.4637373698234,39.2010186936544],[-84.4637365529739,39.2010281635836],[-84.4637359482667,39.2010376416358],[-84.4637354544832,39.2010510876629],[-84.4637352671568,39.2010565653728],[-84.4637319583565,39.2011532781706],[-84.4637301439671,39.201289530848],[-84.4637282649287,39.201427489329],[-84.4637279244503,39.2014457153244],[-84.4637206859082,39.2018330020062],[-84.46372011107,39.201863722674],[-84.463719572362,39.2018925461034],[-84.4636667981751,39.2018956241518],[-84.4636013538964,39.2018994418719],[-84.4636041645744,39.2019690451137],[-84.463603455895,39.2019785330322],[-84.4635992512122,39.2020347947949],[-84.4635566673064,39.20260468452],[-84.4638577513789,39.2025882789033],[-84.4640380997168,39.2025784509025],[-84.4642141397714,39.2025688586313],[-84.4642588643418,39.2025664211703],[-84.4643901809104,39.2025592651729],[-84.4645662208437,39.2025496714671],[-84.4648682364201,39.2025332132117],[-84.4650987724287,39.2024618686734],[-84.4653134574554,39.2023954296376],[-84.4655027809697,39.2023315470726],[-84.4658124725219,39.2022270482988],[-84.4660162945129,39.2021582727436],[-84.4667090155438,39.2019245239],[-84.4668324617978,39.2018828681471],[-84.4668459068042,39.2018783316175],[-84.4668617433899,39.2018761206033],[-84.4670111220858,39.2018552619227],[-84.4675358357254,39.2017819923385],[-84.4675534579038,39.2017795320066],[-84.4675712935669,39.2017746470348],[-84.467651382793,39.2017527116811],[-84.4676871965815,39.2017429023469],[-84.4677889711942,39.2017150273114],[-84.4678817405801,39.2016896187038],[-84.4678855283536,39.201688581374],[-84.4678858547287,39.2016884920449],[-84.467886027113,39.2016884449718],[-84.4679685892045,39.2016658313437],[-84.4679995567248,39.2016573493015],[-84.4680113337463,39.2016541239643],[-84.4679185790519,39.2017975315748],[-84.4678605790476,39.2018005316724],[-84.4675495786715,39.2018175321594],[-84.4666125786399,39.2020305323869],[-84.4657155780331,39.2027395322409],[-84.4651875781985,39.2031815327158],[-84.4646975778082,39.2034985325236],[-84.46422657905,39.2038155328978],[-84.4637465774706,39.2043145327102],[-84.4633335782663,39.2048485335937],[-84.4630165782031,39.2053715330453],[-84.4629305779294,39.2057075336791],[-84.4629205773314,39.2059955331304],[-84.4630415777036,39.2064865332786],[-84.4630845776722,39.2071575329607],[-84.4629785779267,39.2075515337591],[-84.4627675780424,39.2079445334847],[-84.462431578309,39.2083965336873],[-84.4620085781978,39.2088375337819],[-84.461048576725,39.2095775337213],[-84.4604435768251,39.2099805342333],[-84.4600875774641,39.2102205341608],[-84.4594435769535,39.2105545336813],[-84.4592045774163,39.2106515339251],[-84.4590895773341,39.210698534755],[-84.4588535775534,39.2107945348566],[-84.4583635767797,39.2109575347625],[-84.45789757696,39.2110775342865],[-84.4576145773338,39.2112415345282],[-84.4574868792423,39.2114483578966],[-84.4574262816561,39.2114476311355],[-84.4567753940895,39.2114398225035],[-84.4566779136194,39.2114386531406],[-84.4566343724314,39.2114381303407],[-84.4564452205203,39.2114358600529],[-84.4562178684453,39.2114331314428],[-84.4560250914158,39.2114308170598],[-84.4559416122101,39.2114298147438],[-84.4558782074523,39.211429053396],[-84.4556907830012,39.2114268023216],[-84.4555610921558,39.2114252449771],[-84.4555625768099,39.2113985348171],[-84.4556015768775,39.2108225337871],[-84.4556863931523,39.2097490223954],[-84.4556944144296,39.2096632103851],[-84.4557078099789,39.2095198910788],[-84.4557212057745,39.2093765825756],[-84.4557346001822,39.2092332677838],[-84.455747995743,39.2090899547696],[-84.4557613910486,39.2089466345468],[-84.4557747865503,39.2088033233259],[-84.4557881818218,39.2086600057968],[-84.4558016101647,39.2085163390154],[-84.4558143744639,39.2083797707495],[-84.4558271708071,39.208242857754],[-84.4558399690896,39.2081059330082],[-84.455852766315,39.2079690136818],[-84.4558655623581,39.2078320952719],[-84.4558783594838,39.2076951759382],[-84.4558827719582,39.2076479725391],[-84.4557207900974,39.2076363737837],[-84.4555626469378,39.2076250479933],[-84.4554775168057,39.2076189519104],[-84.4554045061946,39.2076137237495],[-84.4552922626841,39.207605685009],[-84.4552463666348,39.2076023983702],[-84.4551895695212,39.2075983303989],[-84.4554385759704,39.2074805338981],[-84.4558955765155,39.2072825339878],[-84.4555715760564,39.2072605334729],[-84.4554165755353,39.2072495338631],[-84.4523645750657,39.2070305341128],[-84.4522255748554,39.2070055333178],[-84.4520935755549,39.2069675337892],[-84.4519685748892,39.2069145344529],[-84.4518815750913,39.2068675335378],[-84.4515965740649,39.2066955339594],[-84.4519745743782,39.2063185333985],[-84.4523094660276,39.2059877162177],[-84.4523856757237,39.2059129929264],[-84.4524761110706,39.2058173097601],[-84.4525771121495,39.2057104483353],[-84.4526233111443,39.2056615679761],[-84.4528867362848,39.2053828548576],[-84.4529095603171,39.2053608853081],[-84.4531079921067,39.2051698819919],[-84.45323913794,39.2050436445766],[-84.4533014285594,39.204983685482],[-84.4536183603201,39.204678611938],[-84.4537105162364,39.2045899041111],[-84.4537145119872,39.2045860057516],[-84.4537154804733,39.2045850605066],[-84.453716630511,39.2045839392114],[-84.4537163010736,39.2045839195298],[-84.4537615755224,39.2045395340627],[-84.4508787492989,39.2043924711178],[-84.4492819512589,39.2042838975549],[-84.4492431282367,39.2042812574257],[-84.4492051043966,39.2042786633256],[-84.4491171664701,39.2042726647781],[-84.4490928115909,39.2042710033451],[-84.4493025737802,39.2038895335397],[-84.4523865744102,39.1970275325137],[-84.4524905735273,39.1970305326202],[-84.4543015740386,39.1971575319035],[-84.4546545744647,39.1971825317643],[-84.4546546476822,39.1971818754973],[-84.4546985396297,39.1971849608581],[-84.4547098714137,39.1971857574612],[-84.4547147605475,39.1971861012725],[-84.4547151189879,39.1971810054344],[-84.4547179565431,39.1971504395568],[-84.4547223005007,39.1971036409517],[-84.4547229409209,39.1970967356421],[-84.4547271005451,39.1970519268667],[-84.4547327004125,39.1969915874628],[-84.4547413544255,39.1968983548275],[-84.4547430318453,39.196880278457],[-84.4547447219595,39.1968620757313],[-84.4547448842166,39.1968603331494],[-84.4547463191936,39.1968448629771],[-84.4547466498295,39.1968413065305],[-84.4547490364832,39.1968155938731],[-84.4547492637088,39.1968131483107],[-84.4547494987699,39.1968106098123],[-84.454754000383,39.1967621128485],[-84.4547575255763,39.1967241344951],[-84.4547595148302,39.1967027002159],[-84.4547616538444,39.1966796569143],[-84.4547729625516,39.1965578220667],[-84.4547729882974,39.1965575405181],[-84.4547947644929,39.1963229266107],[-84.454798049194,39.1962875427062],[-84.4548191874412,39.1960598034193],[-84.4548347051632,39.1958926165268],[-84.4548425115193,39.1958085046481],[-84.4548444769149,39.1957873383659],[-84.4548585396656,39.1956358210993],[-84.454867808948,39.1955359574528],[-84.4548730212706,39.1954798007345],[-84.4548872726494,39.1953262448991],[-84.4548917332382,39.1952781946093],[-84.4548989069827,39.1952008977987],[-84.4549072354256,39.1951111692286],[-84.4549092959011,39.1950889687844],[-84.4549105376223,39.1950755858962],[-84.4549219508809,39.1949526166727],[-84.4549299212399,39.1948667495493],[-84.4549333641748,39.194829650148],[-84.4549447783104,39.1947066736946],[-84.4549534912096,39.1946127894886],[-84.454956416872,39.1945812778503],[-84.454961441944,39.1945271353272],[-84.4549627530935,39.1945130025288],[-84.4549678316583,39.1944582860616],[-84.4549685432916,39.1944506127889],[-84.4549760512321,39.1943697279194],[-84.4549766978995,39.1943627576274],[-84.4549778284324,39.1943505812599],[-84.4549794666359,39.1943329308158],[-84.454988811219,39.1942322486547],[-84.4549888138139,39.1942322170757],[-84.4549909283873,39.1942099652589],[-84.4549911234797,39.194207863521],[-84.4550023921467,39.1940869068607],[-84.4550138524144,39.1939638908652],[-84.4550242070423,39.1938527399674],[-84.455251574495,39.1918045314869],[-84.4552160922133,39.1917927621951],[-84.4552161288859,39.1917923741429],[-84.45521673689,39.1917858468941],[-84.455216843937,39.1917847008079],[-84.4551138553682,39.1917509627165],[-84.4550946591815,39.1917446745911],[-84.4550823384692,39.1917406384559],[-84.4550593516374,39.1917331077379],[-84.4550439320473,39.1917280561215],[-84.4547130261915,39.1916196531084],[-84.4547125524621,39.1916237669903],[-84.45458699729,39.1915813922384],[-84.4540791046518,39.1914099763739],[-84.4539836461169,39.1913777584164],[-84.4539502564598,39.1913668202715],[-84.4539164378276,39.191356319123],[-84.4538826287479,39.1913461610886],[-84.453848835201,39.1913366028551],[-84.4538146114553,39.1913273960422],[-84.4537799586822,39.1913186244237],[-84.4537453178638,39.1913102823751],[-84.4537106913786,39.1913024554523],[-84.4536756358894,39.1912950646237],[-84.4536407390245,39.1912881315295],[-84.4536405923279,39.1912881024644],[-84.4536496849681,39.1911955021928],[-84.4536620165544,39.1911115385142],[-84.4537105825076,39.1907808683724],[-84.4537232400593,39.1906946836097],[-84.4537234123685,39.1906935102968],[-84.4536324769135,39.1906854224172],[-84.4536322714717,39.1906854042524],[-84.4536489204514,39.1905717489867],[-84.4536800056216,39.1903595522939],[-84.4536840984425,39.1903316097453],[-84.4536875277067,39.1903082014377],[-84.4536925265101,39.1902740753215],[-84.4537479973364,39.1898954110025],[-84.4537645886316,39.1897821513173],[-84.4538092310161,39.1894773961981],[-84.4538585378754,39.189140792891],[-84.4539786712117,39.1883444368121],[-84.4539957591619,39.1882311605875],[-84.4540214248551,39.1882325240171],[-84.4540343482936,39.1881426081269],[-84.4542276884886,39.1867973964828],[-84.4544069318406,39.1855502173115],[-84.4544174834796,39.1854767928355],[-84.4545395741086,39.1854873302277],[-84.4545596370271,39.1852903999058],[-84.4545989278418,39.1850851122047],[-84.454618924468,39.1849609287356],[-84.4546606879593,39.1847509005698],[-84.4546783862658,39.1846440290745],[-84.4546873827687,39.18458105455],[-84.4546927948268,39.1845431713859],[-84.4546936852387,39.1845369331052],[-84.4547065811869,39.1844296460626],[-84.4547170680552,39.1843221995849],[-84.4547251444923,39.1842146279345],[-84.4547308067323,39.1841069618095],[-84.454729136262,39.1839126231154],[-84.454724900872,39.1838075285588],[-84.4547248526823,39.1838063373342],[-84.4547181862572,39.1837001250402],[-84.4547091379246,39.1835940195548],[-84.4546977120687,39.1834880532402],[-84.4546839118914,39.1833822575771],[-84.4546816606927,39.1833681280227],[-84.4546576405096,39.1832173945763],[-84.454637773879,39.1831120507161],[-84.4546321766338,39.1830855922512],[-84.454477191631,39.1830751416121],[-84.4544785729035,39.1830295299203],[-84.454380572889,39.1830305295658]]]},"properties":{"OBJECTID":2,"SNA_NAME":"Roselawn","SNA_NUMBER":41,"ACRES":1042.80612429,"SQMI":79.733,"app_id":"CIN-SNA-002","canonical_slug":"roselawn","display_name":"Roselawn"}},{"type":"Feature","id":3,"geometry":{"type":"Polygon","coordinates":[[[-84.4080815562342,39.1395875229075],[-84.4079525566873,39.1395815233935],[-84.4076445565291,39.1395675229431],[-84.4075225559914,39.1395555233264],[-84.4063445564602,39.13946652315],[-84.4063315558497,39.139867523391],[-84.4055445564026,39.1398135240697],[-84.4055516683106,39.139628591437],[-84.4055549888292,39.1395957628391],[-84.4055628403144,39.1395181195129],[-84.4055645995497,39.139500725547],[-84.4055685641697,39.139461524372],[-84.4055723281847,39.1394243132078],[-84.4055725508532,39.1394221129],[-84.4055733245231,39.1394144587685],[-84.4055742296482,39.1394055077334],[-84.4055761495753,39.1393875543052],[-84.4055823780844,39.1393293029313],[-84.4055832999676,39.139320671477],[-84.4055869172939,39.1392868423887],[-84.4055875283626,39.1392811289892],[-84.4055946002542,39.1392149790648],[-84.4056121252684,39.1390510695723],[-84.4056258169577,39.1389230100632],[-84.4056292845366,39.1388905727814],[-84.4056430111991,39.1387621838259],[-84.4056450435216,39.1387431707686],[-84.4056453362782,39.138740440419],[-84.4056510780006,39.1386813077464],[-84.4056736465727,39.1384489092931],[-84.4056797717391,39.1383858266185],[-84.4056855114085,39.1383260227267],[-84.4056874266932,39.138306064636],[-84.405687491772,39.1383053923182],[-84.4056977407576,39.1382018597493],[-84.4056985028667,39.1381939508213],[-84.4057036816215,39.1381402172024],[-84.4057096167569,39.138078619799],[-84.4057113289789,39.1380608598913],[-84.4057194829731,39.1379820114269],[-84.405719738687,39.13797953667],[-84.4057283149426,39.1378965474556],[-84.4057315908122,39.1378648521407],[-84.4057653455693,39.137538213027],[-84.405765543657,39.1375363014438],[-84.4057675359698,39.1375170953227],[-84.4057712121957,39.1374816470479],[-84.4057726176153,39.137468106178],[-84.4057766758585,39.1374287394625],[-84.4057931134883,39.1372787394587],[-84.4058029276186,39.1371891813819],[-84.4058229684963,39.137006296746],[-84.4058268788564,39.1369706103567],[-84.4058294871645,39.1369468143016],[-84.4058321371594,39.1369226355352],[-84.4058635656469,39.1366326207721],[-84.4058712498392,39.136563128825],[-84.4059028531511,39.1362773134461],[-84.4059092030235,39.1362043529385],[-84.4059571409235,39.135653591727],[-84.4059574020958,39.1356505933954],[-84.4060028125463,39.1351288535849],[-84.4060154672358,39.1350013453023],[-84.4060155843804,39.1350001612583],[-84.406012780694,39.1350000145403],[-84.4057797836397,39.13498776671],[-84.4057875549663,39.134875522464],[-84.4057055555334,39.1348745224567],[-84.4053455561026,39.1348715226552],[-84.4047955547266,39.1348675226319],[-84.404837555323,39.1347795224942],[-84.4062035557986,39.1322075223131],[-84.4064535554652,39.1317745219714],[-84.4068895564602,39.1311285218856],[-84.4083075562753,39.1296735219943],[-84.4089945560308,39.1292185216688],[-84.4095845559253,39.1287465210489],[-84.411475556259,39.1273825202966],[-84.4125125565838,39.1265785200617],[-84.41369255779,39.1256635202487],[-84.4146835574858,39.1248965201323],[-84.4156405574514,39.1238845196904],[-84.4159115574045,39.1236115195218],[-84.4163245577991,39.1231655192792],[-84.4165335578276,39.1229395201242],[-84.4166375583465,39.1228285198822],[-84.4168865576054,39.122565519162],[-84.4172105579667,39.122225518739],[-84.4174885581334,39.1224555199123],[-84.4184765576759,39.1230335198455],[-84.4186245588613,39.1223335194044],[-84.4188355586085,39.1217425194866],[-84.4190105585489,39.1217505189702],[-84.4191205575277,39.1217455189266],[-84.4192295586167,39.1217275193344],[-84.4193345585047,39.1216975195923],[-84.4194315579932,39.1216565193837],[-84.4195195581444,39.121603518934],[-84.419597558204,39.1215415198788],[-84.4206535587651,39.1203635191244],[-84.421008559636,39.1203665187894],[-84.4213275582262,39.1203535185041],[-84.4216805586231,39.120323519182],[-84.4220295586022,39.1202755180847],[-84.4223745598922,39.1202105189392],[-84.4228945594697,39.1200705185749],[-84.4230995594289,39.1200125188263],[-84.4233465593465,39.1199695182267],[-84.424049559824,39.1198495180455],[-84.4241185595292,39.1198315182912],[-84.4242165600269,39.1197935184498],[-84.4243055598547,39.1197425186271],[-84.4243825597262,39.1196815185482],[-84.4244435595457,39.1196115190022],[-84.4244895594168,39.1195335188464],[-84.4245185606519,39.1194505183121],[-84.4245285599866,39.119365518603],[-84.4245395598955,39.1193095183953],[-84.4245435600208,39.1192235181678],[-84.4245305597198,39.119137518218],[-84.4243135591065,39.1185785182363],[-84.4242975596074,39.1185255179856],[-84.4242805600184,39.1184165185606],[-84.4242815604158,39.1183065183915],[-84.4243005599499,39.1181975186332],[-84.4244425597041,39.1178185180453],[-84.4244645594778,39.1176795188631],[-84.424465558911,39.1175945181159],[-84.4244545594794,39.1174835188445],[-84.4244185596352,39.1173465188868],[-84.4242705595887,39.1171005182916],[-84.4242655598684,39.117047518307],[-84.4242735589506,39.116995518862],[-84.4242955591338,39.116945517849],[-84.4243295587333,39.1168995181029],[-84.4243755592061,39.1168595180287],[-84.4245335598526,39.116796517756],[-84.4246685596756,39.1167635181374],[-84.4248085604359,39.1167455173102],[-84.4249505589719,39.1167445185281],[-84.4250555602013,39.116754518251],[-84.4254375601,39.11681951812],[-84.4256145591733,39.1168545180545],[-84.4256815605414,39.11685751792],[-84.4257815599362,39.1168455181395],[-84.4258445607665,39.1168265177439],[-84.4259025603143,39.116798518239],[-84.4260975608905,39.1166355177195],[-84.4262745609553,39.1164615182695],[-84.4264335593537,39.116276518189],[-84.4266205608945,39.1159385175932],[-84.427449559663,39.1162005174833],[-84.4275125601812,39.1162255179234],[-84.4275705602352,39.1162585177773],[-84.4276445597634,39.1163175177531],[-84.4277015600817,39.1163885180781],[-84.4277375610394,39.1164665180289],[-84.4277525613274,39.1165485181812],[-84.4277445609541,39.1166315172049],[-84.4276875602055,39.1167955175978],[-84.4276155604799,39.1169555182572],[-84.4275145600695,39.1171365171979],[-84.4274805613391,39.1173035182051],[-84.4274645614215,39.1174715182199],[-84.427466560313,39.1176115182288],[-84.4274805603596,39.1177515177702],[-84.4275575605039,39.1179255179472],[-84.4276045605287,39.117993517597],[-84.427794560911,39.1180945177987],[-84.4279815610592,39.1181735180756],[-84.4282995610656,39.1182895181249],[-84.4286145619193,39.1184155179875],[-84.4289455613207,39.1185105181677],[-84.4292985613174,39.1185055183134],[-84.4294325618294,39.1185365186938],[-84.4295115614221,39.1186045182841],[-84.4295285618201,39.118618518081],[-84.4295855614083,39.1188895185247],[-84.4295845619416,39.1192225181369],[-84.4294445615354,39.1195545179084],[-84.4293095619031,39.1198845186863],[-84.4283885607725,39.1202365177349],[-84.4283865602465,39.1202555190926],[-84.431445561629,39.1209285181229],[-84.4316555621513,39.1209855186065],[-84.4323885618644,39.1211595183185],[-84.4328085627161,39.121244518295],[-84.4341805631019,39.121550518817],[-84.4343875631732,39.1216375186192],[-84.4352495631883,39.1220225187166],[-84.435807563511,39.1222715188051],[-84.4354495627742,39.1227915183876],[-84.4353035636891,39.1229925185191],[-84.4350985628875,39.1233075192126],[-84.4340405628164,39.1248565198172],[-84.4339275634493,39.1258085198013],[-84.433134563599,39.1269985196704],[-84.4329515627404,39.1272355198939],[-84.4307995632378,39.1283375203165],[-84.4304065625797,39.1285465192553],[-84.4302075625905,39.1286735202144],[-84.4301475627039,39.1288965200959],[-84.4300885620324,39.129115519932],[-84.4300345620431,39.1292465195062],[-84.4299635617147,39.1293725203783],[-84.4298765618748,39.1294925201485],[-84.4297745626307,39.1296045199084],[-84.4295275622676,39.1298445205754],[-84.4287745612308,39.1304275203356],[-84.4285915624572,39.1305615205602],[-84.4283925624624,39.1307235206514],[-84.428206562541,39.1308945205672],[-84.4280755616942,39.1310285208591],[-84.4279095621008,39.1312095203804],[-84.4277605611326,39.1313985208405],[-84.4276285614872,39.1315945203387],[-84.4275555612578,39.1317205213174],[-84.4274475617494,39.1319265209529],[-84.4273575617954,39.1321375209434],[-84.4272955610447,39.132325521104],[-84.427183561499,39.1326745212521],[-84.4270525625562,39.1343015211144],[-84.4269905615428,39.1352855218898],[-84.4268845617,39.1365385219963],[-84.4259765618045,39.1364825209644],[-84.4258635615051,39.1364985224434],[-84.4251145616282,39.1367955219272],[-84.4249545609041,39.1368625215851],[-84.4246715620102,39.1369735212598],[-84.4241325605606,39.1370155220263],[-84.4233315611435,39.1371095215566],[-84.4227785604844,39.1372305215643],[-84.4224175607419,39.1373345227515],[-84.4217775607149,39.1377495213328],[-84.4215595595165,39.1378575220426],[-84.4208445604301,39.1379825230573],[-84.4199795594759,39.1381695226754],[-84.4199095600058,39.1395195228929],[-84.4187485596519,39.1394555230806],[-84.4171065589301,39.1393475235799],[-84.4163555582495,39.1392995228859],[-84.4150155580902,39.1392075228694],[-84.4149395587599,39.1399885232043],[-84.4147475582694,39.1399785225846],[-84.4080815562342,39.1395875229075]]]},"properties":{"OBJECTID":3,"SNA_NAME":"Mt. Lookout","SNA_NUMBER":28,"ACRES":912.90535217,"SQMI":79.733,"app_id":"CIN-SNA-003","canonical_slug":"mt-lookout","display_name":"Mt. Lookout"}},{"type":"Feature","id":4,"geometry":{"type":"Polygon","coordinates":[[[-84.5674246057829,39.1579565187868],[-84.5676226059492,39.1575295187657],[-84.5677336059471,39.1572885193988],[-84.568100605678,39.156502519084],[-84.5681536045677,39.1563895189434],[-84.5684686055803,39.1558575192598],[-84.5685646057165,39.1557415190646],[-84.5686796051012,39.1556355183536],[-84.5687816049429,39.1555585186995],[-84.5688936052273,39.1554895192516],[-84.5690126055834,39.1554295187055],[-84.5691726050702,39.1553675186813],[-84.5693396058632,39.1553215184737],[-84.5694556060706,39.1553005183925],[-84.5704116059116,39.1538035182989],[-84.5711626060796,39.153639518548],[-84.5716796068996,39.1536595188251],[-84.5719416066008,39.1536635181757],[-84.5727276065399,39.1535805187751],[-84.5736676070614,39.1528715180701],[-84.5740956070992,39.1522485177034],[-84.5741766075651,39.1521315176142],[-84.5742416068544,39.1515995170755],[-84.5744486074559,39.1512375179871],[-84.5747086069809,39.1507835173581],[-84.5760526071891,39.1501345165425],[-84.5768766070118,39.1490255170785],[-84.577351607763,39.1486565165586],[-84.5779886081533,39.1481615176902],[-84.5781466082153,39.1480885163965],[-84.57845060687,39.1472815171173],[-84.578516607788,39.1471095163172],[-84.5782836073717,39.1470225166992],[-84.5780316071482,39.1469135167363],[-84.5777586077014,39.1467785163765],[-84.577291607941,39.1465945165279],[-84.5765546076649,39.1463035164135],[-84.5763486065491,39.1462515160222],[-84.5761006065763,39.1462095165094],[-84.5759336070266,39.1461935164041],[-84.5758856071716,39.1461885172598],[-84.5757036062334,39.1461835168128],[-84.5755236062004,39.1461885169553],[-84.5738046060254,39.1461865166493],[-84.5732786061035,39.1462245164897],[-84.5731416060119,39.1462435165518],[-84.5729556061691,39.1462695169077],[-84.5721596054033,39.1464275159762],[-84.572188605739,39.1464065170305],[-84.5722766059028,39.1463575170664],[-84.5723496057446,39.1462955164333],[-84.5723876057569,39.1462485174491],[-84.5730846067199,39.1455705161658],[-84.5735326061749,39.1451595163236],[-84.5739446058325,39.1447055167147],[-84.5723706051147,39.1430075165632],[-84.5723346057986,39.1428915158655],[-84.5723096051684,39.1427785163539],[-84.5724226053884,39.1416545155079],[-84.572543605509,39.1404995152117],[-84.5726526062076,39.13932251576],[-84.5727386049927,39.1384905150273],[-84.5727386052362,39.1384055153345],[-84.5727166049542,39.1383225155502],[-84.5726896051318,39.1382705153551],[-84.5726336061183,39.138197514962],[-84.5725596045777,39.1381355155277],[-84.5723256043643,39.1380875149393],[-84.5723026059683,39.1379725153431],[-84.5722956055071,39.1378555150892],[-84.5723326050693,39.137398514356],[-84.5723596056139,39.1371625158253],[-84.5724486047355,39.1362015153399],[-84.5725536055349,39.1352425145086],[-84.5726876050897,39.1340425151594],[-84.5729976053288,39.1340515147404],[-84.5732266050777,39.1318895143404],[-84.5732826043559,39.1313215134383],[-84.5734576041146,39.1296525139553],[-84.5734886049031,39.1294875129815],[-84.5736376052671,39.1287015132912],[-84.5732996038272,39.1285035140763],[-84.573326604495,39.1281955127421],[-84.5733506046935,39.1279295130646],[-84.573367604749,39.1275795128078],[-84.5739276045186,39.1276105125716],[-84.5741436049489,39.1276375128082],[-84.5743556046686,39.1276795136097],[-84.5745626048163,39.1277355128979],[-84.5747616059018,39.1278055130312],[-84.5757656059339,39.1282655135499],[-84.5759866052386,39.1283535133611],[-84.5762816058288,39.1284505131852],[-84.5766576055687,39.1285465125675],[-84.5773146062315,39.1287155135879],[-84.5774076063251,39.12853651354],[-84.5774786059687,39.1283515130174],[-84.5775216055439,39.1281895133364],[-84.5775486057256,39.1280255126519],[-84.5776016058099,39.1271965132766],[-84.577598605778,39.1271125132592],[-84.5776016058536,39.127046513053],[-84.5776056066239,39.1269435134035],[-84.5776316059331,39.1267765130155],[-84.5776766059115,39.1266115129415],[-84.5778836055299,39.1262235119296],[-84.5780246061149,39.1260905122002],[-84.5781786057499,39.125967513271],[-84.5783176055688,39.1258735119462],[-84.5787576068229,39.1257175125836],[-84.5790556063724,39.1256325127761],[-84.5794146066823,39.1255155129452],[-84.5797656061363,39.1253855120194],[-84.5801386067475,39.1252295120062],[-84.580986606906,39.1247875125554],[-84.5812916070752,39.1245955119595],[-84.581582607644,39.124388512681],[-84.5818566075427,39.1241695124388],[-84.5820906072838,39.1239595124726],[-84.5823306067888,39.1237175117505],[-84.5828976065008,39.1229835119752],[-84.5830056077468,39.1228425119326],[-84.5831126073007,39.1227055114991],[-84.5837426072858,39.122697511714],[-84.5837526067742,39.1227145112582],[-84.5845116083893,39.1227215114652],[-84.5846336071214,39.1227335114182],[-84.5847406078225,39.1227285115856],[-84.5848446077056,39.1227105121936],[-84.5849166083902,39.1226895120808],[-84.585005607399,39.1226525117346],[-84.5850906076129,39.1226015116361],[-84.5852466076493,39.1224665118647],[-84.5862106077222,39.1216065110531],[-84.5862216078732,39.1215765118755],[-84.5864836079623,39.1212755110981],[-84.5864916085434,39.1212455118275],[-84.5866506080677,39.1210705117996],[-84.590150609307,39.1220695104616],[-84.5941496103183,39.1255685115005],[-84.5959496115355,39.1261675111637],[-84.5965246115467,39.1262725119678],[-84.6008496132995,39.1270665111332],[-84.601015612561,39.1271245113843],[-84.6009096127983,39.1280995117003],[-84.6010456132301,39.1281615120967],[-84.6010846127979,39.1281735117564],[-84.60111861272,39.1281785116825],[-84.6013696134161,39.1281935115945],[-84.6016576133325,39.1282045116454],[-84.6028726134092,39.1282375115098],[-84.6030136136548,39.1282445117207],[-84.6031036133561,39.1282565116681],[-84.6031836130787,39.1282765113932],[-84.6033316139779,39.1283295115849],[-84.6034756138721,39.128373511538],[-84.6035856134803,39.128442512545],[-84.6037686137425,39.1285145117687],[-84.6038836139975,39.1285675119209],[-84.6039896136103,39.1286235118399],[-84.6040386135824,39.1286445115855],[-84.604142613655,39.1286755120192],[-84.6043206145975,39.1287135117569],[-84.6046196140301,39.1287505118178],[-84.6053656140969,39.1288185110812],[-84.6053886139269,39.128816511983],[-84.60538861463,39.1287525122459],[-84.6053886142583,39.1286625118513],[-84.6054536145913,39.1281115118264],[-84.6054736150136,39.1280545121755],[-84.6055186133372,39.1279745123823],[-84.6055816145434,39.1279015110706],[-84.6056606136197,39.1278375116249],[-84.6057666147902,39.1278145121971],[-84.6058766138973,39.127800511802],[-84.6060236144745,39.1277965119467],[-84.6064656151327,39.1278265117512],[-84.6076766154451,39.127882511552],[-84.6093556162256,39.1279315120732],[-84.6099756153212,39.1279315114974],[-84.6101616155554,39.1279295113282],[-84.6105563241708,39.1279265653293],[-84.6105543800265,39.1279656270283],[-84.6105522135881,39.1280091538756],[-84.6105486597642,39.1280463103283],[-84.6104822904437,39.1287402788019],[-84.6104708618399,39.1288597688423],[-84.6104261119674,39.1293276719073],[-84.6104262560767,39.129327732357],[-84.6107989641693,39.1294854137258],[-84.6114059298542,39.1297421974119],[-84.6114134760115,39.1297453902392],[-84.6114133313456,39.1297465056717],[-84.6114133219194,39.1297465770265],[-84.6114114817128,39.1297608065978],[-84.6114113718779,39.129761656487],[-84.6114063963176,39.1298001129493],[-84.6113990509639,39.1299000434995],[-84.6113991737154,39.1299000475709],[-84.6118765527761,39.1299159082824],[-84.6120806699063,39.1299235974377],[-84.6125058984052,39.1299396137656],[-84.6128817730973,39.1299537700495],[-84.6137046869007,39.1299847585449],[-84.6140709965697,39.1299985510769],[-84.6147436259854,39.1300281642413],[-84.6147441484403,39.1300114158797],[-84.6147488315402,39.1298614342484],[-84.6147588814975,39.1298617852191],[-84.6147822025912,39.1298626167094],[-84.6149010166027,39.1298668527334],[-84.614901076721,39.1298660821387],[-84.6149011582343,39.1298650228171],[-84.6149164582884,39.1296671746335],[-84.6149164682358,39.1296670437996],[-84.6149164899827,39.12966676678],[-84.614922211772,39.1295938736502],[-84.6149132733045,39.1293360341889],[-84.6182736172972,39.1295755117016],[-84.6180778263514,39.1317905703482],[-84.6180702264785,39.1318618878119],[-84.6180614985818,39.1319439970603],[-84.6180542683863,39.1320128397853],[-84.6180522834145,39.1320317458838],[-84.6170696182708,39.1323115119743],[-84.6170925848762,39.1323239036744],[-84.6170834022277,39.1323262420163],[-84.6170666408439,39.1323305100622],[-84.6170657900831,39.1323307265345],[-84.6170670281946,39.1323313481743],[-84.6170673770613,39.1323315229141],[-84.6170713145335,39.1323334981916],[-84.6172672708867,39.1324317974907],[-84.6172937055595,39.1324450574949],[-84.6174714011117,39.1325341956158],[-84.6175083820472,39.1325527458243],[-84.6175913361309,39.1325943583969],[-84.6176261855554,39.132611815786],[-84.6190916178785,39.1334025115871],[-84.6190610172385,39.1338317113307],[-84.6190592055888,39.1338493744312],[-84.6190562145092,39.1338785375929],[-84.6190536363244,39.1339036655044],[-84.6190502789801,39.1339353402856],[-84.619049019735,39.133947224753],[-84.619044768763,39.1339873298927],[-84.6190446045888,39.1339888691874],[-84.6190420615775,39.1340128611298],[-84.6190417447162,39.1340158602166],[-84.6190409920957,39.1340229805714],[-84.6190351928309,39.1340778561242],[-84.6190326938194,39.1341015039609],[-84.6190321781082,39.1341063889802],[-84.6190315524293,39.1341123086152],[-84.6190309376135,39.1341181280349],[-84.6190287249134,39.1341390683828],[-84.6190272349819,39.1341531646437],[-84.6190240103229,39.1341836764426],[-84.6190218291333,39.134204318867],[-84.6190127754519,39.1342899869866],[-84.6190072517042,39.1343422588657],[-84.6189983168863,39.1344268048021],[-84.6189954694969,39.1344537505476],[-84.6189951183262,39.1344570701346],[-84.6189931818346,39.1344753905792],[-84.6189925058066,39.1344817895926],[-84.6189893612867,39.1345115448427],[-84.6189838573523,39.13456363074],[-84.6189784946226,39.1346143750925],[-84.6189756128853,39.1346416404369],[-84.6189738429172,39.1346583846001],[-84.6189693984842,39.1347004422443],[-84.6189637700934,39.1347536972764],[-84.6189576187303,39.1348119041367],[-84.618956550994,39.1348220055234],[-84.6189549387562,39.1348372654734],[-84.6189493654643,39.1348900076991],[-84.6189485109553,39.1348980859307],[-84.6189404789721,39.1349740886989],[-84.6189397460981,39.1349810203712],[-84.6189388359883,39.1349896339427],[-84.618934765139,39.1350281571368],[-84.6189328349462,39.1350464188953],[-84.6189324767715,39.1350498133972],[-84.6189314107707,39.1350598958295],[-84.6189232382578,39.1351372257095],[-84.6189166809625,39.1351992793661],[-84.6189147048143,39.1352179744687],[-84.6189130816134,39.1352333319312],[-84.6188973298713,39.1353823817029],[-84.618896326892,39.1353918682882],[-84.6188947874485,39.1354064348977],[-84.6188810738886,39.1355362009423],[-84.6188784539922,39.1355609854042],[-84.6188772090216,39.1355727695891],[-84.6188754498431,39.1355894126334],[-84.618871945165,39.1356225768299],[-84.6188606423774,39.1357295283241],[-84.6188593000347,39.1357422279547],[-84.6188543756153,39.1357888257501],[-84.6188523732429,39.1358079186931],[-84.6188522007263,39.1358095653648],[-84.618849094215,39.1358392036747],[-84.6188425317233,39.135901319588],[-84.6188414092387,39.1359119472858],[-84.618836316866,39.1359601520212],[-84.6188357362705,39.1359656491372],[-84.6188337873608,39.1359840977513],[-84.6188311382002,39.1360091791913],[-84.6188299128185,39.1360207692907],[-84.6188268981192,39.1360493084399],[-84.618826059142,39.1360572503266],[-84.618825980902,39.1360579942232],[-84.618825476775,39.1360627654959],[-84.6188245307502,39.1360717239233],[-84.6188213116321,39.1361021950591],[-84.6188118541696,39.1361917189104],[-84.6188078934266,39.1362292164858],[-84.6188080229953,39.1362295231784],[-84.618818733918,39.1362549244867],[-84.6188431174701,39.1363127462233],[-84.618923122343,39.1362938701623],[-84.6189805368231,39.136280324015],[-84.6190845974082,39.1362557189521],[-84.6193061041807,39.1362033444224],[-84.6193477974939,39.1361934860696],[-84.6194482483039,39.136169734189],[-84.6196088247147,39.1361317653625],[-84.6198620776119,39.136071882906],[-84.619888537943,39.1360664378417],[-84.6198891703763,39.1360663082386],[-84.6199536815236,39.1360530336958],[-84.6200227424257,39.1360345579355],[-84.620023335803,39.1360343993113],[-84.6200432889736,39.1360290605991],[-84.6201304281896,39.1360000884839],[-84.6202146398342,39.135966270826],[-84.6202694829888,39.1359383749501],[-84.6203312975704,39.1359069329438],[-84.6203660467325,39.1359324206555],[-84.6203506194873,39.1359565122345],[-84.6202886191254,39.1359715125467],[-84.6218428777421,39.136782603727],[-84.6218370264062,39.1368704237699],[-84.6218349345319,39.1369018222849],[-84.6218301086641,39.1369742813381],[-84.6218224495599,39.1370892669545],[-84.6218190956953,39.1371396151712],[-84.6218109552835,39.1372618099029],[-84.6218018229486,39.1373989072705],[-84.6217995797106,39.1374325756007],[-84.6217935760343,39.1375227123244],[-84.6217926905781,39.1375360046354],[-84.6217910181853,39.1375610998168],[-84.6217900396116,39.1375757922651],[-84.6217844904965,39.1376591006022],[-84.621783558172,39.1376731019978],[-84.6217805941969,39.1377175853327],[-84.6217744246283,39.13781020118],[-84.6217652922325,39.137947301239],[-84.6217561585632,39.1380843986148],[-84.6217388372065,39.138344434029],[-84.6217218464653,39.1385994796612],[-84.6216866931527,39.1385988858862],[-84.6216383626935,39.1385980692177],[-84.6215356798955,39.138596335177],[-84.6215122486049,39.1385959395131],[-84.6214411195507,39.1385917294289],[-84.6213363419352,39.1385855264836],[-84.6212283605865,39.1385791333745],[-84.6211626526203,39.1385752429156],[-84.6210719847686,39.1385699150862],[-84.6209713592952,39.1385640025712],[-84.6208962052651,39.1385595702477],[-84.6208313984285,39.1385557487157],[-84.6207204275013,39.1385492043876],[-84.6206468695681,39.1385448661492],[-84.6206358686915,39.1385442176926],[-84.6206355800723,39.1385442004459],[-84.6205446497622,39.1385388373604],[-84.620453223392,39.1385334454332],[-84.6203688686058,39.1385284701302],[-84.6203266651441,39.1385259811305],[-84.6201930909974,39.1385181034707],[-84.6201072514688,39.1385130406986],[-84.619992702577,39.1385062844876],[-84.6199914310619,39.1385062095253],[-84.6199795443834,39.1385054997148],[-84.6198398657767,39.1384971584104],[-84.6197220225381,39.1384901215749],[-84.6195530104123,39.138480028508],[-84.6193653506191,39.1384688227113],[-84.6193658084353,39.1384700388708],[-84.6193681279569,39.1384762083161],[-84.6193682789119,39.1384766101286],[-84.6193681827646,39.1384774507654],[-84.6193606237065,39.1385436928093],[-84.6193398526813,39.1387225564461],[-84.619333688091,39.1387756428688],[-84.6193282819712,39.1388223783289],[-84.6193281239537,39.1388237382014],[-84.6193280854293,39.1388240722948],[-84.6193128284295,39.1389547180595],[-84.6192960826552,39.1390981201914],[-84.6192821754758,39.1392172015031],[-84.6192689547888,39.1393235528199],[-84.6192472205357,39.1394955418831],[-84.6192377931628,39.1395716665549],[-84.6192161373898,39.1397465330303],[-84.6192146774344,39.1397588626755],[-84.6192030799382,39.1398568477751],[-84.6191998503741,39.1398841320818],[-84.6192000282982,39.1398841234231],[-84.6192233351032,39.1398829477004],[-84.6192411958903,39.1398820472326],[-84.619373067586,39.1398753970649],[-84.6196745934509,39.139860189952],[-84.6196823998074,39.1398597985303],[-84.6196948478789,39.1398595105581],[-84.6198631831412,39.139852224657],[-84.6198887690754,39.1398511179542],[-84.619956456989,39.1398481880298],[-84.6200317206042,39.139844930308],[-84.6200943586449,39.1398428657525],[-84.6200944580417,39.1398428621327],[-84.6200943171204,39.1398440595044],[-84.6200784572315,39.1399789991028],[-84.6200767744109,39.1399934106621],[-84.6200624877247,39.1401157157725],[-84.6200575694526,39.1401578199511],[-84.6200506915197,39.1402167051098],[-84.6200465182372,39.14025243514],[-84.6200373619878,39.1403303119777],[-84.6200304454135,39.1403891446782],[-84.6200254209833,39.1404321806802],[-84.6200010198484,39.1406400787142],[-84.6199935496618,39.1407037304456],[-84.6199823179428,39.1407994256775],[-84.6199824918679,39.1407994378149],[-84.6200049295507,39.1408009710769],[-84.6200606875706,39.1408047828786],[-84.6200607420584,39.1408047863874],[-84.6203109378354,39.1408218900745],[-84.6205249622766,39.1408365200828],[-84.6206097229019,39.1408423141628],[-84.6206191098125,39.1408429552077],[-84.6206448595601,39.140844735922],[-84.6207068999004,39.1408490262904],[-84.6207964465771,39.1408552174508],[-84.6212339478782,39.1408854682979],[-84.6217637866207,39.1409219640691],[-84.6218463349363,39.1409274436245],[-84.6218468775294,39.1409274796473],[-84.6218466195361,39.1409295126374],[-84.6219284589531,39.1409328957463],[-84.6219403183321,39.1409336833548],[-84.622068450293,39.140942188522],[-84.6224666547333,39.140968621742],[-84.6224667822664,39.1409686302197],[-84.6224666466488,39.1409698103777],[-84.6224608733959,39.1410201506315],[-84.6224608560999,39.1410203059292],[-84.6224608478127,39.141020376363],[-84.6224574688365,39.1410498386547],[-84.6224508744445,39.1411073591071],[-84.6224510460036,39.1411073694821],[-84.6226252690765,39.1411183307678],[-84.622721948664,39.1411244132803],[-84.6227994898909,39.141129291834],[-84.6228516686043,39.1411325740469],[-84.6228557507321,39.1411329570332],[-84.6229537320043,39.1411421412682],[-84.622990102328,39.1411414202872],[-84.6231484081839,39.1411521640753],[-84.6231489310928,39.1411521995516],[-84.623319449399,39.1411637709804],[-84.6233995136767,39.1411692039264],[-84.6234960397816,39.1411757544512],[-84.6236039052642,39.1411830739279],[-84.6236750754981,39.1411879037065],[-84.6236750717973,39.1411879344101],[-84.6236749306217,39.1411890831348],[-84.6236743023254,39.1411941774808],[-84.6236693359374,39.1412347347196],[-84.6236568548442,39.1413366732433],[-84.623653380053,39.141365054268],[-84.6236480395424,39.1414086639151],[-84.6236249815926,39.1415969836388],[-84.6236227484722,39.1416152185937],[-84.6236194248334,39.1416436247801],[-84.6236151934539,39.1416797876335],[-84.6236053011556,39.1417643154453],[-84.6235842335734,39.1419108177962],[-84.6235815218231,39.1419296796384],[-84.6235791235289,39.1419463542911],[-84.6235766306575,39.1419636902465],[-84.6235688555441,39.1420177957863],[-84.6235615634782,39.142068548672],[-84.6235262524893,39.1423116037527],[-84.6235124832254,39.1424063808467],[-84.6235000695623,39.1424918333476],[-84.6234978260714,39.1425072752252],[-84.6234300595614,39.1430193499714],[-84.6233690819524,39.1434931515506],[-84.6233569334417,39.1435875484138],[-84.6233277377447,39.1438159772234],[-84.6233030419816,39.1440092005944],[-84.6233032276432,39.1440092179183],[-84.6233284321564,39.1440115243471],[-84.6235622199003,39.1440329242129],[-84.6238199452978,39.1440565152784],[-84.623819804935,39.1440576910196],[-84.6238044554978,39.1441862261658],[-84.6238046318538,39.1441862418574],[-84.6239796601329,39.1442017241971],[-84.6243189721595,39.1442317388213],[-84.6243335414116,39.1442330397004],[-84.6243336596989,39.1442330483456],[-84.6243332815588,39.1442342050171],[-84.6242857570624,39.1443793252603],[-84.6242472435054,39.1444969316403],[-84.6242476428458,39.1444970126266],[-84.624298848289,39.1445073276596],[-84.6249787995998,39.1446443003839],[-84.624978651663,39.1446454546403],[-84.6249720066646,39.144697186012],[-84.6249601030385,39.1447898584701],[-84.624954859325,39.1448306803445],[-84.6249455962653,39.1449027964498],[-84.6249442513283,39.1449132742087],[-84.6249256998469,39.1450510418282],[-84.6249041241962,39.145211265029],[-84.6249000680836,39.1452413822555],[-84.6248990981648,39.1452473848215],[-84.6248982472086,39.1452526526516],[-84.6248970213941,39.145258994198],[-84.6248956538336,39.1452653167169],[-84.6248941445544,39.145271621109],[-84.6248924945768,39.1452779028503],[-84.6248918792042,39.1452800541279],[-84.6248907039007,39.1452841619406],[-84.624888773601,39.1452903956574],[-84.6248867036232,39.1452966021993],[-84.6248844950693,39.145302779744],[-84.6248821478576,39.14530892559],[-84.6248796631446,39.145315039716],[-84.6248770431343,39.1453211184773],[-84.6248760197359,39.1453233610308],[-84.6248742854593,39.1453271601154],[-84.6248719357994,39.1453320382253],[-84.6248713935891,39.1453331645665],[-84.6248683685712,39.1453391282072],[-84.6248652092219,39.1453450501583],[-84.6248619177725,39.1453509276755],[-84.6248584953523,39.1453567598373],[-84.6248549419068,39.1453625448423],[-84.624851260851,39.145368280826],[-84.6248474509468,39.1453739651078],[-84.6248435133505,39.1453795976666],[-84.62483975683,39.1453847511509],[-84.6248394514229,39.1453851748365],[-84.6248352651639,39.1453906966175],[-84.6248309545189,39.1453961612086],[-84.6248265228488,39.1454015649438],[-84.624821971337,39.1454069087026],[-84.624817299902,39.1454121897832],[-84.6248125108024,39.1454174063422],[-84.6248076062965,39.145422556536],[-84.6248025863846,39.1454276403646],[-84.6247979084786,39.1454322097317],[-84.6247974532706,39.1454326541835],[-84.6247922092674,39.1454375979501],[-84.6247882113471,39.1454412348805],[-84.6247868543209,39.1454424698634],[-84.6247813918458,39.1454472680587],[-84.6247758217879,39.1454519907349],[-84.6247701476165,39.1454566378283],[-84.6247643692501,39.1454612066373],[-84.6247584901309,39.1454656961976],[-84.6247525113883,39.1454701055877],[-84.624681742615,39.1455234634956],[-84.6246702355585,39.1455321397559],[-84.6246492612642,39.1455479537393],[-84.6246453225399,39.1455510228178],[-84.6246450714851,39.1455512157384],[-84.6246434809228,39.1455524577023],[-84.6245503022642,39.1456250581848],[-84.624549273498,39.1456258600509],[-84.6245482368269,39.1456266683691],[-84.6245481508651,39.1456267339191],[-84.624532663871,39.1456388016707],[-84.6245130945258,39.145654049252],[-84.6244729835338,39.1456853010834],[-84.6244235965919,39.1457237817105],[-84.6243046786118,39.1458132915095],[-84.6241288308754,39.1459456503088],[-84.6240437471832,39.1460096916355],[-84.6240411517283,39.1460116458106],[-84.6240403812336,39.1460122257868],[-84.6240403420893,39.146012194066],[-84.6238537348241,39.1458590700939],[-84.6238504956719,39.1458564172635],[-84.6238126849866,39.1458254370099],[-84.6238067630734,39.1458205842956],[-84.6237795677728,39.1457979443427],[-84.623727891875,39.1457549240887],[-84.6237053282955,39.1457361404795],[-84.623620218284,39.1456658936916],[-84.623583765527,39.145635807567],[-84.6235094906313,39.1455745052173],[-84.6235074660926,39.1455728348044],[-84.6235073830157,39.1455727660439],[-84.6234997737171,39.1455664854167],[-84.6232470464098,39.145621436814],[-84.6230896625736,39.1456556575079],[-84.623088550634,39.1456652389312],[-84.6230873411802,39.14567565291],[-84.6230862556801,39.1456849986745],[-84.6230718481256,39.1458091057754],[-84.6230627620093,39.1458873789369],[-84.6230554087195,39.1459392718079],[-84.6230513947988,39.1459675950865],[-84.6230410043199,39.146040918323],[-84.6230392261021,39.1460548378955],[-84.6230391719157,39.1460552659864],[-84.6230235190617,39.1461778388593],[-84.6230064572011,39.1463129567418],[-84.6230040740654,39.1463318287579],[-84.623001388153,39.1463537410605],[-84.6229974070932,39.1463862193844],[-84.6229849476009,39.1464878627096],[-84.6229818680488,39.1465129872602],[-84.6229808589401,39.1465212233301],[-84.6229483331289,39.1468172179042],[-84.622948325726,39.1468172793113],[-84.6229429131114,39.1468665379992],[-84.6229331778326,39.1469551283523],[-84.6229271124912,39.1470103243061],[-84.6228819253557,39.1474215365762],[-84.6228393044819,39.1478093789956],[-84.6228318138464,39.1478775437385],[-84.6227757334535,39.1483878700932],[-84.6227751360431,39.1483933017571],[-84.6227740006254,39.1484036413874],[-84.6227704838787,39.1484356381398],[-84.6227579732804,39.1485494843827],[-84.6227411097621,39.1487029331393],[-84.6227398326084,39.14871455756],[-84.6227381243016,39.1487301067452],[-84.6227369576267,39.1487407145591],[-84.6227174199334,39.148918504615],[-84.6227088224084,39.1489179826241],[-84.6227085963633,39.1489179696425],[-84.6227084537534,39.1489179605397],[-84.6227039730037,39.14891768936],[-84.6227026734313,39.1489176113334],[-84.6226977984736,39.1489173149327],[-84.6226959771728,39.1489172041082],[-84.6226958704706,39.1489171961501],[-84.6226915727288,39.14891693063],[-84.6226914417116,39.148916922216],[-84.6226913825641,39.1489169178926],[-84.6226913188719,39.1489169163555],[-84.622691218034,39.1489169109932],[-84.6226894235244,39.1489168059855],[-84.6226892763154,39.1489167978679],[-84.6226887326125,39.1489167654724],[-84.6226550822471,39.1489147252256],[-84.6226394766718,39.1489137791834],[-84.6226363975438,39.1489135931707],[-84.6226239209648,39.1489128367315],[-84.6226220973512,39.1489127259482],[-84.6225764051535,39.148909955519],[-84.6224317362426,39.1489011848062],[-84.6224218843645,39.1489005875409],[-84.6223946160815,39.1488989349813],[-84.622378661547,39.1488979673593],[-84.622343012539,39.1488958059233],[-84.6222295327846,39.1488889257213],[-84.6220313139667,39.1488769078254],[-84.6219816036247,39.1488738935324],[-84.621956100983,39.1488723473181],[-84.6219469307988,39.1488717915998],[-84.6218582755693,39.1488664165006],[-84.6217939149747,39.148862514184],[-84.6216818659148,39.1488557198978],[-84.6215009164532,39.148844748377],[-84.6213410491723,39.1488350541976],[-84.6213263919502,39.1488341654156],[-84.6211475966149,39.1488233242325],[-84.6210272632377,39.1488160276098],[-84.6209773373463,39.148812999711],[-84.6208901510979,39.148807712337],[-84.6206960471586,39.1487959421766],[-84.6205553597795,39.1487874098731],[-84.6204921282438,39.1487833366126],[-84.620450435735,39.1487806507845],[-84.6203444554545,39.1487738235152],[-84.6199696033644,39.148749673728],[-84.6199204232107,39.1487465055935],[-84.6198534953054,39.1487420742736],[-84.6198024259808,39.1487386928404],[-84.619770345885,39.1487365680865],[-84.6197276528591,39.1487337417066],[-84.619703520047,39.1487321438249],[-84.6195372062704,39.148721554944],[-84.6195043483727,39.1487194623564],[-84.6194750341874,39.1487180735772],[-84.619437368115,39.1487145208586],[-84.6193637804207,39.148710082145],[-84.6192939882792,39.1487058722563],[-84.6192642070626,39.1487040765761],[-84.619198371998,39.148699350084],[-84.6191432776033,39.1486960311174],[-84.6191333772067,39.1486954344605],[-84.6191208637759,39.1486946810226],[-84.6191071423388,39.1486938541503],[-84.6190709178048,39.1486916715951],[-84.6190078919277,39.1486875811549],[-84.6188600806241,39.1486779876116],[-84.6187979146687,39.1486743228578],[-84.6187529531365,39.1486716718319],[-84.6186877859002,39.1486678302938],[-84.6186666944968,39.1486665865989],[-84.6186576145617,39.1486658748928],[-84.6186519134917,39.1486654276247],[-84.6186295824975,39.1486636767563],[-84.6185815462469,39.1486599095806],[-84.6185098082096,39.1486554437382],[-84.6156346194775,39.1484525155111],[-84.6155046186785,39.1484195150318],[-84.615429618089,39.1484285153423],[-84.6142236179966,39.1483445149988],[-84.6141446186101,39.1483155153471],[-84.613554617937,39.1482835153503],[-84.6135256177964,39.1482825149085],[-84.613464618455,39.1489345151574],[-84.6134156181668,39.1496865149021],[-84.6129708067101,39.1496669118414],[-84.6128977145673,39.1496623050034],[-84.6128619018308,39.1496600481236],[-84.6126683490151,39.1496535445254],[-84.612657412801,39.1496531770334],[-84.6125219888544,39.1496459843496],[-84.6125168217908,39.1496457099628],[-84.6124935294304,39.1496444728049],[-84.6124860500549,39.1496440756538],[-84.6124497380296,39.1496421467152],[-84.6124316428595,39.1496411851879],[-84.6124204695901,39.149640592225],[-84.6123521294094,39.1496369617068],[-84.6123308607578,39.1496358318157],[-84.6123126448345,39.1496349337411],[-84.6122930532473,39.1496339670161],[-84.6122722633579,39.1496329419246],[-84.6122407267749,39.1496313863598],[-84.6122310544142,39.149630909303],[-84.6121937058312,39.1496290667464],[-84.612192582435,39.1496289980073],[-84.6121887647546,39.149628764801],[-84.61218509544,39.1496285397043],[-84.612184012632,39.14962847383],[-84.6121592074868,39.1496269560045],[-84.6121292061986,39.149625120148],[-84.61208926371,39.1496233725648],[-84.6120731446435,39.149622666925],[-84.6120554682493,39.1496214310003],[-84.6120418911842,39.149620481722],[-84.6119774640406,39.1496170599317],[-84.6119744122417,39.1496168974663],[-84.611953294917,39.1496158737767],[-84.6119467543993,39.1496155270685],[-84.6118959799497,39.1496128368931],[-84.6118870912146,39.1496123662585],[-84.6118807836552,39.1496120315224],[-84.6118717152731,39.1496115515442],[-84.6118659826176,39.149611247784],[-84.611792480387,39.1496073532423],[-84.6117773895594,39.1496065531456],[-84.6117610754043,39.1496060942989],[-84.6117333550013,39.1496042204024],[-84.611725409719,39.1496037992502],[-84.6117018532285,39.1496025514265],[-84.6116900772831,39.1496019270204],[-84.6116743026471,39.1496010916087],[-84.6116681388292,39.1496007650556],[-84.6116478438832,39.1495996893901],[-84.6116390246809,39.1495992219756],[-84.6116014842754,39.1495972331482],[-84.6115847742452,39.1495967319287],[-84.6115758055636,39.1495958725722],[-84.6115142392386,39.1495926101718],[-84.6114843056704,39.1495910243084],[-84.6114255257276,39.1495879102506],[-84.6114141506909,39.1495873028443],[-84.6114112692621,39.1495871489754],[-84.6113383375957,39.1495832545693],[-84.6112961118004,39.1495809995529],[-84.611249624156,39.1495785175696],[-84.6112452939043,39.1495782864572],[-84.6112369150427,39.1495778389267],[-84.6111624395172,39.1495738616929],[-84.6110737249445,39.1495691245797],[-84.6110591962817,39.1495688169396],[-84.6110153799943,39.1495661979223],[-84.6109858437428,39.1495644316955],[-84.6109282395751,39.14956135635],[-84.6108985282031,39.1495597698948],[-84.6108828334165,39.149558933823],[-84.610809943905,39.149555053636],[-84.6107954773619,39.1495548106085],[-84.6107226299508,39.1495504051901],[-84.6107061504445,39.1495500654407],[-84.6106340232304,39.1495459433013],[-84.6106251241728,39.149545744875],[-84.610624655194,39.14954573449],[-84.6106227701224,39.1495456192305],[-84.6105611310511,39.1495418575679],[-84.6105537623707,39.1495414078189],[-84.6105467257191,39.1495410322189],[-84.6105318318071,39.1495402373868],[-84.6105201554558,39.1495396146537],[-84.6104580797644,39.1495363032989],[-84.610396044667,39.1495329947763],[-84.6103708988623,39.1495316521672],[-84.6102821810617,39.1495269190145],[-84.6102655740956,39.1495260336849],[-84.6102621896662,39.1495258538014],[-84.610195002523,39.149522268609],[-84.6101835406026,39.1495216572574],[-84.610106282433,39.1495175353638],[-84.6100861925181,39.149516464705],[-84.610059443756,39.1495150367672],[-84.6100544273361,39.1495147685401],[-84.6100191073873,39.149512884763],[-84.6099303873209,39.1495081513832],[-84.6099148293569,39.1495073235036],[-84.6098432111419,39.1495035006712],[-84.6098325745162,39.1495029346376],[-84.6098160173751,39.1495020510404],[-84.6097544934124,39.1494987671148],[-84.6097390362633,39.1494979436846],[-84.6096673126034,39.1494941154542],[-84.6096163569849,39.1494913969445],[-84.6095785948975,39.1494893817631],[-84.6095608818753,39.1494889660801],[-84.6094913934128,39.1494850042656],[-84.6094400167029,39.1494822509906],[-84.6094027411684,39.1494802530306],[-84.6093859949767,39.1494793547906],[-84.6093552067351,39.1494777046359],[-84.6093147264002,39.1494755351835],[-84.6092275496809,39.1494708632959],[-84.6092164551123,39.1494702685936],[-84.6092127287166,39.1494700687699],[-84.6092101069093,39.1494699281446],[-84.6091388383519,39.1494661084294],[-84.6091286084499,39.1494655601623],[-84.6090893358681,39.1494634551625],[-84.6090493782971,39.1494613139526],[-84.609045679714,39.1494611154198],[-84.6090360919308,39.149460601418],[-84.608913737644,39.1494540435202],[-84.6088802743083,39.1494522499728],[-84.6088736525639,39.1494518946577],[-84.6088584468162,39.1494510800536],[-84.6087621324644,39.1494462388236],[-84.608732565398,39.1494447528112],[-84.6087079632478,39.1494430143065],[-84.6087044454697,39.1494428250892],[-84.6086471367236,39.149439753153],[-84.6085508231947,39.1494345909598],[-84.6085422032338,39.1494341286977],[-84.6085357217618,39.149433781625],[-84.6084764646514,39.1494306053739],[-84.6084425295881,39.1494287860391],[-84.6084252131735,39.1494278574829],[-84.6084214694067,39.1494276570487],[-84.6084171820477,39.1494274277542],[-84.6084098660377,39.1494270354797],[-84.6084037113947,39.1494267049827],[-84.60839958515,39.1494264844714],[-84.6083970989616,39.1494263512732],[-84.6083791068101,39.1494253863412],[-84.6083738214847,39.1494251031083],[-84.6083726682138,39.149425041183],[-84.6083713295137,39.1494249700147],[-84.6083704509438,39.1494249229172],[-84.6083409307641,39.1494233404416],[-84.6083408774087,39.1494238378893],[-84.6083408600525,39.1494239922841],[-84.6083404261172,39.1494280440785],[-84.6083399785607,39.1494322204652],[-84.6083393067286,39.1494384877574],[-84.6083390552645,39.1494408296487],[-84.60833608399,39.1494685467548],[-84.6083320130408,39.1495065161586],[-84.6083286166434,39.149506515745],[-84.6083185706767,39.1496319044523],[-84.6083130141565,39.1496837355593],[-84.6083116097106,39.1496968289969],[-84.6083097262181,39.1497143994425],[-84.6083051083839,39.1497574787202],[-84.6083040558,39.1497672949551],[-84.6083018503409,39.1497878663385],[-84.6083008827333,39.149796889007],[-84.6083002941524,39.1498023825867],[-84.6082999495951,39.1498055947808],[-84.6082994521157,39.1498102289062],[-84.6082987442497,39.1498168383502],[-84.6082987378552,39.1498168952325],[-84.6082983101205,39.1498208838404],[-84.6082979583631,39.1498241646451],[-84.6082976808911,39.1498267584015],[-84.6082973299661,39.1498300283784],[-84.6082963868596,39.1498388262403],[-84.6082940259223,39.1498608502368],[-84.6082904376844,39.1498943119268],[-84.6082894322741,39.1499036948005],[-84.6082848133665,39.1499467776999],[-84.6082840275581,39.1499541066962],[-84.6082698705949,39.1500861559012],[-84.6082679011631,39.1501045271373],[-84.6082665783755,39.1501168712189],[-84.6082613028804,39.1501660751599],[-84.6082556890219,39.1502184281082],[-84.6082549603532,39.1502252316551],[-84.6082525937737,39.1502472999033],[-84.6082525911953,39.1502473296848],[-84.6082492372204,39.15027861018],[-84.6082461671671,39.1503072418378],[-84.6082433539816,39.1503334801466],[-84.608240751778,39.150357762949],[-84.6082324125226,39.1504355398614],[-84.608229014335,39.1504672374432],[-84.6082268496158,39.1504874323452],[-84.6082266154199,39.1504896171395],[-84.6082206281451,39.1505454567202],[-84.6082172218602,39.1505772319385],[-84.6082119807934,39.150626119881],[-84.6082088393792,39.1506554214113],[-84.6082088294655,39.1506555153006],[-84.6082055522364,39.1506860762619],[-84.6082052176381,39.1506891963674],[-84.6081971624483,39.1507643316419],[-84.6081864215774,39.150864518024],[-84.6081847930427,39.1508797104684],[-84.6081827285919,39.1508989664553],[-84.6081690493988,39.1510265467546],[-84.6081659721879,39.1510552506208],[-84.6081646592783,39.1510675008109],[-84.6081480549168,39.1512223747685],[-84.6081449710992,39.15125792041],[-84.6081412036652,39.1513013482325],[-84.6081292705011,39.1514389200301],[-84.6081288715754,39.1514435226272],[-84.6081140004173,39.1516149452405],[-84.6081141383504,39.1516149526443],[-84.6081421050794,39.1516163742177],[-84.6081420388132,39.1516175603005],[-84.6081406377451,39.1516426150809],[-84.6081368649607,39.1517100982726],[-84.6081344668861,39.1517529984109],[-84.608129519997,39.151841490154],[-84.6081253044197,39.1519168989013],[-84.608122034794,39.1520271303636],[-84.608121367475,39.1520496407588],[-84.608115724039,39.1522398554364],[-84.6081149350682,39.1522664515913],[-84.6081093106733,39.1523676622212],[-84.6081094110336,39.1523676901311],[-84.6081835700615,39.1523881111422],[-84.6081835167962,39.1523891519198],[-84.6081835019904,39.1523892756326],[-84.6081357327215,39.1526907868373],[-84.6081097963597,39.1526882786202],[-84.6080896816923,39.1526859483853],[-84.6080873577477,39.1526938144336],[-84.6080726168581,39.1526945158356],[-84.6078969764469,39.1533394449927],[-84.6078882508224,39.1533629524613],[-84.607880314413,39.1533843362297],[-84.6078775592934,39.1533917568836],[-84.6078779488993,39.1533918209839],[-84.6078780093683,39.1533918306973],[-84.607882508907,39.1533925670528],[-84.6078806168517,39.1533995160873],[-84.6079186162073,39.1534055164826],[-84.6079024303961,39.1534702635611],[-84.6079000235905,39.1534781851733],[-84.6078819237034,39.1535377634935],[-84.6078778179398,39.1535512781568],[-84.6078728579381,39.1535676042995],[-84.6078680570046,39.1535834076458],[-84.6078645274763,39.1535950286439],[-84.6078594463642,39.1536117543494],[-84.6078545737675,39.153627792369],[-84.6077752430087,39.1538889596064],[-84.6077711383336,39.1539024733439],[-84.6077657580705,39.1539201848216],[-84.6077620883387,39.1539322642942],[-84.6077403672017,39.1540037716023],[-84.6077261592661,39.1540505464422],[-84.6077086373588,39.1541078354713],[-84.6075775778913,39.1540852099949],[-84.6075703363782,39.1540839603098],[-84.6075614650623,39.1540824284847],[-84.6075597643258,39.1540821350198],[-84.6075596555911,39.1540825226445],[-84.6075596172328,39.1540825170343],[-84.6075551045352,39.1540986737429],[-84.6075328580551,39.1541776413162],[-84.6075300162058,39.1541877297359],[-84.6075247006018,39.1542065969701],[-84.6075008077216,39.1542914089182],[-84.607499948969,39.1542944565509],[-84.6074930163778,39.154319066714],[-84.6074782692752,39.154371411681],[-84.6074775788943,39.1543738606609],[-84.6074720667369,39.1543934297759],[-84.6074640902183,39.154421744194],[-84.6074632795385,39.1544246197535],[-84.6074587589302,39.1544406684751],[-84.6074585423723,39.1544414355981],[-84.6074419293284,39.1544388406677],[-84.6074280266156,39.154436669526],[-84.6074194363732,39.1544353272072],[-84.60720194376,39.1544013547242],[-84.6066477800084,39.1543147911642],[-84.6066320902356,39.1543123406324],[-84.6065140390115,39.1542938999636],[-84.6062999819328,39.1542604616875],[-84.6061242064709,39.1542330035637],[-84.6061197997561,39.1542323150109],[-84.6061197462211,39.1542325367398],[-84.6061196171586,39.1542325165579],[-84.6061078980645,39.1542820941825],[-84.6061078291495,39.1542823819671],[-84.6060817377475,39.1543915185446],[-84.606063925873,39.1544660216625],[-84.6060449651984,39.1545453283996],[-84.6060275100585,39.1546183374014],[-84.6060273671453,39.1546189364902],[-84.6060273301196,39.1546190912417],[-84.6060093449828,39.1546163561352],[-84.6058057260177,39.1545853944539],[-84.6055914626309,39.1545528128005],[-84.6055907185956,39.1545527001645],[-84.6054021332656,39.1545240228622],[-84.6053921594885,39.1545225054823],[-84.6053854839697,39.1545214904687],[-84.60537500333,39.1545198966909],[-84.6051616739087,39.154487456778],[-84.6050789810078,39.154474881879],[-84.6050788635924,39.1544748641875],[-84.6046896159451,39.15441551657],[-84.6046895764144,39.1544156650592],[-84.6046891997447,39.1544156079218],[-84.6046891132071,39.1544159257599],[-84.6046814870442,39.1544441128666],[-84.6046600714043,39.1545232656784],[-84.604638286814,39.1546037803557],[-84.6046252444015,39.1546519852048],[-84.604617383663,39.1546810361618],[-84.6045948810943,39.1547642057282],[-84.6045907454335,39.1547794895581],[-84.6045731744893,39.1548461318144],[-84.6045520087929,39.1549264126779],[-84.604530827316,39.1550067478852],[-84.6045188569198,39.1550521481259],[-84.6045110894079,39.1550816100604],[-84.6045003110568,39.1551224897376],[-84.6045002840034,39.1551225911458],[-84.6044961258203,39.1551383610439],[-84.6044948641526,39.1551431468747],[-84.6044886154351,39.1551665162972],[-84.604468832055,39.1551633261204],[-84.6044575500336,39.1551612530289],[-84.6044506371412,39.1551595394524],[-84.6044059441268,39.1551468763093],[-84.6044001466282,39.155145000122],[-84.6043975125731,39.1551441477797],[-84.6043910428974,39.1551415827765],[-84.604341616327,39.1551195174929],[-84.6042916156165,39.1550885170169],[-84.6042329940514,39.1550346223865],[-84.6042301122392,39.1550314083881],[-84.6042261544361,39.1550270056118],[-84.6040681095762,39.1548511878527],[-84.6039646530099,39.1547360957066],[-84.6039603427677,39.1547383598529],[-84.6038626161061,39.1547805170202],[-84.6038486158788,39.1548275173299],[-84.6035816157362,39.1550055172506],[-84.6035039867403,39.1551706005932],[-84.603434624293,39.1551606579312],[-84.6034272403219,39.1551595988898],[-84.6034226714021,39.1551589438119],[-84.6034153595219,39.1551578960768],[-84.6033913282568,39.1551544511873],[-84.6033559263441,39.1551493735121],[-84.6033514132148,39.15514872643],[-84.6033487977116,39.1551735166073],[-84.6033156158124,39.1551735165941],[-84.603254615783,39.1560585170707],[-84.6033430039003,39.1560898804278],[-84.6033416881286,39.1561033037541],[-84.603340817139,39.1561121759371],[-84.6033380496089,39.1561403955477],[-84.6033349556936,39.1561719405329],[-84.6033324684614,39.1561973059504],[-84.6033324002006,39.1561980027963],[-84.603328225029,39.1561974360824],[-84.603323690799,39.1561968209175],[-84.6033232666277,39.1562020222422],[-84.603323086411,39.1562042375798],[-84.6033181028338,39.1562654162109],[-84.6033146689461,39.1563075681711],[-84.6033135888777,39.1563208241319],[-84.6033123378387,39.1563361790276],[-84.6033043664521,39.1564340357783],[-84.6033017068626,39.1564666757638],[-84.6033012981728,39.1564716984003],[-84.6033006625431,39.1564795021778],[-84.6033001334203,39.1564859921],[-84.6032976568685,39.1565163950714],[-84.6032957761058,39.156539480652],[-84.6032950584822,39.1565482572444],[-84.6032951908297,39.1565482710627],[-84.6033028620313,39.1565490617996],[-84.6032833237839,39.1567488114181],[-84.6032833174925,39.1567488719023],[-84.6032777117875,39.1568034949862],[-84.6032730235874,39.1568491756636],[-84.6032717768281,39.1568613479848],[-84.603258998376,39.1569860268576],[-84.6032451669067,39.1571210003569],[-84.6032397018695,39.1571743314873],[-84.6032378913998,39.1571919932936],[-84.6032312815308,39.157256494733],[-84.6032311427166,39.1572578506221],[-84.6032171183371,39.1573946963809],[-84.6032030928272,39.1575315448588],[-84.6031916707522,39.1576430032896],[-84.6031890685002,39.1576683960137],[-84.6031889913891,39.1576691452806],[-84.603175043903,39.1578052399605],[-84.603161019386,39.1579420884065],[-84.6031497717544,39.158051838883],[-84.6031469947335,39.1580789341472],[-84.6031329690045,39.158215784408],[-84.6031189432477,39.1583526355657],[-84.6031173333485,39.1583693827718],[-84.6031117195853,39.1584277678472],[-84.6031080858092,39.1584655677564],[-84.6031070926788,39.1584758910316],[-84.6030967205032,39.1585837685605],[-84.6030962758009,39.1585884007938],[-84.6030947320315,39.1586044574995],[-84.6030752993466,39.158806574856],[-84.6030736336633,39.1588238952362],[-84.6030628146612,39.1589364149394],[-84.60305068403,39.1590625786377],[-84.6030403894653,39.1591696519124],[-84.6030403795975,39.1591697476023],[-84.6030400911009,39.1591727542183],[-84.6030377596294,39.1591949000589],[-84.6030374080127,39.1591982339984],[-84.6030232988084,39.1593318834187],[-84.6030147806147,39.1594126112274],[-84.6030088597668,39.1594687068935],[-84.6030032304614,39.1595220526858],[-84.6029993294843,39.1595590104477],[-84.6029970713627,39.1595803980774],[-84.6029918367625,39.1596299937655],[-84.6029862743824,39.1596826760732],[-84.6029826153121,39.1597125174914],[-84.6028486155063,39.1607855178479],[-84.6027958649446,39.1614786324728],[-84.6027919578018,39.1615137666115],[-84.6027632187586,39.1617721994302],[-84.6027488012516,39.1619018456006],[-84.6027457740657,39.1619290616097],[-84.6027397317611,39.1619833942935],[-84.6027275249583,39.1620931602489],[-84.6027241878641,39.162123171513],[-84.6027112887547,39.1622391618253],[-84.6027060417297,39.1622863438037],[-84.6027030318824,39.1623134054168],[-84.6027025448025,39.1623177834184],[-84.6027017749886,39.1623247038908],[-84.6027012496155,39.1623294267862],[-84.6026984406153,39.1623546907756],[-84.6026963037321,39.162373908276],[-84.6026952157134,39.1623836944365],[-84.602694950243,39.1623860789113],[-84.6020516151765,39.1623365184913],[-84.6015886153745,39.1623175190572],[-84.6015912108808,39.1623205581014],[-84.6014502842587,39.1623116803411],[-84.601445396571,39.1623113724503],[-84.6014463436333,39.1623126212574],[-84.6014792378704,39.1623559979937],[-84.6015394923069,39.1624354550449],[-84.6015614448008,39.1624644042736],[-84.6015649679263,39.1624695899181],[-84.6016007924521,39.1625223195316],[-84.6016021205808,39.1625242741586],[-84.6016149966312,39.1625423833956],[-84.6016377704919,39.1625744137174],[-84.6016388909796,39.1625759269905],[-84.6016389260075,39.1625759759132],[-84.6016643797002,39.1626103418308],[-84.6016745400223,39.1626240617286],[-84.6016863188238,39.1626393435401],[-84.6017004035515,39.16265761738],[-84.6017124159642,39.1626732022118],[-84.6017208714764,39.162683749786],[-84.601751388634,39.1627218209247],[-84.6017630720945,39.1627386353328],[-84.6018847458876,39.1629137360179],[-84.6018846376119,39.1629147210208],[-84.6018778049211,39.1629771719675],[-84.6018710884008,39.16303855397],[-84.6018657443886,39.16308739017],[-84.6018657254822,39.1630875707218],[-84.6018657091036,39.1630877196911],[-84.601863250218,39.1631101885714],[-84.6018471039873,39.1632577570637],[-84.6018470702617,39.1632580613272],[-84.6015593448423,39.1632440915712],[-84.6012326150855,39.1632165192237],[-84.6012294372828,39.1632280723357],[-84.6010733414573,39.1632204925194],[-84.6009552643919,39.1632147592781],[-84.5996907828985,39.1631533485511],[-84.5996862241478,39.1631531274373],[-84.5996634836989,39.1633661965445],[-84.599650614853,39.1633655185806],[-84.5974506142736,39.1632665185364],[-84.5974296183219,39.1634878135993],[-84.597202613054,39.1634717130563],[-84.5971997342364,39.1634715092201],[-84.5971952591531,39.1635122605789],[-84.5971912811861,39.1635484932215],[-84.5971630732436,39.1638053873354],[-84.5971592172038,39.1638405094859],[-84.5971544652599,39.1638855602238],[-84.5971043781111,39.1643604611183],[-84.5971034373187,39.1643690020077],[-84.5971017913423,39.1643839332388],[-84.5970763428423,39.1646148237255],[-84.5970705690041,39.1646672139158],[-84.59706621224,39.1647067377024],[-84.5970604653031,39.1647625126275],[-84.5970335005384,39.1650242128748],[-84.5969992502136,39.1653566209125],[-84.5944316144168,39.1652555189007],[-84.5923763797034,39.1651762647881],[-84.5924225691282,39.1647429794741],[-84.5924385300048,39.1645932535219],[-84.5924386530946,39.1645921006691],[-84.5924396973253,39.1645823109183],[-84.5924398230275,39.164581129185],[-84.5923572659345,39.1645761897569],[-84.5921496128242,39.1645637641025],[-84.5921496136511,39.1644675191869],[-84.5867476115127,39.1641705194671],[-84.5866476108886,39.164770519454],[-84.5833606110644,39.1646005202488],[-84.5830686102804,39.1645855190711],[-84.5828606106092,39.1668745202273],[-84.5827986096163,39.1675445202355],[-84.5827906112141,39.1676255196441],[-84.5827845888855,39.1676876238859],[-84.5827722489588,39.1677977300789],[-84.5827623172438,39.1678862987017],[-84.582739033427,39.1680939435199],[-84.5827296499512,39.1681776186513],[-84.5827044369736,39.1684024692228],[-84.5827012379287,39.1684420066552],[-84.5826700196466,39.1688278998647],[-84.5826651874473,39.1688876355072],[-84.5826408668664,39.1691699960312],[-84.582634610427,39.1692345210442],[-84.5825966104752,39.1697205207953],[-84.5825740817428,39.1700069623436],[-84.5825685739607,39.1700764827843],[-84.5795176093233,39.1668695199714],[-84.5784276092238,39.1656575199959],[-84.5767096088902,39.1638295196903],[-84.5753266083986,39.1624345203119],[-84.5735566069306,39.1606775195894],[-84.5731786076596,39.1602745186891],[-84.5728316066259,39.1599395198872],[-84.5724476071194,39.1595795188275],[-84.5721246064535,39.1593235192607],[-84.5717776076099,39.1590685188364],[-84.5714296056689,39.158867519262],[-84.571003606518,39.1586595193942],[-84.5705226060125,39.1584465189759],[-84.5699066055791,39.158251518885],[-84.5693466054933,39.158105519384],[-84.568883605802,39.1580265196627],[-84.5682736057954,39.1579595189809],[-84.5677256050892,39.1579475190458],[-84.5674246057829,39.1579565187868]]]},"properties":{"OBJECTID":4,"SNA_NAME":"Westwood","SNA_NUMBER":49,"ACRES":3732.29364765,"SQMI":79.733,"app_id":"CIN-SNA-004","canonical_slug":"westwood","display_name":"Westwood"}},{"type":"Feature","id":5,"geometry":{"type":"Polygon","coordinates":[[[-84.4934455794504,39.1077795126066],[-84.493729580029,39.1074375133376],[-84.4942315794071,39.1068955130082],[-84.4943345804831,39.1067915126548],[-84.4943745799177,39.1067425121269],[-84.4945085799914,39.1066045121778],[-84.4946355796908,39.1064995128022],[-84.4948895794479,39.1063245130599],[-84.495670579288,39.1057875121202],[-84.4966105797769,39.1051505120182],[-84.4968205804907,39.1048095129926],[-84.4974875803385,39.1043685119353],[-84.4978195805768,39.1041495116452],[-84.497925580422,39.1040885126823],[-84.4981455801836,39.1039745118729],[-84.4983795806551,39.1038685126698],[-84.4986785804995,39.1037365126758],[-84.4989555813962,39.1035915120494],[-84.4989905808256,39.1036185121272],[-84.499164580512,39.1037485117523],[-84.499230581107,39.1037335125213],[-84.4995075809956,39.1036835121847],[-84.4996705804886,39.1036635113511],[-84.4997535817374,39.103652511825],[-84.500044580827,39.1035995123485],[-84.5001485820969,39.103579512812],[-84.5002295805054,39.1035655119528],[-84.5003585813004,39.103542512746],[-84.500522580644,39.1035125118606],[-84.500626580718,39.1034945121921],[-84.5013035815614,39.1033745114686],[-84.5026355815756,39.1041515117402],[-84.5026595817861,39.104162512067],[-84.5036885821374,39.1047565122542],[-84.5039795822783,39.1049245125053],[-84.5041395829704,39.1050165118323],[-84.5042605828976,39.1050815122567],[-84.5042915826893,39.1050975126291],[-84.5043855822517,39.105151512562],[-84.504558581761,39.1052535122456],[-84.5053465831358,39.1057185121448],[-84.5051485826587,39.105886512284],[-84.5040655827471,39.1072045129523],[-84.5037025817664,39.1077085127027],[-84.5033375823237,39.1082435122748],[-84.5032095824943,39.1084395126932],[-84.5030175823681,39.1088135125733],[-84.5026905824142,39.1094445134715],[-84.5023525814609,39.1100705134795],[-84.501967581771,39.1107875135231],[-84.5017325824701,39.1112455141072],[-84.5016605825394,39.1113485134624],[-84.5015645820996,39.1114635127106],[-84.5013505820886,39.1116825136061],[-84.501172581842,39.1118415138491],[-84.5010055819313,39.1119905134802],[-84.5009375820201,39.1120485135732],[-84.5006645821776,39.1122875137489],[-84.5004525818813,39.1125075136357],[-84.5004035814985,39.1125425137899],[-84.5002745812306,39.1127075145453],[-84.5001445824387,39.1129035132789],[-84.500072581437,39.1130295138905],[-84.4999275815365,39.1129685137399],[-84.4998995815798,39.1129505141828],[-84.4998505822548,39.112907513102],[-84.4998125818978,39.1128575140425],[-84.4997885814181,39.1128035143045],[-84.4997775821972,39.1127465141485],[-84.4997815813065,39.1126895137736],[-84.4997995812771,39.1126335134102],[-84.4998725820176,39.112167513128],[-84.4998925816453,39.1120775140351],[-84.4997805811929,39.1119595138476],[-84.4997535814054,39.1119165133348],[-84.4997375819145,39.1118705135945],[-84.4997315813067,39.11182351417],[-84.4997385815517,39.1117715140605],[-84.4988665814589,39.1117635133713],[-84.4988735812097,39.1117395136322],[-84.4988675806999,39.1117215137082],[-84.4990375809612,39.1102555132991],[-84.4981445803587,39.110187513609],[-84.4981445809527,39.1100215129908],[-84.4972555807384,39.1099635128141],[-84.4971725807163,39.1106055134674],[-84.4971615804663,39.1106265131478],[-84.4971425811024,39.1106375141386],[-84.4971195813021,39.1106395134378],[-84.4950345806693,39.1105065134249],[-84.4935735794941,39.1104005139518],[-84.4933335795324,39.1104515137947],[-84.493272579169,39.1104465135649],[-84.4932095789695,39.1103635134999],[-84.493106580279,39.1100425134308],[-84.4930545797126,39.1099865134432],[-84.4930045794229,39.1099515134684],[-84.4929455791723,39.1099265137565],[-84.4929435796056,39.1098725136563],[-84.4929505800649,39.1097665128762],[-84.4929745795374,39.1096615136163],[-84.4930875803166,39.1094005136467],[-84.4935345793215,39.1085505136675],[-84.4935705793264,39.1084155135889],[-84.4935995787133,39.1082505135486],[-84.4936115799428,39.1080855140021],[-84.4934945791581,39.1079685139625],[-84.4934455794504,39.1077795126066]]]},"properties":{"OBJECTID":5,"SNA_NAME":"Mt. Adams","SNA_NUMBER":25,"ACRES":151.91910734,"SQMI":79.733,"app_id":"CIN-SNA-005","canonical_slug":"mt-adams","display_name":"Mt. Adams"}},{"type":"Feature","id":6,"geometry":{"type":"Polygon","coordinates":[[[-84.5483115976278,39.1376225158539],[-84.548792597998,39.1378165166848],[-84.5498335987246,39.1386135166667],[-84.5498825984942,39.1386465156837],[-84.5510255998169,39.1394275158216],[-84.5512365992195,39.1396305163523],[-84.5513065993417,39.1397795165026],[-84.5515505997138,39.1403815158406],[-84.5515875997751,39.1405195160821],[-84.551643598723,39.1406535173848],[-84.5517195992187,39.1407815169968],[-84.5518135992047,39.1409015166752],[-84.5519005997333,39.1409915167331],[-84.5520245989994,39.141093516909],[-84.5521825988666,39.1412015160983],[-84.5524815997428,39.1413575165705],[-84.5538136005595,39.14208751721],[-84.5549246008617,39.1424285170855],[-84.5561646009795,39.1425535162508],[-84.5572796012987,39.1427055169409],[-84.5583326009867,39.1431405170599],[-84.5598646010411,39.1440315165839],[-84.5601786017576,39.1442265164147],[-84.5615216026868,39.14505951757],[-84.5616476022901,39.1451185170504],[-84.5617836020711,39.14516051709],[-84.5619256033334,39.1451865168353],[-84.5619986028349,39.1451935171245],[-84.5624236024311,39.1451935174606],[-84.5627296018681,39.1451935169231],[-84.5628946027371,39.145281516692],[-84.5631046023963,39.1455555169142],[-84.5632156031467,39.1459915173304],[-84.5623536030787,39.1483135182376],[-84.5622666023591,39.1485635178025],[-84.5618406032495,39.1497045170658],[-84.5616386030279,39.1503625179005],[-84.561879602794,39.1514645179759],[-84.5613386031092,39.1525335177091],[-84.5611426035791,39.1524785182963],[-84.5610576023054,39.1524815186362],[-84.5609746026605,39.152498517887],[-84.5608986024006,39.152528518979],[-84.5607906024749,39.1525985181155],[-84.5607166028642,39.1526315182197],[-84.560638602641,39.1526555186342],[-84.5604946023368,39.1526695180821],[-84.5603856028255,39.1526655189286],[-84.5602786027045,39.1526485182288],[-84.5601756025685,39.1526205185891],[-84.5600546025289,39.1525485184597],[-84.559832602176,39.1524315189258],[-84.5597296018189,39.1523985181489],[-84.5594826029558,39.1523355187341],[-84.5592296019996,39.1522885187767],[-84.5589846021613,39.1522245187051],[-84.558767602679,39.1521885180514],[-84.5585836016656,39.1521715187851],[-84.5585126019271,39.1521775187227],[-84.5583026017509,39.1522075181996],[-84.5581316013842,39.152244518109],[-84.5579646025489,39.1522915185255],[-84.5576696020923,39.152396518441],[-84.5575736021855,39.1524395182803],[-84.5574566025321,39.152508518827],[-84.5573276016005,39.1526105181866],[-84.557209601892,39.1527185186397],[-84.5570836020478,39.1528585188218],[-84.5569936025175,39.1529815183125],[-84.5567366016715,39.1534005185253],[-84.5566956013099,39.1534495187552],[-84.5566376018999,39.1534875187831],[-84.556569601846,39.1535125185039],[-84.5564946009941,39.1535215192112],[-84.5564196010189,39.1535155185096],[-84.5560526010691,39.1534185191826],[-84.5559786014352,39.1534135186311],[-84.5559056005541,39.1534195190895],[-84.5558366020397,39.1534385189642],[-84.5557736011782,39.1534675184796],[-84.5557196010411,39.153506518467],[-84.5556776017401,39.1535535186139],[-84.5552576017425,39.1541805193245],[-84.5551906009218,39.154252519235],[-84.5551426016452,39.1543035197881],[-84.5550956010497,39.1543395193028],[-84.5550376010249,39.1543655185205],[-84.5545476008413,39.1543335188944],[-84.554467600512,39.1543185194769],[-84.5544086014787,39.1543245195786],[-84.5543546012791,39.1543445187733],[-84.5543336010345,39.154354519288],[-84.554316601737,39.154369519042],[-84.5543036010985,39.1543895189783],[-84.5542976010599,39.1544105193815],[-84.5542986013036,39.1544315192082],[-84.5543066007055,39.1544525193793],[-84.5542806014124,39.1546575185773],[-84.5538306009281,39.154622518624],[-84.5533416008469,39.1546035188259],[-84.5530166006089,39.1545155198463],[-84.5528476001582,39.1544345192208],[-84.5526586006762,39.1542435190391],[-84.5523456006216,39.1526045193827],[-84.5522756011058,39.152549519342],[-84.5521206001783,39.1524665192476],[-84.5520075997801,39.1524175186831],[-84.5518246000428,39.1523785183569],[-84.5515846002374,39.1523405190691],[-84.5512745999105,39.1523075185811],[-84.5510205998106,39.1522855185973],[-84.5509316000478,39.1522685189007],[-84.5510536000271,39.1512575192291],[-84.551175599923,39.149990519034],[-84.5512265995991,39.1493315189194],[-84.5512385999595,39.1490875180898],[-84.5512455998341,39.1489675178539],[-84.55125860054,39.1487585180402],[-84.5513055994642,39.1483445178288],[-84.5513895997894,39.1468485179809],[-84.5514445990235,39.1463185173254],[-84.5515326001065,39.1451425173996],[-84.5513485996896,39.144645517321],[-84.5507335999595,39.1432755170795],[-84.5505615981289,39.1428635172321],[-84.5499355986023,39.1413655164124],[-84.5496485984512,39.140678516296],[-84.5492105981856,39.1396305169],[-84.5484975972683,39.1378255168687],[-84.548467597953,39.1377775162958],[-84.5483975979305,39.1376955164337],[-84.5483115976278,39.1376225158539]]]},"properties":{"OBJECTID":6,"SNA_NAME":"Millvale","SNA_NUMBER":24,"ACRES":283.93800357,"SQMI":79.733,"app_id":"CIN-SNA-006","canonical_slug":"millvale","display_name":"Millvale"}},{"type":"Feature","id":7,"geometry":{"type":"Polygon","coordinates":[[[-84.5618306024853,39.1418435166673],[-84.561040601607,39.1421555170183],[-84.5599636011553,39.1402945161544],[-84.5578156008109,39.1375565156734],[-84.5558585998831,39.1374205152539],[-84.555411600068,39.1373855160559],[-84.5533645996674,39.1372445152328],[-84.550129599434,39.1370285154453],[-84.5495895984638,39.1369935157821],[-84.5495555988479,39.1372725161907],[-84.5495425984607,39.1374395160187],[-84.5494905978394,39.1377435167026],[-84.5495425983935,39.1378035163966],[-84.549710598901,39.1381775169239],[-84.5498825984942,39.1386465156837],[-84.5498335987246,39.1386135166667],[-84.548792597998,39.1378165166848],[-84.5483115976278,39.1376225158539],[-84.5480125975389,39.1376065168771],[-84.547653598294,39.1375835162569],[-84.5475515980885,39.1375765156385],[-84.5473455975653,39.1375635162672],[-84.5472335976124,39.1375565162678],[-84.547155597276,39.1373945161986],[-84.5471035975908,39.1373085160896],[-84.5466435972432,39.1365525161894],[-84.546112597786,39.1357265157094],[-84.5455825976951,39.1349275155539],[-84.545076596657,39.1341305153303],[-84.5446425961221,39.1333845157424],[-84.5442015970872,39.1325045154101],[-84.5439055960645,39.1315445157239],[-84.5437185956349,39.1308215156319],[-84.5435115962726,39.1299285145556],[-84.5434275955808,39.1292855148332],[-84.5434045951962,39.1290265150303],[-84.5433275960323,39.1285655143932],[-84.5432375953674,39.1280295145695],[-84.5431965955198,39.1275195143968],[-84.5431475961088,39.1268055148855],[-84.5430875963394,39.126202514923],[-84.5430735947441,39.1260575139528],[-84.5430205949707,39.1256215136573],[-84.5430055951592,39.1250645138947],[-84.5429495957237,39.1245305139599],[-84.5432625962797,39.1245075138638],[-84.5433595963124,39.124500513879],[-84.5437795957064,39.1244705135377],[-84.5437985953862,39.1246375143157],[-84.5438275961923,39.1247455137369],[-84.543872594908,39.1248505144285],[-84.5439515952371,39.124973514687],[-84.5440315952004,39.1250645141116],[-84.5441255958832,39.1251475140616],[-84.5442315957654,39.1252205143646],[-84.5443485953667,39.1252835145954],[-84.5444425959235,39.1253235141817],[-84.5451285961893,39.1255755147161],[-84.5452485965785,39.1256375141257],[-84.5453565963357,39.1257115143329],[-84.5454275969401,39.1257755135215],[-84.5454785966001,39.1258315148336],[-84.545541596458,39.1259195136723],[-84.5455935959684,39.1260245145368],[-84.545624597081,39.1261345136911],[-84.5456355964341,39.1262465138357],[-84.5456335965948,39.1263025142612],[-84.5456095962787,39.1264175144314],[-84.5455665971668,39.12652951425],[-84.5455385965678,39.1265835145998],[-84.5452855958223,39.1270015148834],[-84.54493459613,39.1276035148695],[-84.5442845961465,39.1286075149444],[-84.5452725972645,39.1286695150338],[-84.5457085957771,39.1287075144206],[-84.5466665969941,39.1287745147801],[-84.5479485971669,39.1288465146816],[-84.5481015970838,39.1288375140599],[-84.5487845980926,39.1288625144155],[-84.549546596762,39.1288705143322],[-84.5501515975051,39.1289205145767],[-84.5508005974626,39.1289655145805],[-84.5509355984399,39.1289865142157],[-84.5511375980593,39.1290345143828],[-84.551334598759,39.1290945143749],[-84.5515555980798,39.1291705142913],[-84.5517215985315,39.1292135146108],[-84.5519335987682,39.1292465143395],[-84.5520695979607,39.1292545146606],[-84.5522095991124,39.1292465136364],[-84.5525055982689,39.1292215147947],[-84.5527295988124,39.1292155145413],[-84.5532475990304,39.1292385143448],[-84.5533205991084,39.129223514658],[-84.5533735984333,39.1292005148142],[-84.5533645986204,39.1292395143525],[-84.5533705985689,39.1292785148842],[-84.5537645988724,39.129986514978],[-84.55377759892,39.1300405144739],[-84.5543226001162,39.1300915147773],[-84.5554886002172,39.1301615149381],[-84.5566135995233,39.1302405141087],[-84.5585346009141,39.1303605144177],[-84.5605926009292,39.130501514383],[-84.561500601708,39.1305635141111],[-84.5615506018046,39.1305575141872],[-84.5619556018814,39.131075514581],[-84.5620096006461,39.131124513941],[-84.5620736017838,39.1311645141713],[-84.5621216013534,39.1311855140906],[-84.5626796019615,39.1314825143367],[-84.5636686014859,39.1320605138841],[-84.5644246031441,39.1324825150213],[-84.5658266032972,39.133254515029],[-84.5666436030909,39.1334805147175],[-84.567216602823,39.1335635140506],[-84.5682686031016,39.1336975140916],[-84.5693286038548,39.1337665148582],[-84.5698576037887,39.1338235149527],[-84.5698356035405,39.1340395150764],[-84.5698086034591,39.1343085144634],[-84.569732603981,39.1350915150304],[-84.5698306044371,39.1354825152848],[-84.5697876045158,39.1357635147204],[-84.5696096051273,39.1375585149177],[-84.5695276044664,39.1381715156713],[-84.5711496046314,39.1382665149147],[-84.5706496043623,39.1425665154523],[-84.5674976036407,39.1424735163477],[-84.5674346036321,39.1424235166481],[-84.5673206034885,39.1423325153994],[-84.56730860393,39.1423115171036],[-84.5672576033869,39.1422575162748],[-84.5671896036947,39.1422165159743],[-84.5670756047016,39.1421825160174],[-84.5668056032262,39.1421145167228],[-84.5665636038187,39.1420675164646],[-84.5663436040794,39.1420355169551],[-84.5661426028163,39.1420145162258],[-84.5641236024633,39.1419085162244],[-84.5639806021289,39.1418975168178],[-84.5634236026347,39.1418565166965],[-84.5628116018987,39.1418045168512],[-84.5622996027,39.1417765163712],[-84.561898602063,39.141786515943],[-84.5618306024853,39.1418435166673]]]},"properties":{"OBJECTID":7,"SNA_NAME":"North Fairmount","SNA_NUMBER":31,"ACRES":543.78966364,"SQMI":79.733,"app_id":"CIN-SNA-007","canonical_slug":"north-fairmount","display_name":"North Fairmount"}},{"type":"Feature","id":8,"geometry":{"type":"Polygon","coordinates":[[[-84.680718021659,39.1070974593071],[-84.6808376342167,39.1071035043319],[-84.6808856349604,39.107112503667],[-84.6809946345707,39.1071365038393],[-84.681145635053,39.1071855046226],[-84.6826126358868,39.1076315043903],[-84.6827366352469,39.107671504541],[-84.6828356360286,39.1076885044257],[-84.6829366365155,39.1076935048595],[-84.683183635584,39.1076935046154],[-84.6832416357936,39.1076815043924],[-84.6832996355469,39.1076905044727],[-84.6833536361218,39.1077175039507],[-84.6830546347463,39.1070525047798],[-84.6831506359229,39.1069955037975],[-84.6835056349595,39.10665350436],[-84.6840706350876,39.1060865042847],[-84.6846446362199,39.1054865037721],[-84.6850666361942,39.1050425044505],[-84.6859816356281,39.1055375036423],[-84.6861546369763,39.1056385035145],[-84.6862876363312,39.1057325032906],[-84.686435636465,39.1058555037521],[-84.6865036368587,39.1059205042514],[-84.6867816365927,39.1057465029423],[-84.6866886361537,39.1055215036653],[-84.6868486364986,39.1054655038646],[-84.6870866369341,39.1053815031961],[-84.6872366367774,39.1054645033285],[-84.6882596370168,39.1064705032865],[-84.6906856383005,39.1084955042487],[-84.6937616386011,39.111988504077],[-84.6951516393005,39.113566505213],[-84.6953206402898,39.1137735049456],[-84.6967866395931,39.1130695044786],[-84.6973836400213,39.1127845048827],[-84.6979126406126,39.1133835050462],[-84.6988686412342,39.1147665048998],[-84.6996696421505,39.1157825050102],[-84.7006296411842,39.1169005054037],[-84.7017262504915,39.1182173839118],[-84.7017262794203,39.1182174212073],[-84.7019632539978,39.118529323551],[-84.7021383252041,39.1187122326822],[-84.7027106423529,39.1193995053063],[-84.7029866423898,39.119730505591],[-84.7030606428275,39.1198195054198],[-84.7036206422348,39.1204515054565],[-84.7045476421642,39.1214975059615],[-84.7048006433339,39.1218325060984],[-84.7049726431017,39.1220135052788],[-84.7051976430907,39.1223165058622],[-84.7052746436166,39.1224025052743],[-84.7078216435025,39.12504650672],[-84.7098956455069,39.1277455065433],[-84.7102226444843,39.1281895068667],[-84.7106596459936,39.1287945073539],[-84.7111806449215,39.1295095074312],[-84.7118716461266,39.1301625068648],[-84.7119396451654,39.1302265065392],[-84.7120946458823,39.1303435068439],[-84.7121646464245,39.1303955073318],[-84.7115656462347,39.1307555073289],[-84.7115176459119,39.130784507823],[-84.7107086449396,39.1309575071534],[-84.7100696452814,39.1311605073998],[-84.7099522241531,39.1311976969939],[-84.7097691645417,39.1312332345424],[-84.7095582140693,39.131275713695],[-84.7093095637206,39.1313257835063],[-84.7090541133634,39.1314251503577],[-84.7086596450257,39.1315005073175],[-84.7084310755795,39.1316674988506],[-84.7084050123331,39.1316776368944],[-84.7082275699194,39.1317466578708],[-84.7082126277724,39.1317524697075],[-84.7081448465972,39.1318467580215],[-84.7080996401912,39.1319096427646],[-84.7080026449883,39.1319805072205],[-84.7077376447096,39.1321735078147],[-84.7073418784247,39.13246283212],[-84.7072038785842,39.1324304757327],[-84.7072051666005,39.1324319605047],[-84.7072746192375,39.1325120013188],[-84.7067746440082,39.1328775076471],[-84.7063956451568,39.1327605075038],[-84.7056966439422,39.1327515079025],[-84.7052416442921,39.1325725083449],[-84.7044916438952,39.132376508005],[-84.7042402383135,39.1322972873635],[-84.7042207111566,39.1319948001173],[-84.7042206368936,39.1319936490578],[-84.704631173309,39.131548723268],[-84.7048176136505,39.1312808672961],[-84.7048694639376,39.131128679235],[-84.704908169477,39.1309872422849],[-84.7049139694442,39.1309163040362],[-84.7049140162335,39.1309157300639],[-84.7049127850001,39.1309067562729],[-84.7049111671943,39.1309012454494],[-84.7049089127881,39.1308958728853],[-84.7049060405089,39.1308906823771],[-84.7049025748088,39.1308857158099],[-84.7048985424805,39.1308810159256],[-84.7048939782973,39.1308766217099],[-84.7048889203882,39.1308725684803],[-84.7048834091384,39.1308688897094],[-84.704877491842,39.1308656178371],[-84.7048712167234,39.1308627780772],[-84.7048646365756,39.1308603937544],[-84.7048578041349,39.1308584863923],[-84.7048507788774,39.1308570710789],[-84.7048436155131,39.1308561584875],[-84.7048363768174,39.1308557582368],[-84.7048291206582,39.1308558710281],[-84.7048219084005,39.1308564983976],[-84.7048147988428,39.1308576338203],[-84.7048078518547,39.1308592680478],[-84.7048011236964,39.1308613873951],[-84.704794670515,39.1308639745748],[-84.7047885471884,39.1308670087195],[-84.7047828038001,39.1308704636468],[-84.7047774868804,39.1308743105382],[-84.7047726417468,39.1308785187966],[-84.704632726173,39.1309955783966],[-84.7044469360048,39.1311364146288],[-84.704441031206,39.1311397041074],[-84.7044350520658,39.1311429102987],[-84.7044289997407,39.1311460331806],[-84.7044228764867,39.1311490709081],[-84.704416684588,39.1311520225367],[-84.7044104251725,39.1311548871439],[-84.7044041017091,39.1311576646636],[-84.7043977141413,39.1311603532948],[-84.7043912670657,39.131162952049],[-84.7043847604544,39.1311654600256],[-84.7043781977759,39.1311678771587],[-84.7043715801583,39.1311702025257],[-84.7043649098858,39.1311724351822],[-84.7043581892427,39.1311745741835],[-84.7043514216979,39.1311766194637],[-84.7043446072229,39.1311785701223],[-84.7043377492302,39.1311804242923],[-84.7043308489325,39.1311821837526],[-84.7043239097137,39.1311838457358],[-84.7043169339147,39.1311854110983],[-84.7043099226353,39.1311868780171],[-84.7043028794006,39.1311882482274],[-84.7042958052822,39.1311895190054],[-84.7042887026209,39.1311906912079],[-84.7042815748572,39.1311917638682],[-84.7042744231474,39.1311927369644],[-84.7042672509319,39.1311936095299],[-84.7042600582391,39.1311943824653],[-84.70425285085,39.1311950556607],[-84.7042456275523,39.131195627337],[-84.7042383929988,39.1311960983067],[-84.7042311483179,39.1311964676474],[-84.7042238970064,39.1311967361936],[-84.7042166402207,39.1311969039233],[-84.7042093814011,39.13119696987],[-84.7042021217323,39.1311969349122],[-84.7041948634984,39.1311967981056],[-84.7041876102248,39.1311965611851],[-84.7041803630112,39.1311962223277],[-84.7041731253546,39.131195782368],[-84.7041658995676,39.131195241262],[-84.70415868565,39.1311945990098],[-84.7041514894398,39.1311938573024],[-84.7041425174879,39.1311927880307],[-84.7039025260014,39.1311617679223],[-84.7034450591431,39.1311187929161],[-84.7033859064747,39.1311821436024],[-84.7033403615409,39.1311688850344],[-84.7031645697515,39.1311177088283],[-84.7029969290853,39.1310689058542],[-84.7029406133874,39.1310525106579],[-84.7028351762238,39.131023130086],[-84.7027706428399,39.1303285079214],[-84.7026266431329,39.1300305069773],[-84.7024650382304,39.1299286487948],[-84.7024913099895,39.1299059192463],[-84.7024924780452,39.1299049085754],[-84.7023750406883,39.1298872623295],[-84.7022665536856,39.1298709606171],[-84.7019413452271,39.1298605519893],[-84.7015264307667,39.1299376184168],[-84.7013591365854,39.129904114875],[-84.7012333267962,39.1298450339034],[-84.7012320194153,39.1298430727687],[-84.7012141939911,39.1297602225166],[-84.7011986336918,39.1296879006227],[-84.7012099255497,39.1295351013647],[-84.7012385889113,39.1292044934634],[-84.7013560323453,39.1290718301898],[-84.7014373926891,39.1290231111598],[-84.7022016428719,39.1288165075596],[-84.7022406430831,39.1288065071644],[-84.7022454322187,39.1288019513602],[-84.7023021325524,39.1287912776481],[-84.7024567453696,39.1287377338774],[-84.7025270645187,39.1286401172149],[-84.702527466984,39.1286395590121],[-84.7024436680848,39.1285187848011],[-84.7022796492245,39.1284332222232],[-84.7021707447986,39.1284023003853],[-84.7016199818903,39.128137663866],[-84.7013662316601,39.1279646631153],[-84.701194370685,39.1280177616893],[-84.7010256425093,39.1280485070907],[-84.7008143112608,39.12813518425],[-84.7006977766863,39.1281711888728],[-84.7000736685846,39.128308770463],[-84.6999327467599,39.1283125445071],[-84.6998039623678,39.1282678203198],[-84.699661568809,39.128177909609],[-84.6995700004476,39.1280542253293],[-84.6995376146173,39.128036760796],[-84.6993468359449,39.127933877856],[-84.6992577133459,39.1279078582426],[-84.6991311495695,39.1279006235299],[-84.699007903466,39.1278627496756],[-84.6989366414566,39.1278205077816],[-84.6988807220957,39.1277033912901],[-84.6988596409679,39.1275908662228],[-84.6988594660589,39.1275899342287],[-84.6989502202507,39.1274187308764],[-84.6989569585042,39.1273991083578],[-84.6989605832791,39.1273874653256],[-84.698963945123,39.1273757750193],[-84.698967045305,39.1273640410191],[-84.6989698816254,39.1273522669712],[-84.6989724530127,39.127340455599],[-84.6989747607359,39.1273286104828],[-84.6989768014953,39.1273167370916],[-84.6989785764757,39.127304836304],[-84.698980084718,39.1272929144458],[-84.6989813251225,39.12728097334],[-84.6989822978302,39.1272690174892],[-84.6989830029257,39.1272570495952],[-84.6989834394219,39.127245075083],[-84.6989836085315,39.1272330957318],[-84.6989835080548,39.1272211151876],[-84.6989831765747,39.1272103302426],[-84.6989831713367,39.1272101627426],[-84.6989831393172,39.1272091388317],[-84.6989825024032,39.1271971693657],[-84.6989815973977,39.1271852094912],[-84.6989804244695,39.1271732646115],[-84.698878250417,39.1268489222542],[-84.6986626220162,39.12663104276],[-84.6983902903743,39.126467135788],[-84.6978523895269,39.1262537747051],[-84.697772641346,39.1262145070962],[-84.6973226419043,39.1259895064784],[-84.6968794210877,39.1257188148169],[-84.6968353647396,39.1256908029594],[-84.6966941177813,39.1256315277704],[-84.6965280692164,39.1255537936302],[-84.6964927728263,39.1255209354725],[-84.6964254984365,39.1254583090902],[-84.6962765829579,39.1253032642106],[-84.6962559087737,39.1252990262591],[-84.6959086487498,39.1252278416526],[-84.6957052437909,39.1251570459133],[-84.695688337472,39.1251432121629],[-84.6956926400138,39.1251105073803],[-84.6957466405498,39.1249995068643],[-84.6957866415564,39.1248355074266],[-84.6958176406208,39.1247325071169],[-84.6958166404212,39.1246795070443],[-84.6957966405231,39.1246415075247],[-84.6957766406186,39.1246035071008],[-84.6957596406646,39.1245345070605],[-84.6957416409834,39.1244935069169],[-84.6957016410838,39.1244445066449],[-84.6956476403286,39.1243945064857],[-84.6955666403391,39.1243815066257],[-84.695525640643,39.1243725066576],[-84.6953596410288,39.1243135068583],[-84.6952466404434,39.1242915074892],[-84.6951206409607,39.1242595063215],[-84.6950126399093,39.1242555064447],[-84.6949816408322,39.1242555069135],[-84.6949406407797,39.1242145061163],[-84.6949316396536,39.1241595067089],[-84.6949276409053,39.1241425062411],[-84.6949946400146,39.1240795068525],[-84.6951166406517,39.1240125066294],[-84.6952016409341,39.123926506952],[-84.6952516400806,39.1238775067406],[-84.6953006404744,39.1238505061497],[-84.6953506404404,39.1238185072855],[-84.6953726408811,39.123796507211],[-84.6953996402371,39.1237465062734],[-84.6953776412167,39.1236745065957],[-84.6952736403535,39.1235845068777],[-84.6951296398543,39.123562507075],[-84.6950126395891,39.1235755060598],[-84.6948866401717,39.1236075068281],[-84.6947766396178,39.1236205063744],[-84.6946256406817,39.123593505973],[-84.6945586407552,39.1235625063591],[-84.6945176406963,39.1235045067203],[-84.6945046397345,39.1234505066157],[-84.6945176399534,39.1233605066008],[-84.694531640278,39.1232885063608],[-84.694526639898,39.12322950701],[-84.6944776408031,39.1231715065353],[-84.6943966404201,39.123108506374],[-84.6943206398108,39.1230855064486],[-84.6941896399749,39.1230495063206],[-84.6940906409828,39.1230725069868],[-84.6939606401221,39.1230545064032],[-84.6938116395928,39.122959506584],[-84.6937126394142,39.1228925062062],[-84.6936276395331,39.1228385063304],[-84.6935376394744,39.1228295067859],[-84.6934836398538,39.1228475067417],[-84.6934066397784,39.1228655067366],[-84.6933998091723,39.1228641789731],[-84.6933884637754,39.1228441637449],[-84.6932908489644,39.1228370300616],[-84.6932136401244,39.1228115058612],[-84.6931596408337,39.1228274413058],[-84.6931449438824,39.1228263669041],[-84.6927781277244,39.1228921464322],[-84.6926516397144,39.122866507138],[-84.692470639874,39.1228155065549],[-84.6924166395638,39.1227395063574],[-84.6924126395079,39.1226765061941],[-84.6924526403077,39.1225685068214],[-84.6924666397677,39.1225055067705],[-84.6924346401631,39.1224155067613],[-84.6923716395809,39.1223345064585],[-84.6923046392272,39.1222895065577],[-84.6922236391642,39.1222715061808],[-84.6921826395292,39.1223475066324],[-84.6921466395767,39.1224015065815],[-84.6920750171968,39.1224670336586],[-84.6920720389033,39.1224328312938],[-84.6920384585565,39.1223672143103],[-84.692035859171,39.1223668399698],[-84.691869742885,39.1223429269937],[-84.6915704788978,39.122392984632],[-84.6912545311145,39.1225173555043],[-84.6911426978964,39.1225900812661],[-84.6910936394312,39.1224965071946],[-84.69106663979,39.1223795072643],[-84.6909726386336,39.1222755067766],[-84.6908956387843,39.1222175070475],[-84.6908556391074,39.1221815067172],[-84.6907786391002,39.1221135068411],[-84.6907618188757,39.1221021586275],[-84.6907863452237,39.1218710976749],[-84.6907923120786,39.1218148869661],[-84.6908118218615,39.1216310747242],[-84.6908177672419,39.1215750671587],[-84.6908775366671,39.1210119578986],[-84.6909708961219,39.1201323659113],[-84.6909710329635,39.1201310774971],[-84.6908836914878,39.1201798527868],[-84.6908757134123,39.1201843080148],[-84.6908596207468,39.1201932922344],[-84.6908405525964,39.1202039366035],[-84.690835746601,39.120206618931],[-84.6908303528516,39.1202096313477],[-84.6908176096894,39.1202167455986],[-84.6907977866926,39.1202278151174],[-84.6907456316971,39.12025693691],[-84.6907033557732,39.1202805421123],[-84.6903830366711,39.1204593991231],[-84.6903658262856,39.1204690090138],[-84.6901285447934,39.1206014983159],[-84.6900121153859,39.1206670544745],[-84.6899323208965,39.1207119821122],[-84.6898871641496,39.1207374084381],[-84.689232590706,39.1211059595456],[-84.6892309136082,39.1211068949978],[-84.6889617688928,39.1212569039766],[-84.6888561280364,39.1213157836842],[-84.6880985060373,39.1217312520624],[-84.6877276464373,39.1219346221858],[-84.6874212522248,39.1221026392115],[-84.6874026288693,39.1221128519973],[-84.687278339865,39.1221810072526],[-84.6872725457711,39.122179042338],[-84.6873486379573,39.1219635068396],[-84.6874436379723,39.1216995063305],[-84.6877413662312,39.120880139962],[-84.6877932437736,39.1208732055178],[-84.6877939372374,39.1208731122322],[-84.6877945339552,39.1208730324867],[-84.6878374308041,39.1208672992747],[-84.687849815558,39.1208656435958],[-84.6879133574368,39.1207818448359],[-84.6879851263064,39.1206885385235],[-84.6880633566297,39.1205868311477],[-84.6880696381618,39.1205786642034],[-84.6880797430777,39.1205655259603],[-84.6880910532286,39.1205508232319],[-84.6881335530441,39.1204955683116],[-84.6881789433261,39.1203262131281],[-84.6881790148848,39.1203259477637],[-84.6881742876873,39.1202855132127],[-84.6881603291868,39.1201660993943],[-84.6881469287927,39.1200514606174],[-84.6881468656823,39.120050919365],[-84.6881364646015,39.120009737722],[-84.6879779797737,39.1193822198989],[-84.687961489239,39.1193169252439],[-84.6879396337141,39.119236568671],[-84.6879310771392,39.1192051053668],[-84.6879147609268,39.1191451138137],[-84.687883638269,39.1190155058081],[-84.6878620849152,39.1189514375593],[-84.6878580228505,39.1189365015221],[-84.6878538172337,39.118921041069],[-84.6878243237626,39.1188125999559],[-84.6878214947734,39.1188022000521],[-84.687787028917,39.1186754727794],[-84.6877849679637,39.1186678976466],[-84.6877427909108,39.1185346047627],[-84.6877006139897,39.1184013109612],[-84.6876668730471,39.1182946764395],[-84.6876584372285,39.1182680171429],[-84.6876284473358,39.1181732356587],[-84.6876183848251,39.1181414322224],[-84.687269637022,39.1169495056525],[-84.6872675732997,39.1169435488846],[-84.6872603174381,39.1169211608886],[-84.6872523664978,39.116895465569],[-84.6872514985009,39.116892660702],[-84.6872417987196,39.1168641780401],[-84.6872321016067,39.1168357809289],[-84.6872224071624,39.1168074693681],[-84.6872122722587,39.1167791652183],[-84.6872088166746,39.1167695142016],[-84.6872021373912,39.1167508619681],[-84.6871920238726,39.1167232449292],[-84.6871839751422,39.1167022514301],[-84.6871816382195,39.1166955059746],[-84.6871785611368,39.1166881320253],[-84.6871709201756,39.1166681994983],[-84.6871603689035,39.1166406763201],[-84.6871493825506,39.1166133334564],[-84.6871471513832,39.1166079799591],[-84.6871379530798,39.1165859124518],[-84.687126528967,39.1165586634493],[-84.6871146644255,39.1165314227577],[-84.6871027998932,39.1165041820648],[-84.6870909380305,39.116477026922],[-84.6870855208046,39.1164651088871],[-84.6870739158965,39.1164372893105],[-84.6870685409921,39.1164228637004],[-84.6870575706995,39.1163960350364],[-84.6870490114859,39.11637759308],[-84.6870456381113,39.1163695056654],[-84.687042655281,39.116364678159],[-84.6870312578121,39.1163434910416],[-84.6870163556284,39.1163177664976],[-84.6870001481374,39.1162925810953],[-84.6869830731438,39.116267841872],[-84.686964252437,39.1162436510015],[-84.6869445668615,39.1162199909597],[-84.686935450109,39.11620976736],[-84.6865957674087,39.115794125868],[-84.6865845115038,39.1157803121944],[-84.686583712703,39.1157794712499],[-84.6865066268769,39.1156932074479],[-84.6865009404133,39.1156862782833],[-84.686496714713,39.115681057018],[-84.6864106363858,39.1155615052046],[-84.6863506364972,39.1154575057848],[-84.6862923500148,39.1153285089796],[-84.6862899960796,39.115322402687],[-84.6862864595935,39.1153123008346],[-84.6860996362136,39.1147125059799],[-84.6858556374164,39.1140005050452],[-84.6857966003451,39.1138154305926],[-84.6857611335631,39.1137038262827],[-84.6857298410779,39.1136053565152],[-84.6857070777687,39.113500487768],[-84.6857006369483,39.113470504514],[-84.685699949825,39.1134673754442],[-84.6856759286041,39.1133452875496],[-84.6856528665353,39.1132449802348],[-84.6856494802649,39.1132302521438],[-84.6856230984571,39.1131113625042],[-84.6856075800109,39.1130414258243],[-84.6855977440054,39.1129973174564],[-84.6855804054182,39.1129232972133],[-84.6855446372896,39.1127605051605],[-84.680831040999,39.1153074620097],[-84.6805882257265,39.1148882605678],[-84.6805512863731,39.1148244887016],[-84.6804931870268,39.1147241837826],[-84.6804318970574,39.1146183702672],[-84.6804060676389,39.1145737767065],[-84.680389593108,39.1145453344867],[-84.6803696491737,39.114510902362],[-84.6802938171513,39.1143799810921],[-84.6802416687446,39.1142899507087],[-84.6801990205595,39.1142163194267],[-84.6801042243809,39.1140526567809],[-84.6800094299109,39.1138889976355],[-84.6799539252637,39.1137931697215],[-84.6799505157704,39.113787282303],[-84.6799159792432,39.1137241606743],[-84.6798732917584,39.1136461418191],[-84.6798247362453,39.1135573952804],[-84.6798117520127,39.113533663894],[-84.6797693663446,39.1134561952854],[-84.6797335601671,39.1133906105403],[-84.6797322015019,39.1133881221159],[-84.6797321500214,39.1133880284721],[-84.6797320016664,39.1133877573378],[-84.679731864329,39.1133875058198],[-84.6796425759159,39.1132239554842],[-84.6795871976958,39.1131119076066],[-84.6794430363717,39.1128202183617],[-84.679421666202,39.1127769797392],[-84.6794061697956,39.1127456247643],[-84.6794061069079,39.1127454988964],[-84.6793691749595,39.1126707713574],[-84.6793142109406,39.1125595580692],[-84.6791816648611,39.1122913689048],[-84.6791464202487,39.1122200552548],[-84.6790964603866,39.1121183603647],[-84.6790059003811,39.1119352064251],[-84.6789718232766,39.1118662865366],[-84.6788697181911,39.1116597803462],[-84.6788467983376,39.1116134251356],[-84.6788370369441,39.1115936842542],[-84.6788370036418,39.1115936173003],[-84.6788045185787,39.1115279157833],[-84.678639711658,39.1111945933887],[-84.6786270407608,39.1111689646476],[-84.6784612730769,39.1108336948537],[-84.67845144155,39.1108138110901],[-84.6784509727097,39.1108128638706],[-84.6784509147001,39.1108127460202],[-84.678573306907,39.1107811180454],[-84.6785857137648,39.1107779121718],[-84.6787974549686,39.1107231929676],[-84.679021758721,39.1106652275776],[-84.6791050540005,39.1106437017064],[-84.6791056058918,39.1106435588712],[-84.6791053549523,39.1106431121549],[-84.6790454708385,39.1105365380676],[-84.6790326107201,39.110513650372],[-84.6790322227591,39.1105129620426],[-84.6789759278206,39.1104127747822],[-84.6788846015742,39.110250241703],[-84.6787424359037,39.1099972294469],[-84.6787237360426,39.1099639486665],[-84.6787172289835,39.1099523679362],[-84.6786941899191,39.1099113654847],[-84.6786933796089,39.1099099236924],[-84.6787516346662,39.1098865044425],[-84.6792124844285,39.1096455514163],[-84.6792994405553,39.1096220606863],[-84.6793876066593,39.1095982425724],[-84.6794968825943,39.1095687218607],[-84.6795125534947,39.1095645606316],[-84.6797232101319,39.1095086093641],[-84.6798939328698,39.1094632648296],[-84.6800767208101,39.1094147159222],[-84.6802554476659,39.1093672442179],[-84.6803325924946,39.1093467540383],[-84.6804512448867,39.1093145411045],[-84.6814467731299,39.10904426013],[-84.6816687038993,39.1089840057771],[-84.6816692096768,39.1089838683029],[-84.681361913109,39.1083866815781],[-84.6813568093411,39.1083767640765],[-84.6812637527141,39.108190413168],[-84.6812002156513,39.1080629365331],[-84.6808725482041,39.1074055189643],[-84.6807611158388,39.1071819416621],[-84.6807506519871,39.1071611022368],[-84.68074168074,39.1071436047177],[-84.680718021659,39.1070974593071]]]},"properties":{"OBJECTID":8,"SNA_NAME":"Sayler Park","SNA_NUMBER":42,"ACRES":737.69453732,"SQMI":79.733,"app_id":"CIN-SNA-008","canonical_slug":"sayler-park","display_name":"Sayler Park"}},{"type":"Feature","id":9,"geometry":{"type":"Polygon","coordinates":[[[-84.4760545819782,39.2053755331148],[-84.477212582059,39.2041285328023],[-84.4781705816307,39.2031475319148],[-84.4779725827446,39.2030695321104],[-84.4778995821203,39.2030225316822],[-84.4777945828897,39.2030435318735],[-84.4777315825697,39.2030905321038],[-84.4776005824336,39.2032265318982],[-84.4775325814558,39.2033415320139],[-84.4772435815183,39.2036305318186],[-84.4769975826808,39.2038505320855],[-84.4767195822899,39.2039925320348],[-84.4762945820759,39.2041445322862],[-84.4758645821439,39.2042075329442],[-84.475644581838,39.2042335319754],[-84.4753395815367,39.2042975325439],[-84.4748925818384,39.2044795327631],[-84.4740015814529,39.2046805324134],[-84.4727595802732,39.2047465321972],[-84.4722505809404,39.2046925324432],[-84.4716755812608,39.2045695324659],[-84.4713515805696,39.2043565327958],[-84.4711465809264,39.2040275328823],[-84.4710845802186,39.2037395324627],[-84.4711195801744,39.2034975325422],[-84.4712105798412,39.2033255324012],[-84.4712805806844,39.2031895320403],[-84.4713165799753,39.2030535326213],[-84.471341580584,39.2028725324889],[-84.4713615799572,39.2026505320654],[-84.4713615806256,39.2024735327531],[-84.4713965799374,39.202307532161],[-84.4713665801304,39.2021415321074],[-84.4713265792849,39.2019695318206],[-84.471275580203,39.2018035316927],[-84.4712255801166,39.2016825318379],[-84.4711275808727,39.2015765319756],[-84.4708795794626,39.2013965317498],[-84.4707115797433,39.2013545318403],[-84.4705645803021,39.2013595322457],[-84.4704285792822,39.2013855320928],[-84.4702675804589,39.2014855319677],[-84.4702165798609,39.2015295320763],[-84.4701515797287,39.2015865317883],[-84.4700305795351,39.2016325321083],[-84.4697635797177,39.2017075320727],[-84.469415579542,39.2017125325705],[-84.4688915791272,39.201758532183],[-84.4685385783553,39.2017635320019],[-84.4681515793511,39.2017845318252],[-84.4681035789025,39.2017875327281],[-84.4679185790519,39.2017975315748],[-84.4680113337463,39.2016541239643],[-84.4680343476359,39.201647820302],[-84.4680587313844,39.201641142007],[-84.4680811074624,39.2016350131371],[-84.468146771605,39.2016170279572],[-84.4681929131386,39.2016043907127],[-84.4681968462476,39.2015796921499],[-84.4682028838285,39.201541780599],[-84.4682048917768,39.201529172926],[-84.4682055269895,39.2015251859881],[-84.4682118934971,39.201485210046],[-84.4682147030203,39.2014675683406],[-84.4682158877324,39.2014601311193],[-84.4682278102121,39.2013852665762],[-84.4682379069664,39.2013218677355],[-84.4682854125544,39.2012677409634],[-84.4683843478528,39.2011550184466],[-84.4684370108115,39.2010950169227],[-84.4686769400938,39.2009424201386],[-84.4687481937184,39.2008971021903],[-84.4687675783424,39.2008847745216],[-84.4690711730609,39.2006916837085],[-84.4690855148383,39.2006831699462],[-84.4691523211158,39.2006435080765],[-84.469564642185,39.2003987195658],[-84.4696555864174,39.2003447270427],[-84.4697450349747,39.2002916230049],[-84.4697715125617,39.2002744011934],[-84.4700330142739,39.2000890592194],[-84.4700900671212,39.2000486226275],[-84.4702170437411,39.1999586261098],[-84.4704119248672,39.1997959377948],[-84.4704612036912,39.1997547995891],[-84.4704995250701,39.1997228080089],[-84.4705271810474,39.1996998463805],[-84.4705339587366,39.1996929106168],[-84.4705341635338,39.1996927395505],[-84.4705350946228,39.1996932373152],[-84.4706113021792,39.1996295975585],[-84.4708411754376,39.1994376331798],[-84.4710181919885,39.1992898075792],[-84.471318331312,39.1990391585963],[-84.4713205671326,39.1990372933579],[-84.471479506383,39.1989045525407],[-84.4718508133835,39.1985944469331],[-84.4719351931392,39.1985239755584],[-84.4723913003597,39.1981430408466],[-84.4725335277791,39.1980242527508],[-84.4726565657909,39.1979214917648],[-84.4727863480072,39.197804361951],[-84.4728226922334,39.1977715607297],[-84.4729213032667,39.1976825632737],[-84.4731445227418,39.1974811033154],[-84.4723523013594,39.1974710212086],[-84.4721669317693,39.1974696985813],[-84.472099158327,39.1974692142771],[-84.4718318159869,39.1974673057163],[-84.472265580205,39.1971035315093],[-84.472341579911,39.1970395309479],[-84.4730345802243,39.1964565308441],[-84.4754855810758,39.1944135305377],[-84.4756635811272,39.1942475297154],[-84.4760015810834,39.1939585301084],[-84.4765655817227,39.193473530176],[-84.4771225809096,39.1930045297335],[-84.4772365809751,39.1929095302531],[-84.4773875816311,39.1930055295749],[-84.4776395812914,39.1928125304662],[-84.4781735809502,39.1923275300185],[-84.4787035814497,39.1918745298304],[-84.4792945818394,39.1913745301712],[-84.4799105817024,39.1908615297415],[-84.4803035812417,39.190516529879],[-84.4806575826094,39.190169529191],[-84.4809195829458,39.1899105299592],[-84.4811535830892,39.1896155297324],[-84.4814185822444,39.1892375287096],[-84.481469582145,39.1891545292036],[-84.4816556340879,39.1891636421573],[-84.4816505649279,39.1891707764876],[-84.4816500526805,39.1891714979406],[-84.481647464609,39.1891751390017],[-84.4816483245406,39.189175168463],[-84.4820776264514,39.1891900033901],[-84.4821661943895,39.1891930637633],[-84.482472167036,39.1892036350145],[-84.4826945833552,39.1892145288164],[-84.4828265823258,39.1890855287858],[-84.4829780277295,39.1888454081899],[-84.4830026886906,39.1888563043323],[-84.4832071522687,39.1889463672207],[-84.4835225003201,39.1890852720219],[-84.4835662084221,39.1891045245854],[-84.4836475832313,39.1891405290247],[-84.4837885827897,39.1892115292934],[-84.4838185621738,39.1892266186561],[-84.4838730378184,39.1892541006738],[-84.4838730782591,39.1892540567335],[-84.4839395826557,39.1892875293153],[-84.4839975826952,39.1892135290265],[-84.4846775837492,39.1892415285256],[-84.484705416844,39.1892110440334],[-84.4847072206307,39.1892110816528],[-84.4847114491315,39.1892111687944],[-84.4847122902763,39.1892104101653],[-84.4847261480594,39.1891979039559],[-84.4848619778256,39.1892470525357],[-84.484954497113,39.1892908294885],[-84.485206667894,39.1894101467884],[-84.4852865000803,39.1894537558441],[-84.4853383595664,39.189405550624],[-84.4853815836482,39.1893655293234],[-84.4853928841945,39.1893542282053],[-84.4854561610624,39.1892919789186],[-84.4855198963013,39.1892292784503],[-84.4855213179254,39.189227879169],[-84.4856167189404,39.1891340273703],[-84.4856490975872,39.189155872471],[-84.4857466781651,39.1892214866079],[-84.4857645074764,39.1892334911235],[-84.4857667110716,39.1892349752229],[-84.4858625830659,39.1892995291813],[-84.4860535835234,39.1894285288602],[-84.4861655840574,39.1893245290101],[-84.4862692585671,39.1892281941808],[-84.4862768708146,39.1892213810128],[-84.4863348814312,39.1891694659524],[-84.4863928988293,39.1891175480419],[-84.486460120278,39.1891629516989],[-84.4867595836242,39.1893745291173],[-84.4868695833163,39.1894515284428],[-84.4869175886348,39.1894035326669],[-84.486999583684,39.1894725284115],[-84.4870685833538,39.1894005294183],[-84.4871125872782,39.1893545059413],[-84.4871278947622,39.1893407483242],[-84.4871857676517,39.189288730671],[-84.4872058817162,39.1892706514285],[-84.4872074297546,39.1892692607729],[-84.4872436472462,39.1892367074662],[-84.4873029759672,39.1891839340891],[-84.4874372677475,39.1892749564624],[-84.4874390773904,39.1892761832813],[-84.4874394551524,39.1892764399068],[-84.4874582201213,39.1892891750818],[-84.4876985843627,39.1894525282741],[-84.4880605843888,39.1896995293534],[-84.488060950664,39.1896991752843],[-84.4880610333036,39.1896992315333],[-84.4881193761434,39.1896462818142],[-84.4881385688211,39.1896288705342],[-84.4884073032546,39.1893850620699],[-84.4884871539431,39.189438989791],[-84.4885670117997,39.18949292094],[-84.4886468827636,39.1895468608214],[-84.4886843388584,39.1895721554534],[-84.488803584695,39.1896595291848],[-84.4889595838826,39.1895205291626],[-84.4891535846922,39.1893465287847],[-84.4891832011961,39.189366546162],[-84.4894659090486,39.1895597845085],[-84.4895275389595,39.1895037682951],[-84.4897150978318,39.1893328093351],[-84.489716623834,39.1893314190232],[-84.489773720679,39.189279375513],[-84.4897803517025,39.1892733312879],[-84.489810976299,39.189245416914],[-84.4899851420039,39.1893573174522],[-84.4899885296879,39.1893596028904],[-84.4899515839203,39.1894095285676],[-84.4903035842476,39.1896385288874],[-84.4905997354044,39.189316416771],[-84.4906424176086,39.1893418022161],[-84.4906537865803,39.1893297173138],[-84.4907445847842,39.1894145281596],[-84.4909055846276,39.1894225289622],[-84.4910336609356,39.1894289474479],[-84.4908935160549,39.1895791229922],[-84.4908937194857,39.1895801322451],[-84.4909192409256,39.1897066125231],[-84.4909437657939,39.1898281570035],[-84.491261853802,39.1894947860178],[-84.491311393721,39.1894428660333],[-84.4917835851856,39.1894665292865],[-84.491745585002,39.1896165289818],[-84.4916705849277,39.1898035289261],[-84.4915705846416,39.1899845292127],[-84.4914955851657,39.190103529206],[-84.4913205854211,39.1902665285537],[-84.4914765855214,39.1904035284172],[-84.4915645853394,39.1904665288994],[-84.4917145847619,39.1905035283974],[-84.4919265849313,39.1905165296127],[-84.4921455853083,39.1905415289303],[-84.4923075859547,39.1905535291882],[-84.4925205855768,39.1905665283779],[-84.4927515862253,39.1906095291321],[-84.4930325857719,39.190641528667],[-84.4932575855799,39.1907535296545],[-84.4935205860643,39.1909415286708],[-84.4937955859446,39.1911535285533],[-84.4939445862613,39.1913385292001],[-84.4942085864272,39.1917515289009],[-84.494285585851,39.1919285285663],[-84.4943285856898,39.1921495290841],[-84.4943145871055,39.1923995292246],[-84.494242586152,39.1926445291753],[-84.4940745863313,39.1928845286379],[-84.4939685852468,39.1930185288771],[-84.4938635861633,39.1931245297786],[-84.493843585875,39.1932105296546],[-84.4938395856472,39.1933305292855],[-84.493877586604,39.1934365297195],[-84.4939635859904,39.1935565296967],[-84.4940555863071,39.1936285292668],[-84.4941465856344,39.1936525298256],[-84.4942375865043,39.1937295290632],[-84.4943005859753,39.1937965289072],[-84.4943915867649,39.1938785295808],[-84.4944965859809,39.1938975291405],[-84.4946845868944,39.1939125301529],[-84.4948715861001,39.1939215292846],[-84.4949575865496,39.1939555290691],[-84.4950635863226,39.194027529523],[-84.495183586455,39.1942095295927],[-84.4952655873085,39.1942575294768],[-84.4954045871044,39.1944165293698],[-84.4954575866726,39.1944935297968],[-84.4955825874873,39.1946175287282],[-84.4956445858232,39.1947475298624],[-84.4956495865262,39.1950305293256],[-84.4956875867305,39.195232529997],[-84.495721587632,39.195314529776],[-84.4958125870156,39.1954725302841],[-84.4958945869148,39.1957175301646],[-84.4959185869814,39.1958905299531],[-84.4959475870424,39.1960205291334],[-84.49611058687,39.1961445297934],[-84.4962595876352,39.1962405295775],[-84.4963885867197,39.1963275297737],[-84.496446587286,39.1964095290734],[-84.4964605880907,39.1965055304167],[-84.4964465873112,39.1965865295791],[-84.4965615872673,39.1966875299197],[-84.4966965872841,39.196749529594],[-84.4968785868063,39.1967885299706],[-84.4970665875178,39.1968265293587],[-84.4971955875124,39.1969225298443],[-84.4972865877107,39.1970715298759],[-84.4972915875576,39.1971725299478],[-84.4972585879836,39.1973025301615],[-84.4971385875294,39.1975325299019],[-84.4971145872467,39.1976045297963],[-84.4971385875585,39.197719529914],[-84.497210587659,39.1978015302617],[-84.4973205883047,39.1979025303452],[-84.4974545883132,39.1979695308274],[-84.4975415872274,39.1979745294473],[-84.497680587071,39.1979885304006],[-84.4978635884444,39.1980845302813],[-84.4979355883353,39.1982285301692],[-84.4979155876979,39.198358530188],[-84.4978915870354,39.1984595295237],[-84.4979975878618,39.1985215297122],[-84.4981175875633,39.1985265299928],[-84.4982375870689,39.1985365299037],[-84.4983865875408,39.1987575298503],[-84.4984775872359,39.198829529785],[-84.4986455884901,39.1988385304144],[-84.4988375882748,39.1988535299355],[-84.4990735883657,39.1990065297218],[-84.4992315890967,39.1992035299195],[-84.4995245891432,39.1993675302399],[-84.4997025876142,39.1993765300809],[-84.4998125884466,39.1993865304158],[-84.4998705888662,39.1994055306731],[-84.5000995880025,39.1995085308387],[-84.4975715875246,39.199275530986],[-84.4939455870019,39.1990665300844],[-84.49355058709,39.2021285309901],[-84.4939865754145,39.2024750511131],[-84.4939865576845,39.2024752424334],[-84.4939866951215,39.2024753517977],[-84.4939906558256,39.2024785003674],[-84.494196300192,39.2026419788919],[-84.4942242551024,39.2026642013866],[-84.4942846150211,39.2027121838541],[-84.4943403390027,39.2027564824213],[-84.4944389724741,39.2028348911836],[-84.4949643187752,39.2032525109562],[-84.4955387914316,39.2037091743503],[-84.4957771595421,39.2038986575136],[-84.4960830958212,39.2041374727466],[-84.4961080940837,39.2041553703237],[-84.4961095885563,39.2041565312557],[-84.4961112931431,39.2041575876593],[-84.4961371064608,39.2041749062719],[-84.4961649706712,39.2041927932804],[-84.4961932612655,39.2042101575656],[-84.4962224143897,39.204226820431],[-84.4962519938972,39.2042429605722],[-84.4962824383909,39.204258485748],[-84.4963128633952,39.2042733246761],[-84.4963441533593,39.2042875477372],[-84.4963758672734,39.2043011625177],[-84.496408002731,39.2043140843633],[-84.4964361417154,39.2043247251051],[-84.4964405879438,39.2043265317352],[-84.4964434448691,39.2043274268488],[-84.4964731020251,39.2043380243427],[-84.4965065044381,39.2043489493336],[-84.4965403295491,39.2043591813681],[-84.4965741339814,39.2043687262724],[-84.4966088033943,39.2043776562066],[-84.4966430074104,39.2043857354688],[-84.4966780764053,39.20439319976],[-84.4967131234432,39.2043998913457],[-84.4967485919906,39.2044058890927],[-84.4967840410621,39.2044112014897],[-84.4968194681734,39.2044157411811],[-84.496855316791,39.2044195870331],[-84.4968915844563,39.2044226525899],[-84.4969273891991,39.2044249548309],[-84.4969635400535,39.2044265591233],[-84.4969061357029,39.2044601728319],[-84.4965894968123,39.2046453238394],[-84.4964876865262,39.2047114424069],[-84.496460748952,39.2047276349239],[-84.4962725873567,39.204840531254],[-84.4960945872624,39.2049375315262],[-84.4960534498237,39.2049550530291],[-84.4960407273873,39.2049600337455],[-84.4960302708304,39.2049635302536],[-84.4959585583915,39.2049843780006],[-84.4959549639221,39.2049852822779],[-84.4959503414187,39.2049862393772],[-84.4958670528223,39.2050001203909],[-84.4958649400369,39.2050003900933],[-84.4958620014561,39.2050006568798],[-84.4957405882721,39.2050065320447],[-84.4956895878645,39.2050015318304],[-84.495439606981,39.2049576416582],[-84.4953691782238,39.2049446355777],[-84.4953332465593,39.2049378722977],[-84.4952969104443,39.2049324035143],[-84.495260174763,39.2049284012375],[-84.4952234780451,39.204925770528],[-84.4951865868543,39.2049245289148],[-84.4951863793265,39.2049245207697],[-84.4951619581338,39.2049246577399],[-84.4951493220226,39.2049247290341],[-84.4951123036757,39.2049263088655],[-84.4950757653482,39.2049292544832],[-84.4950388249855,39.204933580151],[-84.4950028080558,39.2049393486776],[-84.4949784168994,39.2049441316369],[-84.4949668276702,39.2049464041178],[-84.4949313272702,39.2049548244448],[-84.4948967478421,39.2049646011768],[-84.4948628728981,39.204975451513],[-84.494862591634,39.2049755383407],[-84.4948622049781,39.204975665724],[-84.4948290240965,39.204988079096],[-84.4947963159048,39.2050016006925],[-84.494764527547,39.2050164796172],[-84.494413768615,39.2052295875501],[-84.4936812378584,39.2056744559813],[-84.4936884147148,39.2055855537147],[-84.493703499379,39.2054172648685],[-84.4937036048476,39.2054160845268],[-84.4933526589531,39.205388174056],[-84.4933525347658,39.205388164476],[-84.4933616919126,39.2052691712059],[-84.4933711551907,39.205146193785],[-84.4933755233902,39.2050894258857],[-84.493375668014,39.2050875438808],[-84.4933764768624,39.2050770331436],[-84.4933765750481,39.2050757592215],[-84.4931207480047,39.2052362934164],[-84.4929320210374,39.2053547198527],[-84.4927733288506,39.2054542999143],[-84.4927064128471,39.2054962894004],[-84.4926838025195,39.2055000934211],[-84.4926690205601,39.2055025799751],[-84.4927115869403,39.2051055315604],[-84.492228587277,39.2054515320148],[-84.4867241909972,39.2052449724354],[-84.4856704531635,39.2051555047246],[-84.4856533477639,39.2051540521596],[-84.485625273321,39.2051516682265],[-84.4853950220256,39.2054614096026],[-84.4853603961292,39.205507987109],[-84.4847972537873,39.2062655013361],[-84.4846760579744,39.2064285260148],[-84.4845922376265,39.2065412744775],[-84.4833556754472,39.2059210601735],[-84.4834157444426,39.2057924768957],[-84.4834483671114,39.2057226457188],[-84.4834489000723,39.2057215058362],[-84.4830939132235,39.2056893176011],[-84.4833475834265,39.2052665314054],[-84.4793475828084,39.2049665324329],[-84.4791475827867,39.2054665318386],[-84.4773475828696,39.2054665326226],[-84.4760545819782,39.2053755331148]]]},"properties":{"OBJECTID":9,"SNA_NAME":"Carthage","SNA_NUMBER":5,"ACRES":788.50830572,"SQMI":79.733,"app_id":"CIN-SNA-009","canonical_slug":"carthage","display_name":"Carthage"}},{"type":"Feature","id":10,"geometry":{"type":"Polygon","coordinates":[[[-84.500072581437,39.1130295138905],[-84.5001445824387,39.1129035132789],[-84.5002745812306,39.1127075145453],[-84.5004035814985,39.1125425137899],[-84.5004525818813,39.1125075136357],[-84.5006645821776,39.1122875137489],[-84.5009375820201,39.1120485135732],[-84.5010055819313,39.1119905134802],[-84.501172581842,39.1118415138491],[-84.5013505820886,39.1116825136061],[-84.5015645820996,39.1114635127106],[-84.5016605825394,39.1113485134624],[-84.5017325824701,39.1112455141072],[-84.501967581771,39.1107875135231],[-84.5023525814609,39.1100705134795],[-84.5026905824142,39.1094445134715],[-84.5030175823681,39.1088135125733],[-84.5032095824943,39.1084395126932],[-84.5033375823237,39.1082435122748],[-84.5037025817664,39.1077085127027],[-84.5040655827471,39.1072045129523],[-84.5051485826587,39.105886512284],[-84.5053465831358,39.1057185121448],[-84.5055075831671,39.1058135125918],[-84.5060475827935,39.1061255118217],[-84.506722583298,39.1065045121564],[-84.5076965836751,39.1071095127814],[-84.5077295836161,39.1071315117959],[-84.5077775828992,39.1071635127326],[-84.5088095840375,39.1078545116951],[-84.5088425845578,39.1079065128567],[-84.5088555838204,39.1079645129012],[-84.508854583597,39.1079935118383],[-84.5088355843279,39.1080505123202],[-84.5087435837024,39.1081405125143],[-84.5088535836452,39.1080645131377],[-84.5089155839273,39.1080325122897],[-84.5090135843344,39.1079945126404],[-84.5091195840347,39.1079665125941],[-84.5096795849197,39.1078815119821],[-84.5098055842744,39.1083855123178],[-84.5099075848047,39.1087655128676],[-84.5099355852115,39.1088775125919],[-84.5099695840236,39.1090115123149],[-84.510072585234,39.1094235125425],[-84.5101465847247,39.1097345130276],[-84.5102325838775,39.1100625122637],[-84.5103955842034,39.110698513339],[-84.5105825846098,39.1114295131856],[-84.510738584491,39.1120205135305],[-84.5107655843294,39.112105513071],[-84.5109005843534,39.1125455137068],[-84.5106995839491,39.1125275135859],[-84.510421585576,39.1125195132028],[-84.5099355850077,39.112501513463],[-84.5094675852961,39.11245051384],[-84.5090305842596,39.112393513813],[-84.5087525835426,39.1123325136797],[-84.5082815837805,39.1122295133909],[-84.5082535837007,39.112222512874],[-84.5078835839612,39.1121325132142],[-84.5078065847099,39.1121145130277],[-84.5057205841295,39.1116255135826],[-84.5044265829846,39.1113225134759],[-84.5038125825219,39.1111785129232],[-84.5033765822362,39.1117925129115],[-84.5031415827894,39.1121495130463],[-84.5030175819356,39.1123395133668],[-84.5026215826342,39.1129455132932],[-84.5024575822121,39.1131985137927],[-84.5012895826968,39.1131355143263],[-84.5011375823365,39.1131185129637],[-84.5010735816568,39.1131175141966],[-84.5008905811316,39.1131145145406],[-84.5004885815795,39.1131115135897],[-84.5003475817279,39.1130895134237],[-84.500207581263,39.1130675138591],[-84.500072581437,39.1130295138905]]]},"properties":{"OBJECTID":10,"SNA_NAME":"Pendleton","SNA_NUMBER":36,"ACRES":95.63485958,"SQMI":79.733,"app_id":"CIN-SNA-010","canonical_slug":"pendleton","display_name":"Pendleton"}},{"type":"Feature","id":11,"geometry":{"type":"Polygon","coordinates":[[[-84.4172105579667,39.122225518739],[-84.4176245580833,39.1217905199328],[-84.4183785575656,39.120898519842],[-84.4187565581841,39.1204525183609],[-84.4192295588839,39.1196745182989],[-84.4196225584426,39.1188285193368],[-84.4197995588843,39.1184395188257],[-84.4203305576108,39.1173975187235],[-84.4204275583785,39.1172195182109],[-84.4205785587608,39.1169695187319],[-84.4207615579012,39.11670151815],[-84.4207995579576,39.1166505174463],[-84.4209475586288,39.1164585182581],[-84.4214165586606,39.1158465187547],[-84.4217005589707,39.1155015176236],[-84.4231405591865,39.1137535174235],[-84.4235295586958,39.1132935174605],[-84.4239155590308,39.112864516478],[-84.4243405599731,39.1124185167832],[-84.4245945595739,39.1121675166062],[-84.4250945598425,39.1116765162409],[-84.4270555599767,39.1097435170802],[-84.4273625604741,39.1094415166446],[-84.427599560766,39.1092255162585],[-84.4278765598315,39.109003515945],[-84.4281125602387,39.1088345161246],[-84.4283585599901,39.1086745162976],[-84.4286155602736,39.1085245160796],[-84.4288815604535,39.1083845162628],[-84.4290345607527,39.1083145161096],[-84.4291635603882,39.1082695165279],[-84.4292975602837,39.1082355159947],[-84.4294705609245,39.1082085164261],[-84.4296115603956,39.1082005166067],[-84.4297875596839,39.1082055156178],[-84.4299615607091,39.1082285156195],[-84.430096560506,39.1082605164404],[-84.4302585605867,39.108314516073],[-84.4304095610435,39.1083855161065],[-84.4306055610756,39.108502516165],[-84.4307795612288,39.1086185156204],[-84.4308735613349,39.1086815159142],[-84.4310995610822,39.1088555160764],[-84.4313095610224,39.1090405162241],[-84.4315915606927,39.1093225163132],[-84.4318905621845,39.1096315158601],[-84.4321345614259,39.1099105162033],[-84.4321705610417,39.1099505164871],[-84.4323965621074,39.1102315166026],[-84.4331815609955,39.1113255158202],[-84.4333575613819,39.1115715167911],[-84.4336865625331,39.1119755169449],[-84.4339485625838,39.1122805165598],[-84.4342575623833,39.1126075168692],[-84.4345125623247,39.1128385166299],[-84.4347555622357,39.1130795165036],[-84.4349805619126,39.1133305176368],[-84.4353295620931,39.1137655166541],[-84.4356525628754,39.114266517411],[-84.4359555626707,39.114773517903],[-84.436195562682,39.1152105172373],[-84.436749563231,39.1157755172078],[-84.4369735632823,39.1159945174979],[-84.4374095636356,39.1164085180357],[-84.4377495630831,39.1165665180937],[-84.4392905639342,39.1172075175483],[-84.4386775638366,39.1180785171491],[-84.4383575637798,39.1185655175808],[-84.4379965644118,39.1190625181732],[-84.4369365638311,39.1206075178354],[-84.4364325634054,39.1213425183927],[-84.436015563723,39.1219595183509],[-84.435807563511,39.1222715188051],[-84.4352495631883,39.1220225187166],[-84.4343875631732,39.1216375186192],[-84.4341805631019,39.121550518817],[-84.4328085627161,39.121244518295],[-84.4323885618644,39.1211595183185],[-84.4316555621513,39.1209855186065],[-84.431445561629,39.1209285181229],[-84.4283865602465,39.1202555190926],[-84.4283885607725,39.1202365177349],[-84.4293095619031,39.1198845186863],[-84.4294445615354,39.1195545179084],[-84.4295845619416,39.1192225181369],[-84.4295855614083,39.1188895185247],[-84.4295285618201,39.118618518081],[-84.4295115614221,39.1186045182841],[-84.4294325618294,39.1185365186938],[-84.4292985613174,39.1185055183134],[-84.4289455613207,39.1185105181677],[-84.4286145619193,39.1184155179875],[-84.4282995610656,39.1182895181249],[-84.4279815610592,39.1181735180756],[-84.427794560911,39.1180945177987],[-84.4276045605287,39.117993517597],[-84.4275575605039,39.1179255179472],[-84.4274805603596,39.1177515177702],[-84.427466560313,39.1176115182288],[-84.4274645614215,39.1174715182199],[-84.4274805613391,39.1173035182051],[-84.4275145600695,39.1171365171979],[-84.4276155604799,39.1169555182572],[-84.4276875602055,39.1167955175978],[-84.4277445609541,39.1166315172049],[-84.4277525613274,39.1165485181812],[-84.4277375610394,39.1164665180289],[-84.4277015600817,39.1163885180781],[-84.4276445597634,39.1163175177531],[-84.4275705602352,39.1162585177773],[-84.4275125601812,39.1162255179234],[-84.427449559663,39.1162005174833],[-84.4266205608945,39.1159385175932],[-84.4264335593537,39.116276518189],[-84.4262745609553,39.1164615182695],[-84.4260975608905,39.1166355177195],[-84.4259025603143,39.116798518239],[-84.4258445607665,39.1168265177439],[-84.4257815599362,39.1168455181395],[-84.4256815605414,39.11685751792],[-84.4256145591733,39.1168545180545],[-84.4254375601,39.11681951812],[-84.4250555602013,39.116754518251],[-84.4249505589719,39.1167445185281],[-84.4248085604359,39.1167455173102],[-84.4246685596756,39.1167635181374],[-84.4245335598526,39.116796517756],[-84.4243755592061,39.1168595180287],[-84.4243295587333,39.1168995181029],[-84.4242955591338,39.116945517849],[-84.4242735589506,39.116995518862],[-84.4242655598684,39.117047518307],[-84.4242705595887,39.1171005182916],[-84.4244185596352,39.1173465188868],[-84.4244545594794,39.1174835188445],[-84.424465558911,39.1175945181159],[-84.4244645594778,39.1176795188631],[-84.4244425597041,39.1178185180453],[-84.4243005599499,39.1181975186332],[-84.4242815604158,39.1183065183915],[-84.4242805600184,39.1184165185606],[-84.4242975596074,39.1185255179856],[-84.4243135591065,39.1185785182363],[-84.4245305597198,39.119137518218],[-84.4245435600208,39.1192235181678],[-84.4245395598955,39.1193095183953],[-84.4245285599866,39.119365518603],[-84.4245185606519,39.1194505183121],[-84.4244895594168,39.1195335188464],[-84.4244435595457,39.1196115190022],[-84.4243825597262,39.1196815185482],[-84.4243055598547,39.1197425186271],[-84.4242165600269,39.1197935184498],[-84.4241185595292,39.1198315182912],[-84.424049559824,39.1198495180455],[-84.4233465593465,39.1199695182267],[-84.4230995594289,39.1200125188263],[-84.4228945594697,39.1200705185749],[-84.4223745598922,39.1202105189392],[-84.4220295586022,39.1202755180847],[-84.4216805586231,39.120323519182],[-84.4213275582262,39.1203535185041],[-84.421008559636,39.1203665187894],[-84.4206535587651,39.1203635191244],[-84.419597558204,39.1215415198788],[-84.4195195581444,39.121603518934],[-84.4194315579932,39.1216565193837],[-84.4193345585047,39.1216975195923],[-84.4192295586167,39.1217275193344],[-84.4191205575277,39.1217455189266],[-84.4190105585489,39.1217505189702],[-84.4188355586085,39.1217425194866],[-84.4186245588613,39.1223335194044],[-84.4184765576759,39.1230335198455],[-84.4174885581334,39.1224555199123],[-84.4172105579667,39.122225518739]]]},"properties":{"OBJECTID":11,"SNA_NAME":"Columbia Tusculum","SNA_NUMBER":8,"ACRES":339.9835118,"SQMI":79.733,"app_id":"CIN-SNA-011","canonical_slug":"columbia-tusculum","display_name":"Columbia Tusculum"}},{"type":"Feature","id":12,"geometry":{"type":"Polygon","coordinates":[[[-84.5398495996762,39.1836665251554],[-84.5391485992428,39.1824665248902],[-84.5375485988243,39.1809665241894],[-84.5369485971738,39.1795665244866],[-84.5379485981422,39.1771665243158],[-84.5377485980406,39.1765665240778],[-84.5371145980404,39.175862524239],[-84.536854596862,39.1755565243683],[-84.5368475982581,39.1766675243545],[-84.5359505973659,39.1765695245367],[-84.5359445978725,39.1759745236316],[-84.534545597577,39.1758625237083],[-84.5344695977045,39.176868524397],[-84.5315755957517,39.1765685241587],[-84.5316955965978,39.1761045247394],[-84.5323855953828,39.1748295241221],[-84.5324085954344,39.1747125235426],[-84.5324905965525,39.1746065241332],[-84.5325795963841,39.1738965237598],[-84.5326065955516,39.1737615243734],[-84.5325845957185,39.1735415237416],[-84.5325565963425,39.173395524288],[-84.5324745967136,39.1732325235087],[-84.5321945951793,39.1727665233826],[-84.5319895955048,39.172387522978],[-84.5319555962103,39.1723245240246],[-84.5318225949319,39.172040523365],[-84.5315315956535,39.1710765240442],[-84.5312735953024,39.1701635227829],[-84.5312475951201,39.1699965228867],[-84.5312845953257,39.1698205230133],[-84.5313755952805,39.169651523522],[-84.5316825963482,39.1691865223779],[-84.5318255958221,39.1689505229261],[-84.5319155960887,39.1687155229871],[-84.5319105962483,39.168556523133],[-84.5318975956699,39.1684965234264],[-84.5318735954742,39.1683905224776],[-84.5307285941722,39.1657225221049],[-84.5305845952469,39.1654075217854],[-84.530114594896,39.1642885224532],[-84.5297675945534,39.1635125212334],[-84.5296995938146,39.1633615222079],[-84.5290295948349,39.1618725208672],[-84.5289635942406,39.1616795210277],[-84.5289415940743,39.1615705219392],[-84.5286885942444,39.1610935211657],[-84.5280145941499,39.1614635210052],[-84.5278465934419,39.1609585210651],[-84.5278115936247,39.1607915219308],[-84.528981594565,39.1603355215549],[-84.5307025951706,39.1596715208207],[-84.5308935942639,39.1595835216052],[-84.5310835942673,39.1594905217314],[-84.5312455944235,39.1594245211763],[-84.5314505939417,39.15936452126],[-84.5316905945717,39.1593035212225],[-84.531937594093,39.1592545214007],[-84.5322265953934,39.1592055211333],[-84.5329105960873,39.1591175214262],[-84.5333825954823,39.1590465208866],[-84.5337635950824,39.1589965207739],[-84.5343065955511,39.1589425215819],[-84.5345745955481,39.1589035212463],[-84.5350325963052,39.1588275209485],[-84.5353365951212,39.1587725209187],[-84.5356465952429,39.1587115210947],[-84.5358435956312,39.1586575203355],[-84.5359145958297,39.1586295213411],[-84.5362315960539,39.1584875205159],[-84.5364015960036,39.1583995212584],[-84.5367395960639,39.1581745202919],[-84.5370715957362,39.1579275205131],[-84.5373955966101,39.1576035202979],[-84.5375505968977,39.1574165207267],[-84.5377345963607,39.1570925204343],[-84.5377895955777,39.1570235206786],[-84.5378045965792,39.1570045201192],[-84.5380585966996,39.1566095204381],[-84.5382565959601,39.1563185203144],[-84.5383905966021,39.1561985198971],[-84.5385175969978,39.1561045200013],[-84.538651596003,39.1560225193968],[-84.5388065960301,39.1559405206155],[-84.5388705968758,39.1559015204643],[-84.5389335965341,39.1558465193407],[-84.5390255970622,39.1557375202913],[-84.5391525966984,39.1556105202957],[-84.539293596295,39.1554795193435],[-84.5394135969691,39.1553525204897],[-84.5395055967415,39.1552375201711],[-84.5395605977076,39.1551445195925],[-84.5396815969407,39.1549465204872],[-84.5398155969093,39.1547435197768],[-84.53997059733,39.1544795199055],[-84.5401185972881,39.1542385201677],[-84.5401965974871,39.1541615196917],[-84.5403095969117,39.1540405195406],[-84.5404575971961,39.1539205198219],[-84.5406475970012,39.1537995194814],[-84.540817596919,39.1537275193489],[-84.541000597146,39.1536675198456],[-84.5415925971321,39.1535305193334],[-84.5417855965767,39.1534855204067],[-84.5418745974685,39.1535895190704],[-84.5420125973927,39.1537485197044],[-84.54213759716,39.1538675198351],[-84.54229259677,39.1540235194674],[-84.5423955978854,39.1541225200241],[-84.5424965979351,39.154199520089],[-84.5430535979343,39.1546315198812],[-84.5445645978103,39.155521520094],[-84.5474055984197,39.1571065200554],[-84.5475425987539,39.1571795202945],[-84.5480285986911,39.1574375203653],[-84.5488465991368,39.157987520355],[-84.549288600291,39.1583255196699],[-84.5497486003068,39.1587155195484],[-84.5502226006437,39.1591325201212],[-84.5507846001784,39.1596505201291],[-84.5509856006139,39.1598425203619],[-84.5511986007947,39.1600405197394],[-84.5513566007393,39.1601685208281],[-84.5516596007703,39.1604075210028],[-84.5518266008306,39.1613245211939],[-84.5518856017605,39.1617315213267],[-84.5519826011455,39.1621275205248],[-84.5520106007108,39.1622515209529],[-84.5520476004341,39.1624205201388],[-84.5523326014641,39.1636205213884],[-84.5523776012177,39.1637575210404],[-84.5524106011534,39.16392552047],[-84.5524186007816,39.1640105211924],[-84.5524626009659,39.1642645215325],[-84.5524836015879,39.1644645217751],[-84.5525976017128,39.1652135212627],[-84.5526706011475,39.165751521395],[-84.552710601597,39.1658885220061],[-84.5527656005618,39.1660215214456],[-84.5528516010589,39.1661755212397],[-84.5529136016855,39.1662565214618],[-84.5529776015636,39.1663255214348],[-84.5531686015027,39.1665185214671],[-84.5532366018,39.1665865215172],[-84.5535826018876,39.1668725214428],[-84.553970601749,39.1672235214065],[-84.5543396026741,39.1674745211211],[-84.5552626015461,39.1681015218911],[-84.5564726024531,39.1687145220856],[-84.5592426033875,39.1702315224488],[-84.5595716036561,39.1705825220045],[-84.5597056047816,39.1709775222087],[-84.5598166040504,39.171305522551],[-84.559543604516,39.1710965216575],[-84.5589266029101,39.1706245225165],[-84.5586356033223,39.1708425222606],[-84.5583736034908,39.1711015217471],[-84.5582376039432,39.1711545229434],[-84.5581756037612,39.1712645222043],[-84.5581696029902,39.1714005227106],[-84.5579266036754,39.1714705217477],[-84.5578876038931,39.1712865223879],[-84.5572146033006,39.1706725218545],[-84.5568496031527,39.1705125220687],[-84.5566896028692,39.1702635221485],[-84.554945602586,39.1699065227675],[-84.5535546026313,39.1696685221198],[-84.5529766020646,39.1693845222016],[-84.5528156023042,39.1693665220261],[-84.5524536018716,39.1695215217319],[-84.5518576021468,39.17041052235],[-84.5518146008727,39.1705665229772],[-84.5519756013217,39.1706445225668],[-84.5524166013237,39.1707915224683],[-84.5525816016065,39.1709015218334],[-84.5530596020321,39.1708855217459],[-84.5528626010642,39.1710685225187],[-84.5513326017697,39.1731395226765],[-84.5515006014072,39.1734905229689],[-84.5514576011315,39.1736565230083],[-84.5515336017142,39.1737185231823],[-84.5518556016987,39.1738475227821],[-84.5522296015789,39.1739145231506],[-84.5528346020457,39.1740445223902],[-84.5532526024285,39.1741765233653],[-84.5532096029291,39.1742695232958],[-84.5522976019809,39.1752835233043],[-84.5515926021662,39.1758745229381],[-84.5512236009827,39.1762225240925],[-84.5508906022733,39.176529523891],[-84.5503776014055,39.1762375231998],[-84.549116601096,39.1754965236836],[-84.5490316007149,39.1754415233644],[-84.5488416014867,39.1753045231678],[-84.5487176014966,39.1751995230466],[-84.5485456011952,39.175020522734],[-84.5479316004814,39.1742565228395],[-84.5478496016211,39.1741255234212],[-84.5477976007195,39.1740175229799],[-84.5477486010053,39.1738775234468],[-84.5475736013285,39.1745005236672],[-84.547529601202,39.1746535234034],[-84.5472075997717,39.175473523482],[-84.5468686003949,39.1762995241439],[-84.5462486012625,39.1777815238327],[-84.5461256006002,39.1779615238019],[-84.5460025996945,39.1780975235805],[-84.5458625999099,39.1782235242504],[-84.5457076002576,39.1783385236893],[-84.5455395999161,39.1784415242816],[-84.5453596000522,39.1785315234917],[-84.5452976002448,39.178558524055],[-84.5449426004605,39.1787485239102],[-84.5449076001322,39.1791935238851],[-84.5448716004776,39.1794215245967],[-84.5448066000516,39.1796745247243],[-84.5447486004803,39.1798445245993],[-84.5445846004626,39.1801845242365],[-84.5445155995746,39.1803695245094],[-84.5444635995093,39.1805575246713],[-84.5444306008929,39.1807485246275],[-84.5444185992972,39.1808865244246],[-84.5444226002119,39.1809615250633],[-84.5444726010775,39.1818345252663],[-84.5444876003693,39.1824665246964],[-84.544422599734,39.1829955244298],[-84.5443966004713,39.1831545252028],[-84.5442166011024,39.1842795248022],[-84.5442116000233,39.1844445248521],[-84.5442266002523,39.1846085255046],[-84.5442625998806,39.1847715253846],[-84.5443196009266,39.1849305249109],[-84.5443956004588,39.1850845249701],[-84.5444736008449,39.1852075258244],[-84.5445636009978,39.1853255252661],[-84.5446466009874,39.1854175253578],[-84.5447366010271,39.1855385251044],[-84.5448106008446,39.1856665248927],[-84.544869600244,39.1857985256199],[-84.5449096002889,39.1859355258585],[-84.5449336002119,39.1860745254885],[-84.5449396004451,39.186186525875],[-84.5450906007658,39.1872385259503],[-84.5433465999049,39.186966526214],[-84.5417485998311,39.184066525133],[-84.541548599588,39.1840665247254],[-84.541049599187,39.1829665256513],[-84.5406165986757,39.1832185250259],[-84.5398495996762,39.1836665251554]]]},"properties":{"OBJECTID":12,"SNA_NAME":"Northside","SNA_NUMBER":32,"ACRES":1131.07020229,"SQMI":79.733,"app_id":"CIN-SNA-012","canonical_slug":"northside","display_name":"Northside"}},{"type":"Feature","id":13,"geometry":{"type":"Polygon","coordinates":[[[-84.5498825984942,39.1386465156837],[-84.549710598901,39.1381775169239],[-84.5495425983935,39.1378035163966],[-84.5494905978394,39.1377435167026],[-84.5495425984607,39.1374395160187],[-84.5495555988479,39.1372725161907],[-84.5495895984638,39.1369935157821],[-84.550129599434,39.1370285154453],[-84.5533645996674,39.1372445152328],[-84.555411600068,39.1373855160559],[-84.5558585998831,39.1374205152539],[-84.5578156008109,39.1375565156734],[-84.5599636011553,39.1402945161544],[-84.561040601607,39.1421555170183],[-84.5618306024853,39.1418435166673],[-84.5619036028883,39.1419595164167],[-84.5621036025106,39.1423005162289],[-84.5621536025602,39.1426025171445],[-84.5621356026359,39.1433935170935],[-84.5620856031292,39.1439305176773],[-84.5621836018016,39.1443065167633],[-84.5623896025488,39.1447845176438],[-84.5627296018681,39.1451935169231],[-84.5624236024311,39.1451935174606],[-84.5619986028349,39.1451935171245],[-84.5619256033334,39.1451865168353],[-84.5617836020711,39.14516051709],[-84.5616476022901,39.1451185170504],[-84.5615216026868,39.14505951757],[-84.5601786017576,39.1442265164147],[-84.5598646010411,39.1440315165839],[-84.5583326009867,39.1431405170599],[-84.5572796012987,39.1427055169409],[-84.5561646009795,39.1425535162508],[-84.5549246008617,39.1424285170855],[-84.5538136005595,39.14208751721],[-84.5524815997428,39.1413575165705],[-84.5521825988666,39.1412015160983],[-84.5520245989994,39.141093516909],[-84.5519005997333,39.1409915167331],[-84.5518135992047,39.1409015166752],[-84.5517195992187,39.1407815169968],[-84.551643598723,39.1406535173848],[-84.5515875997751,39.1405195160821],[-84.5515505997138,39.1403815158406],[-84.5513065993417,39.1397795165026],[-84.5512365992195,39.1396305163523],[-84.5510255998169,39.1394275158216],[-84.5498825984942,39.1386465156837]]]},"properties":{"OBJECTID":13,"SNA_NAME":"English Woods_North Fairmount","SNA_NUMBER":16,"ACRES":120.56036477,"SQMI":79.733,"app_id":"CIN-SNA-013","canonical_slug":"english-woods-north-fairmount","display_name":"English Woods / North Fairmount"}},{"type":"Feature","id":14,"geometry":{"type":"Polygon","coordinates":[[[-84.5435915959829,39.1225865140158],[-84.5435865957518,39.1225315137646],[-84.5435945956249,39.1224485134796],[-84.5436175963005,39.1223675130007],[-84.5436575945684,39.1222905134503],[-84.5437105951229,39.1222185133259],[-84.5438825956272,39.121947514111],[-84.5442175954342,39.1214195134946],[-84.5443185964158,39.1212795131443],[-84.5454215959176,39.1195915130238],[-84.5454955960871,39.1195005124614],[-84.5455665964193,39.1194345135876],[-84.5464495955336,39.1184895127079],[-84.5476985958686,39.1171115128082],[-84.5488385966007,39.1158455123899],[-84.548935596187,39.1157335114407],[-84.5494745962785,39.1151195117172],[-84.5497575972957,39.1148245121948],[-84.5502415973329,39.1136995117115],[-84.550402596565,39.1131545115003],[-84.550568596391,39.1126035117024],[-84.5507885970622,39.1120375114935],[-84.5513355970625,39.1121395111339],[-84.5514105967342,39.1121655111049],[-84.5518085967191,39.1110605110829],[-84.5521465965054,39.1111435108336],[-84.5522805963464,39.1111625113452],[-84.5523365963715,39.1111745107601],[-84.5523965973772,39.1108575106712],[-84.5526325967842,39.1102855114792],[-84.5530485973096,39.109546511268],[-84.5531105971475,39.1091595105051],[-84.553046597341,39.109032510369],[-84.5536685970148,39.1080245107736],[-84.5540375967653,39.1074215106006],[-84.5542495976391,39.1073765101471],[-84.5542775977363,39.1073735097791],[-84.5543045983351,39.107365510137],[-84.5543495976031,39.1073385101529],[-84.5543775975278,39.1072995105417],[-84.5543835969923,39.1072785099786],[-84.5543835974675,39.1072565101954],[-84.5542395970133,39.1069275103592],[-84.5542235971375,39.1068565100797],[-84.5542275972165,39.106784510104],[-84.5544425974039,39.1061875100185],[-84.5544705968355,39.1061525100943],[-84.5545125979895,39.1061265101777],[-84.5545625973483,39.1061125099378],[-84.5546875977286,39.1061115099299],[-84.5548115973985,39.1061285104781],[-84.5548025979631,39.1054625099487],[-84.5545435969643,39.1050565096339],[-84.554429596686,39.1047605093866],[-84.5544115974776,39.1046615096304],[-84.5544105966953,39.1045225095955],[-84.5544195978086,39.1041905097706],[-84.5544495975054,39.1038315101038],[-84.5544935968754,39.1029845096222],[-84.5544995981502,39.1029475092451],[-84.5545345977597,39.1027815100435],[-84.5545365974417,39.1026965092494],[-84.5545285971994,39.1026335089474],[-84.5545145972088,39.1025655097368],[-84.5544955975757,39.102515509139],[-84.554487596913,39.1024665091961],[-84.5544765976891,39.1024175092585],[-84.5544515965552,39.1023485094207],[-84.554424596376,39.1022885094657],[-84.5543865970043,39.102214509544],[-84.554331596982,39.1021195086488],[-84.5542905972607,39.1020505095019],[-84.5542555967682,39.1020045084398],[-84.5541535962635,39.1018615097893],[-84.5540475969368,39.1014415086492],[-84.554025597428,39.1013525092012],[-84.5538465968595,39.1009925092212],[-84.5540085968449,39.1009785087854],[-84.5542555974175,39.1009185087067],[-84.5547465973824,39.1007665092797],[-84.5549825978747,39.1006555092128],[-84.5557925969709,39.100139508907],[-84.5561355982569,39.099889509191],[-84.5574535973351,39.0989275086026],[-84.5577545986463,39.0987145084469],[-84.5578385973434,39.09865450841],[-84.5579035974784,39.0986225086049],[-84.5579385979721,39.0986095075414],[-84.5580135974311,39.0985955085646],[-84.5580915974166,39.0985945078161],[-84.5592085978645,39.0987945087757],[-84.5592945987258,39.0986055087758],[-84.5601665986039,39.096869508266],[-84.5607955989315,39.0962565073644],[-84.5621475980272,39.0950395079562],[-84.5622305986596,39.0949875073711],[-84.5623225984273,39.0949465068418],[-84.5624215981725,39.0949165076956],[-84.5625245984456,39.0948975074479],[-84.5626655993624,39.0948935078009],[-84.5627755985776,39.0949025078517],[-84.5628825998965,39.0949235071943],[-84.5629845984062,39.0949565072983],[-84.5630785989405,39.0950005081942],[-84.5631645987412,39.0950545079923],[-84.563239599167,39.0951175076941],[-84.5632615991938,39.095140506963],[-84.5635205996814,39.0954705071041],[-84.5635695987263,39.095551507591],[-84.5636355990415,39.0956245076342],[-84.5637165994059,39.0956875073975],[-84.5638895996038,39.0957925075534],[-84.5647625990392,39.0963605075591],[-84.5649705998199,39.0964895078865],[-84.5650075998605,39.0963575079639],[-84.5650246001336,39.0962955078745],[-84.5651515997729,39.0958365075356],[-84.5677626005726,39.0959955080131],[-84.5690856014459,39.0960885079062],[-84.5696486010397,39.0961675076822],[-84.5696486015198,39.0958675070004],[-84.5702856009169,39.0958675072621],[-84.5704486021396,39.0958675075453],[-84.5709486012815,39.0948675066791],[-84.5696486014161,39.094767506571],[-84.5697486016834,39.0943675074548],[-84.5708486013864,39.0943675072345],[-84.5712416013831,39.0943635067754],[-84.5716606024844,39.0944255064791],[-84.5720896022415,39.094486506806],[-84.5721586018282,39.0945235067428],[-84.5730456021601,39.0946505066591],[-84.5735096018987,39.0938795068464],[-84.5735706028855,39.093784506392],[-84.5736456020938,39.0936945066423],[-84.5737346022644,39.0936165059353],[-84.5740386021566,39.093767507123],[-84.5743626022991,39.0939465071209],[-84.5745616031048,39.0940675061414],[-84.5774066030268,39.0953375069557],[-84.5778616043476,39.095577507242],[-84.5782376032277,39.0958985068953],[-84.5786186035388,39.0963885067811],[-84.578990604444,39.0965365074785],[-84.5791526034822,39.0966075069249],[-84.5789426043779,39.0972935074032],[-84.5789296039977,39.0973695068997],[-84.5788986033158,39.0974425072196],[-84.5788476040904,39.0975305074464],[-84.5788186031921,39.0976135077058],[-84.578809603678,39.0977005074469],[-84.5788126039121,39.0977575069223],[-84.5788346046694,39.0978425078737],[-84.5788746048441,39.0979235077969],[-84.5790576041419,39.0981725070186],[-84.5793476035151,39.0985075079608],[-84.5795816043473,39.0988195076642],[-84.5796476038237,39.0989545079981],[-84.5797096049184,39.099121506819],[-84.5797396044212,39.0992345073028],[-84.5797696047771,39.0993875078855],[-84.5797366035453,39.1003865074817],[-84.5797276050656,39.100689507719],[-84.5796706053425,39.1024855080474],[-84.5795966054988,39.1035215083985],[-84.5794066040659,39.1061875085925],[-84.5793616051269,39.1066645084908],[-84.5790856049407,39.1097675089363],[-84.5789616051292,39.1097615097731],[-84.5787826042819,39.1097905097793],[-84.5776346039665,39.1100215097648],[-84.5774586042467,39.1119335102173],[-84.5772606048791,39.1140255102355],[-84.5771476041173,39.1153415099336],[-84.577095605335,39.1159935109182],[-84.5769976049412,39.1169545112128],[-84.5779096056115,39.1170175117392],[-84.5777276047629,39.1188565108268],[-84.5775736049101,39.1205165114036],[-84.5766556043539,39.1204665115832],[-84.5757076046389,39.1204065122028],[-84.5747886043625,39.1203505119021],[-84.5747376044411,39.1203615120488],[-84.5747026047343,39.1203795115879],[-84.5746716038406,39.1204075122927],[-84.5746526049606,39.120441511739],[-84.5744676048932,39.1220975121214],[-84.5743376040402,39.1234475129],[-84.5742486049634,39.1238285121366],[-84.5742046045833,39.123990512274],[-84.5739906050217,39.1244925127467],[-84.5739166052703,39.1246695121717],[-84.5738936046351,39.1248065127216],[-84.5738866038185,39.1249705132479],[-84.5738976045043,39.1251075127156],[-84.5739236036471,39.1252435130703],[-84.5739756051627,39.125403513252],[-84.5740486045404,39.1255585135308],[-84.5741596038714,39.1257295129631],[-84.5741836047703,39.125869512708],[-84.5741886046123,39.1260385128258],[-84.5741726056112,39.1261785129351],[-84.5741396047009,39.126380512543],[-84.574114605045,39.126495512996],[-84.5740116052685,39.1269685127991],[-84.5739276045186,39.1276105125716],[-84.573367604749,39.1275795128078],[-84.5727216041122,39.1276415129966],[-84.5723066037675,39.1277045140254],[-84.5719456045371,39.127824513192],[-84.5712586041535,39.1280305135322],[-84.5709086035694,39.1281535142665],[-84.5709286034428,39.1283095137425],[-84.5709156041885,39.1284825134517],[-84.570797603735,39.1286205139453],[-84.5705996036288,39.1287085137687],[-84.5704026037953,39.128774513578],[-84.570055604453,39.1288075134063],[-84.5698896036858,39.1288235131968],[-84.5690756038365,39.1288505138037],[-84.5687906042326,39.1288565135007],[-84.5685306033217,39.1288305137417],[-84.5683086028994,39.1287695138046],[-84.5680496033407,39.1286515132772],[-84.5676826036012,39.1284775135744],[-84.5674316025129,39.1283575137793],[-84.5673096032663,39.128299513719],[-84.5671846027191,39.1282255141221],[-84.5671716034369,39.128218513299],[-84.5670416021325,39.1281615134623],[-84.5669086026599,39.1281195134041],[-84.5661816016906,39.127977513856],[-84.5659766022526,39.1279315133526],[-84.5657766016338,39.1278725132992],[-84.5655836017194,39.127801514245],[-84.5653686021505,39.1277035143585],[-84.5651336022432,39.1275655137375],[-84.5640896021827,39.1271545134756],[-84.5642166020337,39.1268975134533],[-84.5641466022628,39.1268315127302],[-84.5640436015516,39.1267505134409],[-84.5639286018293,39.126678512861],[-84.5638056019461,39.1266175130469],[-84.5636736012178,39.1265675137684],[-84.5626826015997,39.1261615134401],[-84.562486601664,39.1260955130567],[-84.5622516010359,39.1260335130702],[-84.5620456014197,39.1259935127585],[-84.5617896016117,39.1259185131005],[-84.5622126012037,39.1254615134267],[-84.5615046007717,39.1253475127372],[-84.5611256007662,39.1252855135197],[-84.5605046009415,39.1251825138421],[-84.5600546012028,39.12504851342],[-84.5590786003738,39.1248465134545],[-84.5590845998621,39.1246875131675],[-84.5566255991718,39.1245135128067],[-84.5533875988911,39.1242945134623],[-84.5533615980541,39.1246705130581],[-84.5533205987386,39.1250445140241],[-84.5514065982226,39.1249045139021],[-84.550791598209,39.1248545138935],[-84.5503975981022,39.124819513222],[-84.5502725972011,39.1248265134322],[-84.5501215979747,39.1248595132485],[-84.5498185981996,39.1249745139557],[-84.5496505967396,39.1250205139441],[-84.5494785973508,39.1250515145377],[-84.5480355968729,39.1251795135899],[-84.5478295971275,39.1251975140418],[-84.5465275967278,39.1248075139593],[-84.54526659608,39.1243645141486],[-84.5447045963724,39.1237895134015],[-84.5442965956172,39.1233735136535],[-84.5435915959829,39.1225865140158]]]},"properties":{"OBJECTID":14,"SNA_NAME":"East Price Hill","SNA_NUMBER":13,"ACRES":1923.13394689,"SQMI":79.733,"app_id":"CIN-SNA-014","canonical_slug":"east-price-hill","display_name":"East Price Hill"}},{"type":"Feature","id":15,"geometry":{"type":"Polygon","coordinates":[[[-84.4251565635418,39.1662985276256],[-84.4248305633131,39.166209527561],[-84.4231245626082,39.1657455274377],[-84.4228935625601,39.1656755274492],[-84.4225475635201,39.1655565275029],[-84.4221795626841,39.1653715276642],[-84.4219785622647,39.1652485271062],[-84.4215835625509,39.1650075275853],[-84.4207885625853,39.1644135269347],[-84.4205965629102,39.1642515272559],[-84.4188425619029,39.1627665272606],[-84.4186655614663,39.1626165263917],[-84.4168685605943,39.1610955264513],[-84.4162775602633,39.1606065264432],[-84.4150655594213,39.1598945264607],[-84.412831559385,39.1585835265968],[-84.4112875583214,39.1578205260308],[-84.4101825591273,39.1572745264915],[-84.4095715583741,39.156972526965],[-84.4090995575624,39.1567205266374],[-84.4084675584846,39.1563725267387],[-84.4074635573431,39.1555705262127],[-84.407290557712,39.1553715264116],[-84.4068825572045,39.1548995263547],[-84.406579557837,39.1543785265479],[-84.4063475566722,39.1537995253487],[-84.4062035574471,39.1533005259535],[-84.4061625568554,39.1531325259008],[-84.4061295575385,39.1529325258338],[-84.4061385566608,39.1526495251529],[-84.4061125568835,39.1522075258569],[-84.4060235563656,39.1504275247343],[-84.4059965568968,39.150003524893],[-84.4043305565112,39.1501525247621],[-84.4045185559133,39.1497405258784],[-84.4045188755348,39.1497371607889],[-84.4045192685358,39.1497371876709],[-84.4045206643414,39.1497372836768],[-84.4045251774551,39.1496886860385],[-84.4045366271693,39.1495654101682],[-84.4045367829188,39.1495637272396],[-84.4045544397429,39.1493736166308],[-84.4045574632312,39.1493410659913],[-84.4045800665935,39.1490976906221],[-84.4045823518383,39.1490730854379],[-84.4045917758235,39.1489716146609],[-84.4046020982332,39.1488604676693],[-84.4046048079692,39.148831286525],[-84.4046268161774,39.1485943153232],[-84.4046362993395,39.1484922146634],[-84.4046454139546,39.1483940655476],[-84.4046502701789,39.1483417807605],[-84.4046739981201,39.1480862945029],[-84.4046745086902,39.1480807954032],[-84.4046879033008,39.1479365608435],[-84.4046924415653,39.147887704185],[-84.4046960943059,39.147848359546],[-84.4047975561311,39.1470555246258],[-84.4049645557696,39.1457625245079],[-84.405095556072,39.1448975244101],[-84.4051682323154,39.144424634188],[-84.4051685229935,39.1444230211203],[-84.4051685254219,39.1444227264522],[-84.405168555808,39.1444225241282],[-84.4051687636235,39.1443890322158],[-84.405170052112,39.1442075489396],[-84.4051708054464,39.1441014055556],[-84.4051708102001,39.1441007270219],[-84.4051693010015,39.1440805161833],[-84.405156969296,39.1439154090001],[-84.4051561485824,39.1439044221341],[-84.4051561375187,39.1439042700463],[-84.4051363736775,39.1436352596204],[-84.405134678907,39.1436115730553],[-84.4051346027407,39.1436105129247],[-84.4052016297308,39.1434077615174],[-84.4052094019571,39.1433842491526],[-84.4052247249187,39.1432014315015],[-84.405302555448,39.1429475236975],[-84.4052197635441,39.1422928031033],[-84.4052544159539,39.1422745118144],[-84.4052723524278,39.1422650439393],[-84.4052729113805,39.1422647491356],[-84.4053036077826,39.1422485455956],[-84.4053073481845,39.142246572197],[-84.4053261538468,39.1422366449336],[-84.4053485288189,39.1422248353771],[-84.4053978768475,39.1421987863607],[-84.4054190220924,39.1421876249998],[-84.4054419639338,39.1421755150841],[-84.4055278162483,39.1421672789732],[-84.405527972035,39.1421672637987],[-84.4055244781808,39.142145419623],[-84.4055231117135,39.142136880744],[-84.4055163511387,39.1420946140472],[-84.40551655581,39.1420945241869],[-84.4055067449769,39.1420220194796],[-84.4055017246817,39.1419840255713],[-84.4054892922648,39.1418899263436],[-84.4054890462904,39.1418880653084],[-84.4054887653594,39.1418859390517],[-84.4054793227626,39.1418144680478],[-84.4054639965812,39.1416984634194],[-84.4054508206236,39.1415987406281],[-84.4054453308581,39.1415590470304],[-84.4054415320981,39.1415315855993],[-84.4054238454836,39.141403703082],[-84.4053996303589,39.141228617948],[-84.4053987367639,39.1412221571196],[-84.4053763210494,39.1410607818139],[-84.4053695348616,39.1410119273881],[-84.4053656279915,39.140983804592],[-84.4053622785481,39.1409596857057],[-84.4053511398307,39.1408794974206],[-84.4053499526924,39.1408736036424],[-84.4053035553122,39.140540523501],[-84.4053205562707,39.1402635241908],[-84.4053236790399,39.1401702387897],[-84.4053238876202,39.1401702506789],[-84.4053297605232,39.1399973398107],[-84.4053335260023,39.1398862733435],[-84.4053358990042,39.1398163840151],[-84.4053359276645,39.1398155203823],[-84.4055445564026,39.1398135240697],[-84.4063315558497,39.139867523391],[-84.4063445564602,39.13946652315],[-84.4075225559914,39.1395555233264],[-84.4076445565291,39.1395675229431],[-84.4079525566873,39.1395815233935],[-84.4080815562342,39.1395875229075],[-84.4083885565419,39.1400225231333],[-84.4089745572474,39.1408555230536],[-84.4093285577472,39.1412195236217],[-84.4097875568707,39.1416495230336],[-84.409882557514,39.1417465226036],[-84.4103595578681,39.1420035232095],[-84.4109265578986,39.1422795237918],[-84.4109755577795,39.1422955235004],[-84.4116365575222,39.1425155235538],[-84.4126585579592,39.1428305235535],[-84.4135715578748,39.143001522994],[-84.4144425589443,39.1431285234527],[-84.4178295604192,39.1432945230071],[-84.4200235597342,39.1434035235893],[-84.4201445609305,39.1434095233367],[-84.4202645611104,39.143418523672],[-84.4220575615535,39.1435595234295],[-84.4235455616711,39.1436495234137],[-84.4334495651005,39.1442085228228],[-84.4354795657668,39.1443185231523],[-84.4365115657621,39.1443855226308],[-84.437315565051,39.1444265229156],[-84.4396945661134,39.1445955218744],[-84.4412685671227,39.1446975219888],[-84.4427475670378,39.1448075232243],[-84.442849567717,39.1448175226842],[-84.4428461606718,39.1448530480921],[-84.4428461039017,39.1448530454394],[-84.4428433745214,39.1448821091504],[-84.4428426403294,39.1448898332103],[-84.4428426010891,39.1448902555412],[-84.4428425714466,39.1448905227373],[-84.4428424817094,39.1448912531593],[-84.4428305678038,39.1449855219983],[-84.4427793741936,39.1454056663906],[-84.4427724287265,39.1454614580663],[-84.4427664877843,39.1455507955829],[-84.4427430401986,39.1459033884042],[-84.4427365415079,39.1460011020509],[-84.4427185627248,39.1462715219846],[-84.4427185514723,39.1462716591268],[-84.4427031085971,39.1464525427119],[-84.4426605669895,39.1469505236135],[-84.4426295672861,39.1473665226975],[-84.4425965649437,39.1477275233437],[-84.4425965464158,39.1477276903411],[-84.4425405675642,39.1481565237889],[-84.4425379357956,39.1482070524327],[-84.4425352317913,39.1482529150489],[-84.4425219857155,39.1484246804643],[-84.4425143180534,39.1485241210648],[-84.4425035671708,39.1486615233567],[-84.4424896695204,39.1487845450672],[-84.4424811892671,39.1488588520563],[-84.4424764184896,39.1489006505925],[-84.442443476994,39.149256160235],[-84.4424410556212,39.1492884263572],[-84.4424312132812,39.1494196045407],[-84.4424185676066,39.1495865232313],[-84.4424167615291,39.1496078903269],[-84.4424157079855,39.1496195553444],[-84.442412250997,39.1496578125157],[-84.4424069554437,39.1497287414091],[-84.4423570144105,39.15036216694],[-84.4423554998297,39.1503802647871],[-84.4423509617367,39.1504191833843],[-84.4423275673083,39.1506155235027],[-84.4422745671939,39.1512505237706],[-84.4422663391538,39.1513401139413],[-84.442254411081,39.1514625223323],[-84.4422269684461,39.151744145998],[-84.4422120883164,39.1519142835073],[-84.4421854224864,39.1522191771493],[-84.4421712240746,39.1523647822192],[-84.4421359508833,39.1527265241975],[-84.4421293883147,39.1528008269291],[-84.4421059380837,39.1530663204264],[-84.4421035678018,39.153091524449],[-84.4421034294091,39.1530929656808],[-84.4420736402266,39.1532438747979],[-84.4420587299106,39.1533194111568],[-84.4419702516142,39.1533112891016],[-84.4419244166557,39.1533680932545],[-84.4419187135887,39.1533751616837],[-84.4418750000417,39.1534293380811],[-84.4418708992486,39.1534344208784],[-84.4418670826246,39.1534391502257],[-84.4418635054446,39.1534435827346],[-84.4418606611873,39.1534471082662],[-84.4418521294956,39.1534576821393],[-84.4418359119973,39.1534777813583],[-84.4418191965331,39.1534984961948],[-84.4417903375225,39.1535342621338],[-84.4417858316552,39.1535398463659],[-84.4417797682731,39.1535473614155],[-84.4417743144113,39.1535685634187],[-84.4417636471916,39.1536100389598],[-84.4417513420968,39.1536538881577],[-84.4417461230198,39.1536724886144],[-84.4417272021471,39.1537346904492],[-84.4417188513313,39.1537601513805],[-84.4417135841375,39.1537762144947],[-84.4417068898311,39.1537966254545],[-84.4417015719474,39.1538117334447],[-84.4416851924858,39.1538582746007],[-84.4416822299774,39.1538661503835],[-84.4416621165508,39.153919619759],[-84.4416411858091,39.1539718639264],[-84.4416376684402,39.1539806418999],[-84.4416135618584,39.154037313644],[-84.4406465676514,39.1553675243103],[-84.4394839111788,39.1564126639589],[-84.4393667322216,39.1565003719303],[-84.4393357345479,39.1565254879001],[-84.4393366232019,39.1565259866138],[-84.439347524413,39.1565321014588],[-84.4384575668584,39.1573015248249],[-84.438138566552,39.1576485249723],[-84.437416566727,39.1584305254225],[-84.4372405662508,39.1586175247311],[-84.4374985664841,39.1591525251277],[-84.437578634465,39.159176225509],[-84.4374462483803,39.1593869101096],[-84.4375143382693,39.1594067011534],[-84.4369443443995,39.1603093479159],[-84.4366987002826,39.1606983442939],[-84.436689190286,39.1607135013025],[-84.4366891370672,39.1607135859851],[-84.4366089378583,39.1608414323117],[-84.4362301889491,39.1607976289438],[-84.4362209020852,39.1608131597091],[-84.4362209265858,39.1608132088555],[-84.4362208567153,39.1608132352503],[-84.4361990413172,39.1608497182088],[-84.4361188370028,39.160983845193],[-84.4360695003547,39.1610663515916],[-84.4360220577754,39.1611456926391],[-84.436006530805,39.161171657621],[-84.4359918646046,39.1611961837365],[-84.435978655511,39.1612182735255],[-84.4359645225904,39.1612419086473],[-84.4359640113464,39.1612446508416],[-84.4359623296401,39.1612474630317],[-84.4359633055128,39.16124843785],[-84.4359608626076,39.1612615567691],[-84.4358728681296,39.1617335611208],[-84.4358926341212,39.1617711113652],[-84.4358896293866,39.1617840026949],[-84.4358895725083,39.1617842487186],[-84.4358856888931,39.1618009056172],[-84.4358728191681,39.1618294814908],[-84.4358543444918,39.1618561290612],[-84.435847393663,39.16186403791],[-84.435854942685,39.161871166817],[-84.4358548003821,39.16187133678],[-84.4358551649144,39.1618713775474],[-84.4359143036559,39.1619272295665],[-84.4359309980139,39.16194511161],[-84.4359321249483,39.1619463181692],[-84.4358905668812,39.1619945256776],[-84.4360128543809,39.1620383077678],[-84.4360326898142,39.1620625327182],[-84.4360412771425,39.162074581806],[-84.4360837262114,39.1621341415996],[-84.4360679509246,39.1621330318225],[-84.4360748848225,39.1621430794401],[-84.4360842618797,39.1621569074466],[-84.4360845984772,39.1621574045899],[-84.4360848313207,39.162157748492],[-84.4360850110558,39.1621580130909],[-84.4360867976984,39.1621606484466],[-84.4360867573831,39.1621606554267],[-84.436133119961,39.1622098513428],[-84.4361539128234,39.162246351846],[-84.4361688571644,39.1622725865895],[-84.4361811319691,39.1622974945651],[-84.4362004335624,39.1623366608134],[-84.4362277681304,39.1624019059809],[-84.4361711042201,39.1624631853353],[-84.43612790412,39.1625198528752],[-84.4361130889349,39.1625430966479],[-84.4361044132697,39.1625567079562],[-84.4360882591747,39.1625958822818],[-84.436079806479,39.1626364957895],[-84.4360792442043,39.1626776371092],[-84.4359174380159,39.1630337848846],[-84.4357704283429,39.163357360847],[-84.4357223596231,39.1634631612688],[-84.4356391683969,39.1636361035512],[-84.435593262766,39.1637315350457],[-84.4355925547588,39.1637318405909],[-84.4355912047463,39.1637358149443],[-84.4355608001328,39.1637990208439],[-84.4355620560647,39.1638003297709],[-84.435572989082,39.1638117315642],[-84.435418240044,39.1639174156345],[-84.4353472490527,39.1638967689091],[-84.435254921201,39.163800486268],[-84.435249560168,39.1638043527531],[-84.4352482789254,39.1638052769432],[-84.4350118925504,39.1639757680879],[-84.4348560511756,39.1639676101349],[-84.4348495326103,39.1639672683831],[-84.4347167461127,39.1639603167868],[-84.434716112573,39.163966607381],[-84.4346815662558,39.1639645266149],[-84.4346515663293,39.1644725260829],[-84.43464856674,39.1645355268387],[-84.4346405671513,39.1646675263903],[-84.4346038451026,39.165067151185],[-84.4344756680461,39.1663199348293],[-84.4344658670016,39.1664157294587],[-84.4344664901156,39.1664307568833],[-84.4345111538276,39.166431122847],[-84.4345484013908,39.1664314286913],[-84.434557934995,39.1664315075341],[-84.4346405665239,39.1664325276661],[-84.4357025662461,39.1664965262548],[-84.4360695664118,39.1665185271396],[-84.4358515657811,39.1687338538292],[-84.4358453996832,39.1687848159305],[-84.4358431839611,39.1688031253495],[-84.4358393446433,39.1688348517434],[-84.4358394510087,39.1688354356231],[-84.4358397441792,39.1688370444347],[-84.4358396705336,39.1688376484381],[-84.435816890568,39.1690239804252],[-84.4358118885182,39.16906488767],[-84.4357938179291,39.1692162900669],[-84.4357752950058,39.1693714860409],[-84.4357654428619,39.1694540305048],[-84.4357374277155,39.169688750148],[-84.4357251152033,39.1697919056706],[-84.4353445668982,39.169976527787],[-84.4341115669736,39.1707655274968],[-84.4339985676387,39.1708345277776],[-84.4331175663945,39.1697705272586],[-84.4328335657626,39.1694835278265],[-84.432471566128,39.1691605274624],[-84.4317395655841,39.1685955275168],[-84.4306305656434,39.1679455273083],[-84.4288865651927,39.1673295280482],[-84.4273955640047,39.1668975280345],[-84.4272125653071,39.1668555277499],[-84.4270475644846,39.166811527039],[-84.4260055641279,39.166529527841],[-84.4258125634957,39.1664725275452],[-84.4254895643965,39.1664005274034],[-84.4251565635418,39.1662985276256]]]},"properties":{"OBJECTID":15,"SNA_NAME":"Oakley","SNA_NUMBER":33,"ACRES":1644.45968779,"SQMI":79.733,"app_id":"CIN-SNA-015","canonical_slug":"oakley","display_name":"Oakley"}},{"type":"Feature","id":16,"geometry":{"type":"MultiPolygon","coordinates":[[[[-84.4165305681847,39.174164653068],[-84.4165275618909,39.1741695294146],[-84.4165250856801,39.1741757187741],[-84.4165206883134,39.1741849357119],[-84.4165161989127,39.1741943433809],[-84.4165054087554,39.1742191514853],[-84.4164959504603,39.1742442817657],[-84.4164873784838,39.1742695685915],[-84.4164796952091,39.1742950993207],[-84.4164737822229,39.1743208566846],[-84.4164683124201,39.1743466932219],[-84.4164682210968,39.174347334443],[-84.4164647858023,39.1743715407875],[-84.4164645615949,39.1743725301893],[-84.4164635036449,39.1743830164237],[-84.4164617951528,39.1743988086016],[-84.4164406712632,39.1746057062574],[-84.4164391062141,39.1746210284439],[-84.4164277270562,39.1747324813147],[-84.4164171773188,39.1748358078479],[-84.4164113359923,39.1748930171358],[-84.4164087360777,39.1749184845937],[-84.4164084948177,39.1749208438016],[-84.4164086478912,39.1749208538866],[-84.4164092010534,39.1749208906985],[-84.4163695623829,39.1753135296386],[-84.4163035623547,39.175959529978],[-84.4162645618253,39.1760935299159],[-84.4161905617863,39.1762495293613],[-84.4161255614875,39.1763385301827],[-84.4158395616502,39.1766225299679],[-84.4157735617182,39.1767245296335],[-84.4157225614492,39.1768315298732],[-84.4156895613697,39.1769435298075],[-84.4156735618226,39.1770575303066],[-84.4156115611116,39.1777595306345],[-84.4155545611967,39.1783155300221],[-84.4155165612453,39.178757530703],[-84.415498561415,39.1788125304963],[-84.415464562258,39.1788625299221],[-84.415418560973,39.1789055303132],[-84.4153595618344,39.178939529851],[-84.415293562473,39.1789625301749],[-84.4152215613082,39.1789735308944],[-84.4151495611922,39.1789715309889],[-84.4151135614921,39.1789665301126],[-84.4146595608974,39.1789445303092],[-84.4145735621751,39.1798985306861],[-84.4148535610919,39.1798525305026],[-84.415395561872,39.179741530292],[-84.4163105624887,39.1795425299721],[-84.4166025627143,39.1794825302104],[-84.4167865620332,39.1794585308357],[-84.4169725631655,39.1794475301885],[-84.417093562096,39.1794495300997],[-84.4172295624974,39.1794685298398],[-84.4172635622177,39.1794665298944],[-84.4173505619111,39.1795255302873],[-84.4174615624803,39.1796115306818],[-84.417633562602,39.1797945300717],[-84.4177315633994,39.1799185304726],[-84.4178355623169,39.1800755299664],[-84.4178975623909,39.1801515298384],[-84.4179745625943,39.1802175310148],[-84.4180655631185,39.1802725300628],[-84.4177395625292,39.1815165301592],[-84.4186845627534,39.181699530823],[-84.4185015628855,39.1832515306569],[-84.4203305632356,39.1859265314071],[-84.4204425636013,39.1860875318571],[-84.4204835637418,39.1862545315493],[-84.4205025639692,39.1864225315315],[-84.4205025638032,39.1865635312511],[-84.4204875637157,39.1867045315047],[-84.4204385638878,39.1869545311509],[-84.4203645642885,39.1874255316481],[-84.4199845640145,39.1912755330548],[-84.4200505645575,39.1913425322441],[-84.4201305648483,39.1914015321636],[-84.4201485644815,39.1914245323822],[-84.4201695646991,39.1914765321475],[-84.4201025644566,39.1922005320934],[-84.4200185633469,39.1930525329898],[-84.4199855645699,39.1933235328159],[-84.419964563881,39.1935005334732],[-84.4195470220302,39.1934867804465],[-84.4194432118552,39.1934808024253],[-84.4193021658866,39.19347271115],[-84.4191596698674,39.1934646463923],[-84.4191227775823,39.1934623499941],[-84.4190201746132,39.1934565219167],[-84.4189025805924,39.1934498415622],[-84.4187314388766,39.1934401200769],[-84.4185927876398,39.1934322433228],[-84.4184494339713,39.1934240990747],[-84.4183395101238,39.1934178544508],[-84.4183091789895,39.1934161313704],[-84.418168804587,39.1934081564615],[-84.4181642482473,39.1934078975179],[-84.4180279338882,39.1934001535476],[-84.4178865738376,39.1933921225123],[-84.4177649539737,39.1933722862612],[-84.4176239219862,39.1933636295958],[-84.4175145134962,39.1933569152636],[-84.4174829109395,39.1933549751164],[-84.4173426630836,39.1933463673203],[-84.4172016799317,39.1933377138413],[-84.4171833630323,39.1933365893269],[-84.4170600449851,39.1933290196042],[-84.4170187801075,39.1933264875464],[-84.4169197346132,39.1933204078265],[-84.4167788118702,39.1933117573425],[-84.4166458895361,39.1933035980184],[-84.4166351148939,39.1933029362762],[-84.416634985001,39.1933029285109],[-84.4165570837315,39.1940413703532],[-84.4164738768045,39.1948300782391],[-84.4164688612527,39.1948881603206],[-84.4145790750642,39.1947493065438],[-84.4132116137202,39.1946487687196],[-84.4126433411101,39.1946069835967],[-84.4122170207574,39.1945756333577],[-84.4114366296782,39.1945182431818],[-84.4113829803333,39.1945144183775],[-84.4112311788216,39.1945035950408],[-84.4111652192773,39.1944988917155],[-84.4110635617036,39.1944915336443],[-84.411136561388,39.193158533431],[-84.4111400151165,39.193091998955],[-84.4111437702059,39.1930513128101],[-84.4111439747502,39.1930490848717],[-84.4111515763095,39.1929667307873],[-84.4111765007617,39.1926967211745],[-84.4111925411382,39.1925228729688],[-84.4111950244666,39.1924959633369],[-84.411207637452,39.1923593126103],[-84.4112194068378,39.1922317893925],[-84.4112203054588,39.1922220473918],[-84.411232970826,39.1920848146485],[-84.4112372061503,39.1920389299211],[-84.4112376244973,39.1920343891966],[-84.4112459774695,39.1919476582699],[-84.4112555843882,39.1918479043507],[-84.4112591299257,39.191811096848],[-84.4112620458903,39.1917808121459],[-84.4112707411913,39.1916905364456],[-84.4112723373699,39.1916739623807],[-84.4112779879553,39.1916152826561],[-84.4112857144409,39.191535063659],[-84.4112927554187,39.1914619504293],[-84.4112986389953,39.1914008557868],[-84.4113011101039,39.1913752023435],[-84.4113118408849,39.1912637781605],[-84.4113248223495,39.1911289845929],[-84.4113387463364,39.1909844059471],[-84.4113459058083,39.1909046720073],[-84.4113462603957,39.1908975752931],[-84.4113536722131,39.1907491061855],[-84.411356426703,39.1907183366949],[-84.4113610406294,39.1906667973447],[-84.4113676923332,39.1905924894802],[-84.4113754317937,39.1904284033334],[-84.4113894923789,39.1901303234812],[-84.4113903403855,39.190112339057],[-84.4114114549475,39.1896646940287],[-84.4114115029888,39.1896625020041],[-84.4114123342684,39.18964594594],[-84.4114164546107,39.1895689902799],[-84.4114165196831,39.1895677647481],[-84.411330989826,39.1895974949916],[-84.4112127841801,39.1896410532161],[-84.4111363696353,39.1896692113729],[-84.4109165616501,39.1893025325807],[-84.4107284719134,39.1889895144765],[-84.4106073771757,39.1887876250088],[-84.410511940487,39.1886285122597],[-84.410400953379,39.1884240279425],[-84.4103994431492,39.1884210723019],[-84.4103676989636,39.1883512377044],[-84.4103657561634,39.1883463394214],[-84.4103654998445,39.1883463229191],[-84.4103345605293,39.1882395322419],[-84.4103225610112,39.1881295320749],[-84.4103255607159,39.1880735323585],[-84.4083005605761,39.188014532396],[-84.4078135595755,39.1879545326682],[-84.4076965600445,39.1879405323466],[-84.4045625596094,39.1875975324801],[-84.404344558556,39.1875685327912],[-84.4011595904109,39.1873785351943],[-84.4011618741,39.187355451129],[-84.4011619096803,39.1873550973545],[-84.4011865582165,39.1871095317187],[-84.4012295327219,39.1866492226653],[-84.4012694338826,39.1862253192275],[-84.401276983924,39.1861451111257],[-84.4012923583348,39.1858856481382],[-84.4013048429462,39.1856749603144],[-84.4013413020674,39.1854025440668],[-84.4013712636829,39.1851786845972],[-84.4013719877827,39.1851732703406],[-84.4013724537037,39.1851681125951],[-84.4013728643031,39.1851635630295],[-84.4013771828466,39.1851156969658],[-84.4013791772545,39.1850936078269],[-84.4013828590586,39.1850528016133],[-84.40140215756,39.1848389458854],[-84.4014131100085,39.1847175874337],[-84.4014350632551,39.1844743084057],[-84.401445210268,39.1843618650148],[-84.4014537675216,39.1842670405831],[-84.4014578139828,39.1842209746602],[-84.4014855345324,39.18396177773],[-84.4014992068519,39.1838339424407],[-84.4015207803259,39.1836322218597],[-84.4015301534356,39.1835445794166],[-84.4015447882923,39.1834077417716],[-84.4015475719737,39.1833817104298],[-84.4015486048753,39.1833720510072],[-84.4015486085292,39.1833720149074],[-84.4015564689327,39.1833008170606],[-84.4016130202203,39.1833044968815],[-84.4016506097784,39.1833076712022],[-84.4016587936356,39.1833083587588],[-84.40170354448,39.1833121229543],[-84.4018534720228,39.1833247316026],[-84.4020703791448,39.1833429732344],[-84.402070858379,39.1833430140308],[-84.4022463669358,39.183357773291],[-84.4024192311702,39.1833723107579],[-84.4024428951748,39.1833743004228],[-84.402509731315,39.183379894253],[-84.4025952020541,39.18338707903],[-84.4026970939181,39.1833956423413],[-84.4027379379447,39.1833990755798],[-84.4027712317248,39.1834018776072],[-84.4029471470545,39.1834166832001],[-84.4029657044802,39.1834182456589],[-84.4031231265154,39.1834314171975],[-84.4031939148032,39.1834373395362],[-84.4032991370152,39.1834461828558],[-84.4034721732413,39.1834607267511],[-84.4035795375227,39.1834697500089],[-84.4035795339674,39.1834697897112],[-84.4036377523607,39.1834752549052],[-84.4036479777068,39.1834762142608],[-84.4038046616116,39.183490119593],[-84.4038238921274,39.1834918258409],[-84.4039321809823,39.1834999749479],[-84.4039830546135,39.1835038035636],[-84.4040000252372,39.1835050801554],[-84.4041523705428,39.183517886731],[-84.4041759847643,39.1835198723561],[-84.4043488689806,39.1835343886129],[-84.4045249328504,39.1835491803758],[-84.404903245158,39.1835809613586],[-84.4051638347545,39.1836028524874],[-84.4051953265826,39.1836054978094],[-84.4051988517448,39.1836057949094],[-84.4052036428438,39.1836061982597],[-84.4052094864155,39.1835445676093],[-84.4052097088728,39.1835422258614],[-84.4052207462793,39.1834258300351],[-84.4052214683891,39.1834182191434],[-84.4052225883025,39.1834064075644],[-84.4052315543777,39.1833118661662],[-84.4052355659771,39.1832695605099],[-84.4052398215724,39.1832246829964],[-84.4052486343963,39.1831317496928],[-84.4052490890311,39.183126955214],[-84.4052529609284,39.183086115975],[-84.4052616081954,39.1829949342281],[-84.4052628217795,39.1829950314265],[-84.4052674355136,39.1829487613894],[-84.4052764670885,39.1828581769975],[-84.4052809433604,39.1828132850433],[-84.4052900979323,39.1827214741695],[-84.4052934283435,39.1826880770691],[-84.4052944822939,39.1826775054462],[-84.4052950500841,39.1826718036035],[-84.4053037377305,39.1825846765849],[-84.4053058947542,39.182563039685],[-84.4053071618472,39.1825503382014],[-84.4053152341781,39.1824693814227],[-84.4053168705404,39.1824529644572],[-84.4053173792528,39.1824478591454],[-84.4053183813767,39.1824378100522],[-84.4053194773892,39.1824268259809],[-84.4053310219036,39.1823110425839],[-84.4053310873195,39.1823103810765],[-84.4053317727051,39.1823035087049],[-84.4053433189804,39.1821877063545],[-84.4053440952933,39.1821799179743],[-84.4053446633196,39.1821742251371],[-84.405355800065,39.1820625335642],[-84.4053563924218,39.1820565853441],[-84.4053584148817,39.1820363057556],[-84.4053685158169,39.1819350017018],[-84.4053686660391,39.1819334972674],[-84.4053721975788,39.181899408493],[-84.4053823411011,39.1818015122194],[-84.4053863693171,39.1817626435899],[-84.4053954374537,39.1816751264763],[-84.4054005096914,39.1816261756262],[-84.4054096824545,39.1815376512751],[-84.4054146654819,39.1814895524326],[-84.4054150849187,39.181485509964],[-84.4054238923903,39.1814005073121],[-84.4054303673819,39.1813380121098],[-84.4054337916085,39.181304963045],[-84.4055721050254,39.1813073970004],[-84.4059130482048,39.1813350490972],[-84.4059404084878,39.1813372674325],[-84.4059831382357,39.1813407334019],[-84.4060008025796,39.1813421658813],[-84.4060885581293,39.18134928258],[-84.4061141583822,39.181351358604],[-84.4062908541494,39.1813656885259],[-84.4064301746227,39.1813769869723],[-84.4064664176026,39.1813799259659],[-84.4065757069803,39.1813887895302],[-84.4066417595488,39.1813941460592],[-84.4068170876067,39.1814083634138],[-84.4069054536217,39.1814155298297],[-84.4069525006444,39.1814193452421],[-84.4069924064784,39.1814225806556],[-84.407167781111,39.1814368021229],[-84.4071855383199,39.1814382419059],[-84.40734461188,39.1814511408414],[-84.4074286550078,39.1814579562696],[-84.4075199402467,39.1814653580344],[-84.4076525793903,39.1814761134607],[-84.4076715629823,39.1814776528352],[-84.4076953417807,39.1814795809684],[-84.4078706644792,39.1814937968259],[-84.4079143840617,39.1814973413137],[-84.4080460313427,39.1815080161981],[-84.4081819529185,39.1815190368872],[-84.408259082472,39.1815224794681],[-84.4082761014369,39.1813352580919],[-84.4082771587273,39.181323633108],[-84.4082895597271,39.181191531623],[-84.4083145605235,39.1808275314343],[-84.408373559643,39.1801885306843],[-84.40844956028,39.1794915311167],[-84.4081085597604,39.1794765312862],[-84.4077479456911,39.1794515581882],[-84.4077475594166,39.1794515294018],[-84.4076542605932,39.1794440582568],[-84.4074640569964,39.1794288182412],[-84.4072410802573,39.1794109560545],[-84.4070856793516,39.1793985066372],[-84.4062141194924,39.1793286822561],[-84.4060474503493,39.1793153282141],[-84.4050439947659,39.1792349274968],[-84.404693308548,39.1792068266182],[-84.4037768753591,39.1791333869953],[-84.4035642269654,39.1791163447703],[-84.4027774251415,39.1790532866501],[-84.4023506328478,39.1790190785295],[-84.4023060658744,39.1790155071276],[-84.4022909607715,39.1790142961199],[-84.4022023755459,39.1790071956124],[-84.4021806038701,39.1790012879788],[-84.4021571407461,39.1789980687293],[-84.4021433356084,39.1789978391983],[-84.40208320134,39.1789899224758],[-84.4020477639381,39.1789852570271],[-84.4019967333036,39.178978538883],[-84.4019832045523,39.1788060670217],[-84.4019969871508,39.1786537640185],[-84.4020234711057,39.1783610959507],[-84.4020247677357,39.1783467722219],[-84.4020257603768,39.1783358015922],[-84.4020503388561,39.1780641823673],[-84.4020651673244,39.1779003203836],[-84.4021018933505,39.1774944548061],[-84.4021039329801,39.1774719143875],[-84.4021040355736,39.1774707864555],[-84.4018697392911,39.1773603994276],[-84.4018465569767,39.1770675302452],[-84.4017915580104,39.1770375303918],[-84.3996915569934,39.1755975307417],[-84.3994884321566,39.1755862664487],[-84.3997047301947,39.1751927500359],[-84.3999386607624,39.174767148074],[-84.3999439234507,39.174757573446],[-84.3999911639822,39.1746716254534],[-84.4000102286911,39.1745215976722],[-84.4001219790718,39.1736421348764],[-84.4001538687914,39.1733911624789],[-84.4001565373744,39.1733893816348],[-84.4002889422608,39.1733010363827],[-84.4006970189822,39.1730287479387],[-84.4008195782702,39.1729469695016],[-84.4010472646298,39.1727950442273],[-84.401632079688,39.1724048167347],[-84.4018137794357,39.1722835732538],[-84.401942533825,39.1721976582247],[-84.4020973906781,39.1720943248328],[-84.4023141929443,39.1719496564173],[-84.4023384253007,39.1719334869709],[-84.4025072805222,39.1718208116027],[-84.4025096658676,39.1718192191521],[-84.4026288713698,39.1718231716642],[-84.4026290307791,39.1718240574357],[-84.4026296629353,39.1718275690766],[-84.4026297609415,39.1718281107722],[-84.4026315669617,39.1718374425408],[-84.4026324833218,39.1718421739792],[-84.4026353926246,39.1718562151989],[-84.4026384887768,39.1718702317295],[-84.4026392829953,39.1718736154728],[-84.4026417717542,39.1718842226704],[-84.4026452403512,39.1718981862393],[-84.4026488957005,39.1719121215166],[-84.4026527354149,39.1719260258386],[-84.4026567594947,39.1719398992051],[-84.4026609690238,39.1719537388953],[-84.4026653616639,39.1719675440466],[-84.4026699373663,39.1719813128578],[-84.4026746972638,39.1719950444093],[-84.4026796389936,39.1720087369378],[-84.4026847636399,39.1720223877225],[-84.4026865300544,39.1720269214119],[-84.402690305002,39.1720399293987],[-84.4026989666649,39.1720666497366],[-84.4027038983168,39.1720810812497],[-84.4027080668107,39.1720932763848],[-84.4027180439408,39.1721197165549],[-84.4027284572631,39.1721459783786],[-84.4027397499119,39.1721721401814],[-84.4027519172311,39.1721980299484],[-84.4027640822427,39.1722238341571],[-84.4027775627438,39.172249359098],[-84.4027826289964,39.1722585860237],[-84.40279147944,39.1722747056916],[-84.4028058299663,39.1722997865795],[-84.4028210575312,39.1723246827886],[-84.4028371597461,39.1723493060598],[-84.4028532573389,39.1723737582147],[-84.4028706681093,39.1723978455428],[-84.4028880719417,39.1724216761971],[-84.4029063527426,39.1724453194694],[-84.402925505928,39.1724686060464],[-84.4029450906544,39.1724915422593],[-84.402953251431,39.1725007850824],[-84.4029651092389,39.1725142136649],[-84.4029720948882,39.1725218656786],[-84.4029773377434,39.1725276100353],[-84.4029855616814,39.1725366202629],[-84.4030012289193,39.1725544949479],[-84.4030488935745,39.1726088748656],[-84.4030710429889,39.1726341449171],[-84.4030969118509,39.1726636580166],[-84.4033875229881,39.1729952067858],[-84.4034484154754,39.1730646774755],[-84.4035325841701,39.1731607024569],[-84.4035755005086,39.1732096630894],[-84.4035869337304,39.1732227066442],[-84.403588573693,39.1732245772366],[-84.4036217017709,39.1732266518537],[-84.4036219349416,39.1732266705519],[-84.4036264941502,39.1732270435238],[-84.4036276136497,39.1732271350726],[-84.4036420882215,39.1732283174924],[-84.4036714828574,39.1732307191639],[-84.4036760385712,39.1732310912901],[-84.4037070608496,39.1732336266173],[-84.4037182233278,39.1732345381266],[-84.4037430286277,39.1732365655043],[-84.4037485716002,39.1732370187319],[-84.4037577062185,39.1732377643996],[-84.4037665926006,39.1732384907148],[-84.4037846170973,39.1732399635385],[-84.4038080952335,39.1732418820405],[-84.4038409446573,39.1732445657402],[-84.4038786932043,39.1732476501502],[-84.4039864608779,39.1732564562318],[-84.4040057835288,39.1732580347532],[-84.4041765308787,39.1732719867798],[-84.4042778936879,39.17328026884],[-84.4043134009768,39.1732830853669],[-84.4043411894481,39.1732852897911],[-84.4044436976532,39.1732934213557],[-84.404551909764,39.17330200608],[-84.4045794372617,39.1733041904055],[-84.4049628130064,39.1733346023552],[-84.4052335524263,39.1733560782576],[-84.4054521903941,39.1733734215068],[-84.4056488087264,39.1733890168731],[-84.4058172569434,39.1734023780728],[-84.4058366248329,39.1734039141012],[-84.4060344996631,39.1734196089052],[-84.4061733161436,39.1734306192628],[-84.4062336030676,39.1734354012133],[-84.4062712565732,39.1734383873],[-84.4064212384624,39.1734502833498],[-84.4065085205477,39.1734572055333],[-84.4065650292748,39.173461687211],[-84.4067701581298,39.173477956201],[-84.4068289545006,39.1734826199884],[-84.4068869388375,39.1734872187088],[-84.4070182443382,39.1734976316402],[-84.4071055381602,39.1735045549855],[-84.4071232959794,39.1735059632013],[-84.4072129667207,39.173513074437],[-84.4072574854121,39.1735166050526],[-84.4074010978744,39.1735279945966],[-84.4074739771559,39.17353377437],[-84.4075875412393,39.1735427800297],[-84.4075916862344,39.1735431155095],[-84.4077453887635,39.173556028064],[-84.4078243765388,39.1735626640127],[-84.4078591020467,39.1735655806159],[-84.4079616300319,39.1735741943995],[-84.4081679912505,39.1735915299674],[-84.4081742550899,39.1735920558196],[-84.4085139643079,39.1736198037908],[-84.4088661856447,39.173648572925],[-84.4088978393792,39.1736511577462],[-84.4089069613787,39.1736519032178],[-84.409009072423,39.17366024273],[-84.4091655372764,39.1736730223531],[-84.4094900984669,39.1736995301554],[-84.4095189598487,39.1737018868722],[-84.4096453616111,39.173712210886],[-84.4098002059993,39.1737248568584],[-84.4099021130806,39.1737331791242],[-84.410014006494,39.1737423171471],[-84.4101640759675,39.1737545727431],[-84.4102337074693,39.1737602592139],[-84.4104141976662,39.1737749985098],[-84.4104200446729,39.1737754761455],[-84.4104206432898,39.1737755248511],[-84.4104335055381,39.1737765753075],[-84.4106561429965,39.1737947565329],[-84.4107077869149,39.1737989739558],[-84.4108006719694,39.1738065592703],[-84.4111690394209,39.1738366394173],[-84.4111692795622,39.1738366588865],[-84.4111688029901,39.1738345430772],[-84.4111519808631,39.173759988432],[-84.4111460646462,39.1737337685443],[-84.4111072859248,39.1735618962332],[-84.4111070200245,39.1735607166977],[-84.4111101489736,39.1735605507166],[-84.4111635136561,39.1736636732076],[-84.4111836993961,39.1737026801585],[-84.4111991777801,39.1737325915683],[-84.411255597119,39.1738416166077],[-84.4112567272064,39.1738437991346],[-84.4113791862112,39.1738537988036],[-84.4113877757427,39.1738544996962],[-84.4114013979058,39.1738556123065],[-84.4114100094947,39.1738563155369],[-84.4114552461443,39.1738600093138],[-84.4114623449289,39.1738605888051],[-84.4115083867166,39.1738643485813],[-84.4115292178809,39.1738660496603],[-84.4116066444688,39.1738723717985],[-84.4116561069037,39.1739728571824],[-84.411745726293,39.1741549223645],[-84.4117604154524,39.1740112659548],[-84.411773227678,39.1738859731659],[-84.4117748137501,39.1738860668575],[-84.4119495047672,39.1738964024557],[-84.4119955102533,39.1738991237822],[-84.4120301094548,39.1739011708563],[-84.4121261784208,39.173906854674],[-84.4121683833664,39.1739093511648],[-84.4122065721122,39.1739116102127],[-84.4123010086541,39.1739171973606],[-84.4124631468268,39.1739267885834],[-84.4124779270353,39.1739276630303],[-84.4125050758844,39.1739292696789],[-84.4127187245734,39.1739419080454],[-84.412720426596,39.173942008822],[-84.4127960574906,39.173946482092],[-84.4128121316229,39.1739474333678],[-84.4128473152154,39.1739495147109],[-84.4131808428841,39.1739692428947],[-84.4133237257414,39.1739776944976],[-84.4135326733113,39.1739900539217],[-84.4138465086848,39.1740086157068],[-84.4138844900134,39.1740108623094],[-84.4141084985948,39.1740241110558],[-84.4141483245512,39.1740264658864],[-84.4142362640156,39.1740316667343],[-84.414372129178,39.1740397021741],[-84.4144121371982,39.1740420683256],[-84.4145879941853,39.1740524681164],[-84.4148178059159,39.1740660584972],[-84.41485175602,39.1740680667938],[-84.4150902032041,39.1740821673045],[-84.4151155005672,39.1740836633568],[-84.415353071326,39.1740977111251],[-84.4153792278269,39.1740992578055],[-84.4156085726228,39.1741128191962],[-84.4158187546053,39.1741252469327],[-84.4161872497681,39.1741470342859],[-84.4163866539712,39.1741588236381],[-84.4165305681847,39.174164653068]]],[[[-84.4120572647609,39.1705631474604],[-84.4120875188487,39.1705625360838],[-84.4120873922164,39.1705637527228],[-84.4120704122725,39.1705641524786],[-84.4120572647609,39.1705631474604]]]]},"properties":{"OBJECTID":16,"SNA_NAME":"Kennedy Heights","SNA_NUMBER":20,"ACRES":641.92101124,"SQMI":79.733,"app_id":"CIN-SNA-016","canonical_slug":"kennedy-heights","display_name":"Kennedy Heights"}},{"type":"Feature","id":17,"geometry":{"type":"Polygon","coordinates":[[[-84.5435605932475,39.0997745094785],[-84.5438015937956,39.0998175099305],[-84.543821593381,39.0998195088561],[-84.5440285930667,39.0998665091118],[-84.5461505951941,39.0999845089996],[-84.5463945946477,39.0999715092922],[-84.5467175948599,39.0999715094714],[-84.548218594965,39.0998785084767],[-84.549064594827,39.0998065090666],[-84.5493015954937,39.0997855086313],[-84.5500805956068,39.0996925085914],[-84.5508205951817,39.0995555092661],[-84.5510845959287,39.0994795089799],[-84.5516625966212,39.0993135084029],[-84.5525565963282,39.0989905083918],[-84.5533205964952,39.0986115079672],[-84.5535135965685,39.0985165085057],[-84.5535725965613,39.0984705090252],[-84.5538915973874,39.0982925090906],[-84.5547045965824,39.0976615080671],[-84.5555695975605,39.0969045086532],[-84.5558675963856,39.0966735079269],[-84.556177596739,39.0963875074363],[-84.5566985973016,39.0959485077672],[-84.5567477886235,39.0958990215791],[-84.5567598752857,39.0958888505145],[-84.5570431063231,39.0956030957162],[-84.557734598216,39.094977507516],[-84.5577705975811,39.0949455073972],[-84.5583665977126,39.0944055071322],[-84.5583908773726,39.0943786365134],[-84.5584271561775,39.0943458139691],[-84.5586610580943,39.0940870480555],[-84.5588545976728,39.0939075075462],[-84.5589834556471,39.0937303740872],[-84.5590574308489,39.0936485342081],[-84.5595041301171,39.0930613651784],[-84.5597362066598,39.0926939646521],[-84.5598110825514,39.0925903507841],[-84.5600444315868,39.0923011869241],[-84.5600445387579,39.0923010561695],[-84.5607845442373,39.0913995383223],[-84.5607951546651,39.0913868566353],[-84.561138598545,39.0910225069601],[-84.5613071003566,39.0907875131537],[-84.561607030281,39.09039301604],[-84.5623401484311,39.0895696988104],[-84.563182693812,39.0887080382741],[-84.5635170069304,39.0883528928037],[-84.5637358199692,39.0881691981899],[-84.5638044858596,39.0881153296914],[-84.5639259031037,39.0880096214229],[-84.5641475993672,39.0878235066791],[-84.5642875994141,39.0877175056435],[-84.5643545981975,39.0876665065961],[-84.5656365993526,39.0866915064771],[-84.5657315990697,39.0866195058577],[-84.5660405999613,39.0864085060341],[-84.5665185804135,39.0860341034761],[-84.5666601236169,39.0859354568568],[-84.5677090748186,39.0851607950714],[-84.5678457911404,39.085038107639],[-84.5693686000356,39.0839265046779],[-84.5694586000588,39.0838655054199],[-84.5697636008992,39.0836905048283],[-84.5697856000835,39.0836785044962],[-84.570363600875,39.083277504958],[-84.570868600837,39.0829975049986],[-84.5712806001121,39.0827335049725],[-84.5717595437312,39.0825084783222],[-84.5718336826233,39.0824792298227],[-84.5718545352134,39.0824638463438],[-84.5719106009656,39.0824375052462],[-84.5720026005951,39.082404504186],[-84.5725126010508,39.082223505231],[-84.5732686006152,39.0819485049065],[-84.5745296010141,39.0816085041717],[-84.5765296024037,39.0810975041222],[-84.5795196037683,39.0805205039597],[-84.5799266033719,39.0804555033493],[-84.580236603402,39.0803835040885],[-84.5809756038765,39.0802625035398],[-84.5825336042243,39.0799735037263],[-84.5826026032842,39.0799605036048],[-84.5836046044387,39.0798195033629],[-84.5840086033958,39.0797315033445],[-84.5847916037528,39.0796035035729],[-84.5858286048256,39.0793725032898],[-84.586103604394,39.0792955039613],[-84.5864756045403,39.079223503779],[-84.5885496049119,39.0787075030381],[-84.5897126059569,39.0784825031857],[-84.5898976059484,39.0784315025837],[-84.5902506054216,39.0783635029234],[-84.5904616057152,39.0783135027175],[-84.5924466065282,39.077921502724],[-84.5938292575906,39.0775830972203],[-84.5938370580913,39.0775814559608],[-84.5938407375693,39.0775802865605],[-84.5943996072585,39.0774435028204],[-84.5948956069472,39.0773225027326],[-84.595143606553,39.0772505031239],[-84.5953276076719,39.0771875025775],[-84.5962406076975,39.0768815029157],[-84.5967696075799,39.0767035024265],[-84.5969666083557,39.0765875028309],[-84.5970743182306,39.0765361715377],[-84.5970849548186,39.0765330766716],[-84.5970888399504,39.076531945792],[-84.597114545576,39.0765170013818],[-84.5973506078336,39.0764045026796],[-84.5981586079679,39.0758725020359],[-84.5985886088291,39.0755805020656],[-84.5993506088609,39.0751745021376],[-84.5999926090307,39.0748675016751],[-84.6008116086535,39.0745155018367],[-84.6014746093506,39.0743065024404],[-84.6017516096518,39.0742185019021],[-84.6023486094045,39.0740645014251],[-84.6026446097481,39.0739875016902],[-84.6034406100727,39.0738215019572],[-84.6038546096462,39.0737345015571],[-84.6040586095117,39.0737085010344],[-84.6043816101134,39.0736665005871],[-84.6044286091986,39.0744985018811],[-84.6044666093619,39.0746055017129],[-84.6046566102935,39.0760665013648],[-84.6045906099381,39.0762385024686],[-84.6045506102052,39.0763775012795],[-84.6045806098979,39.0767165018311],[-84.6039716096592,39.0767565022596],[-84.6033486100294,39.0768495022289],[-84.6029706092657,39.0769295016471],[-84.6008266089367,39.0773255028252],[-84.5995046090331,39.077544503094],[-84.5987796083378,39.0777045019558],[-84.5984106080765,39.0777805027663],[-84.5979396077626,39.0779285030708],[-84.5974426075539,39.0780955023562],[-84.5973026081758,39.0781425024787],[-84.5966316079959,39.0783845030135],[-84.5958866067664,39.0786735029744],[-84.5959466072563,39.078745502422],[-84.5959986075452,39.0787855025158],[-84.5960586072362,39.0788185026346],[-84.5961246080688,39.0788425025523],[-84.5961956074815,39.0788585025474],[-84.5962676075462,39.0788635032812],[-84.5963406073661,39.0788605025642],[-84.5964116076108,39.0788475029858],[-84.5974646073121,39.0784675021922],[-84.5975136081301,39.0784715030677],[-84.597788608573,39.0790155028287],[-84.5985376079368,39.0787275029989],[-84.5999826090209,39.0785085026916],[-84.6014906088593,39.0782645029831],[-84.6021076091573,39.0782425025543],[-84.6022466091705,39.0782465025645],[-84.6022716094369,39.0782655025401],[-84.602461609315,39.0785445023461],[-84.60246760982,39.0785535021682],[-84.6026516096815,39.0788555018315],[-84.6027246103809,39.0792095021847],[-84.6027176099314,39.079285502392],[-84.6027036101191,39.0794575034452],[-84.6025976094385,39.0798055029685],[-84.6024676102059,39.0800375030774],[-84.6023736097173,39.0802575035925],[-84.6024026089273,39.0804405026883],[-84.6025856100152,39.0806705022118],[-84.603051610187,39.0814105026068],[-84.6032566097566,39.0817965037173],[-84.6033736100299,39.0820555024381],[-84.6033274354328,39.082061872443],[-84.6030496856887,39.0820636464505],[-84.6029472247683,39.0820643010289],[-84.6029181037924,39.0820644873062],[-84.6025396100692,39.0820485037201],[-84.6016056100178,39.0820585032873],[-84.6015316096687,39.0820595034563],[-84.6014323022067,39.0820739648714],[-84.6012158632245,39.0820753448358],[-84.6012097625329,39.0820753834161],[-84.6011901728405,39.082075508095],[-84.6011900017781,39.0820755093958],[-84.6011985571444,39.0820003731687],[-84.6012392966774,39.0816425391618],[-84.6012456972728,39.0815862658912],[-84.6012492986678,39.0815546042728],[-84.6012665939855,39.0814025470692],[-84.6013115793217,39.0810070531061],[-84.6013224785823,39.0809112321372],[-84.601327611773,39.0808661008306],[-84.6013943989402,39.0802448897006],[-84.6013988918781,39.0802030975875],[-84.6014027996314,39.0801667566429],[-84.6014030501654,39.0801644228781],[-84.6014031821483,39.0801631905475],[-84.6009746057156,39.0802664151434],[-84.6009936090416,39.0799615031584],[-84.5975846084538,39.0809465026401],[-84.596599608511,39.081498503656],[-84.5917152633758,39.0833250464003],[-84.5915260793972,39.0833779930969],[-84.5914498702885,39.08339932192],[-84.5913581756546,39.0834496106795],[-84.5913067496377,39.0834778138933],[-84.5910776070678,39.0835635036365],[-84.5905256058549,39.0837315037534],[-84.5902986073014,39.0840301865076],[-84.5901280409557,39.0841236511853],[-84.5901289568483,39.0841243600041],[-84.5901541896443,39.0841439134148],[-84.5901533067522,39.0841443933857],[-84.589976544091,39.0842406151151],[-84.5899695151982,39.0842444407375],[-84.5899567977023,39.0842513640802],[-84.5899508758944,39.0842961990015],[-84.5899391235827,39.0843851679808],[-84.5880466049104,39.0851635044196],[-84.587776605058,39.0851075041606],[-84.5875236052964,39.0847535039982],[-84.5873515510348,39.0845489739991],[-84.5873072302566,39.0844731105096],[-84.5871903507411,39.0843618024205],[-84.5871493953927,39.0843227986995],[-84.5871404676349,39.0843142959747],[-84.5871118379527,39.0842870306802],[-84.5870327800091,39.0841195427106],[-84.587008895514,39.0840689412442],[-84.5870088466318,39.0840695539368],[-84.587005574505,39.0841109385776],[-84.5869991355795,39.0841923480804],[-84.5869985016856,39.0842003662178],[-84.5869836058701,39.0841885046704],[-84.5866416053519,39.0882895056829],[-84.5807476044735,39.0879645048437],[-84.580486604413,39.0908835060933],[-84.5799506039648,39.0968895070936],[-84.5798136036968,39.0968475070673],[-84.5791526034822,39.0966075069249],[-84.578990604444,39.0965365074785],[-84.5786186035388,39.0963885067811],[-84.5782376032277,39.0958985068953],[-84.5778616043476,39.095577507242],[-84.5774066030268,39.0953375069557],[-84.5745616031048,39.0940675061414],[-84.5743626022991,39.0939465071209],[-84.5740386021566,39.093767507123],[-84.5737346022644,39.0936165059353],[-84.5736456020938,39.0936945066423],[-84.5735706028855,39.093784506392],[-84.5735096018987,39.0938795068464],[-84.5730456021601,39.0946505066591],[-84.5721586018282,39.0945235067428],[-84.5720896022415,39.094486506806],[-84.5716606024844,39.0944255064791],[-84.5712416013831,39.0943635067754],[-84.5708486013864,39.0943675072345],[-84.5697486016834,39.0943675074548],[-84.5696486014161,39.094767506571],[-84.5709486012815,39.0948675066791],[-84.5704486021396,39.0958675075453],[-84.5702856009169,39.0958675072621],[-84.5696486015198,39.0958675070004],[-84.5696486010397,39.0961675076822],[-84.5690856014459,39.0960885079062],[-84.5677626005726,39.0959955080131],[-84.5651515997729,39.0958365075356],[-84.5650246001336,39.0962955078745],[-84.5650075998605,39.0963575079639],[-84.5649705998199,39.0964895078865],[-84.5647625990392,39.0963605075591],[-84.5638895996038,39.0957925075534],[-84.5637165994059,39.0956875073975],[-84.5636355990415,39.0956245076342],[-84.5635695987263,39.095551507591],[-84.5635205996814,39.0954705071041],[-84.5632615991938,39.095140506963],[-84.563239599167,39.0951175076941],[-84.5631645987412,39.0950545079923],[-84.5630785989405,39.0950005081942],[-84.5629845984062,39.0949565072983],[-84.5628825998965,39.0949235071943],[-84.5627755985776,39.0949025078517],[-84.5626655993624,39.0948935078009],[-84.5625245984456,39.0948975074479],[-84.5624215981725,39.0949165076956],[-84.5623225984273,39.0949465068418],[-84.5622305986596,39.0949875073711],[-84.5621475980272,39.0950395079562],[-84.5607955989315,39.0962565073644],[-84.5601665986039,39.096869508266],[-84.5592945987258,39.0986055087758],[-84.5592085978645,39.0987945087757],[-84.5580915974166,39.0985945078161],[-84.5580135974311,39.0985955085646],[-84.5579385979721,39.0986095075414],[-84.5579035974784,39.0986225086049],[-84.5578385973434,39.09865450841],[-84.5577545986463,39.0987145084469],[-84.5574535973351,39.0989275086026],[-84.5561355982569,39.099889509191],[-84.5557925969709,39.100139508907],[-84.5549825978747,39.1006555092128],[-84.5547465973824,39.1007665092797],[-84.5547425972036,39.1002245092168],[-84.5547245975488,39.0998895091157],[-84.5547055975464,39.0996505082231],[-84.5546805964461,39.0992805088267],[-84.5538115965183,39.099981508957],[-84.553470596066,39.1002135084581],[-84.5530315968927,39.100456508773],[-84.5524595960645,39.1007005091597],[-84.5517525961841,39.1008955091892],[-84.5511245968391,39.1010295089457],[-84.5501015956498,39.101261508795],[-84.5493765958254,39.1014075095526],[-84.5487855960188,39.1015045094738],[-84.5483045956265,39.1015235097137],[-84.5475665951355,39.1015105100019],[-84.5466465942067,39.1014685093007],[-84.5461015949934,39.1013995091641],[-84.5438095946759,39.1010965094401],[-84.5435905939493,39.1010405099996],[-84.5435845930778,39.1004455095099],[-84.5435825938461,39.1002655093957],[-84.5435605932475,39.0997745094785]]]},"properties":{"OBJECTID":17,"SNA_NAME":"Riverside_Sedamsville","SNA_NUMBER":39,"ACRES":956.11515335,"SQMI":79.733,"app_id":"CIN-SNA-017","canonical_slug":"riverside-sedamsville","display_name":"Riverside / Sedamsville"}},{"type":"Feature","id":18,"geometry":{"type":"Polygon","coordinates":[[[-84.5053465831358,39.1057185121448],[-84.504558581761,39.1052535122456],[-84.5043855822517,39.105151512562],[-84.5042915826893,39.1050975126291],[-84.5042605828976,39.1050815122567],[-84.5041395829704,39.1050165118323],[-84.5039795822783,39.1049245125053],[-84.5036885821374,39.1047565122542],[-84.5026595817861,39.104162512067],[-84.5026355815756,39.1041515117402],[-84.5013035815614,39.1033745114686],[-84.5007985815979,39.1030825118658],[-84.5003785812927,39.1028395119996],[-84.500256581077,39.1027685114481],[-84.5000965807992,39.1026755121768],[-84.4999635807166,39.1025965117595],[-84.4996785814186,39.1024395114331],[-84.4990445804294,39.1020905114899],[-84.4986685799194,39.1023355114061],[-84.4985445805538,39.1024175118585],[-84.498435580268,39.1023615116655],[-84.4975645796547,39.1018985123897],[-84.4967505796091,39.1014965115244],[-84.4961555797087,39.1012195116658],[-84.4961405794831,39.1012125114128],[-84.4962905790695,39.1010745118789],[-84.4963064683314,39.1010564851933],[-84.4963526815007,39.1010140642422],[-84.4965554781008,39.1007844852428],[-84.497029579936,39.1003655114884],[-84.4974085802601,39.1000835112287],[-84.4977405795824,39.0998385107151],[-84.4988345805746,39.0991675109735],[-84.4988515807632,39.0991565107871],[-84.4990205800888,39.0990625112069],[-84.4990965801664,39.0990185110738],[-84.4993540445683,39.0988489606936],[-84.4994407756013,39.09880022136],[-84.4995479769686,39.0987212497146],[-84.5014255134667,39.0974848312058],[-84.5022309034454,39.0969747287027],[-84.5024340059727,39.0968821339911],[-84.5030500111571,39.0965209326776],[-84.5031215808518,39.0964835100229],[-84.5040895807549,39.0960135103684],[-84.5061655818258,39.0951845096582],[-84.509479582662,39.0941505093766],[-84.5096085830062,39.0941075092543],[-84.5101345834835,39.0939455100515],[-84.510342583586,39.0938805093189],[-84.5108615831435,39.0937505102988],[-84.5134455847979,39.0932855093437],[-84.5157775846225,39.0929295097077],[-84.5159385851217,39.0929045096049],[-84.5184245853042,39.0925245084716],[-84.5196665866888,39.092375508876],[-84.5197535861468,39.092365508971],[-84.5198225864458,39.09236150922],[-84.5198735864478,39.0923575087978],[-84.5214035865639,39.0922455093444],[-84.52246758679,39.0922155084772],[-84.5225765865626,39.0922125081481],[-84.5225535872446,39.092691508795],[-84.5225155876278,39.0931775092041],[-84.522461586954,39.0939475098122],[-84.522438587846,39.0943515092473],[-84.5223855864887,39.0949865094148],[-84.5223355870544,39.0956215093685],[-84.5223355870409,39.0957505093555],[-84.5223245873446,39.0960505101527],[-84.5223105871107,39.0965065095807],[-84.5222875867955,39.0972215102845],[-84.5224245869556,39.0993015102259],[-84.5224425875487,39.0993395097373],[-84.5225435872533,39.099642510234],[-84.5226175866766,39.0998875103671],[-84.5227005877215,39.1001475104866],[-84.5227705874296,39.1003165106684],[-84.5228475881281,39.1005305105015],[-84.5229415882157,39.1007355104208],[-84.5230485871488,39.1009365106875],[-84.5231815876479,39.1011625110258],[-84.5233165884286,39.1013725108938],[-84.5233865876249,39.10147651024],[-84.5234935872378,39.1016335099807],[-84.5233545877258,39.1016365103861],[-84.5230495876541,39.1016305109382],[-84.5225415877648,39.1016205108616],[-84.5222405876332,39.101615509893],[-84.5222695872946,39.1016385108009],[-84.5221765873509,39.1016155104795],[-84.5211455877008,39.1016155100288],[-84.5203175863809,39.1016155102322],[-84.5197165863852,39.1016155106209],[-84.5181355858059,39.1018335110832],[-84.5182895863181,39.1023065111994],[-84.5184495861448,39.1029765117733],[-84.5187005863522,39.1039405110821],[-84.5187855870402,39.1042955116013],[-84.5188735867889,39.1046525114583],[-84.5189765868042,39.1051075109794],[-84.5190495868077,39.1053825114929],[-84.5190795869089,39.10555751149],[-84.5192635871383,39.1064115114261],[-84.518432586757,39.1065545115615],[-84.5177185868825,39.1066765116749],[-84.5172545860416,39.1067395124964],[-84.5169685863748,39.106777511939],[-84.5166025868762,39.1068275116572],[-84.5160995866429,39.1068955123593],[-84.5156995859402,39.1069625121383],[-84.5155885861331,39.1069815120484],[-84.5149615857714,39.1070875120623],[-84.5144825848971,39.1071685128187],[-84.5136735852141,39.1072905119933],[-84.5128865846912,39.1074095121497],[-84.5121135844075,39.1075245119288],[-84.5112775843836,39.1076475126874],[-84.5096795849197,39.1078815119821],[-84.5091195840347,39.1079665125941],[-84.5090135843344,39.1079945126404],[-84.5089155839273,39.1080325122897],[-84.5088535836452,39.1080645131377],[-84.5087435837024,39.1081405125143],[-84.5088355843279,39.1080505123202],[-84.508854583597,39.1079935118383],[-84.5088555838204,39.1079645129012],[-84.5088425845578,39.1079065128567],[-84.5088095840375,39.1078545116951],[-84.5077775828992,39.1071635127326],[-84.5077295836161,39.1071315117959],[-84.5076965836751,39.1071095127814],[-84.506722583298,39.1065045121564],[-84.5060475827935,39.1061255118217],[-84.5055075831671,39.1058135125918],[-84.5053465831358,39.1057185121448]]]},"properties":{"OBJECTID":18,"SNA_NAME":"Downtown","SNA_NUMBER":11,"ACRES":624.37294505,"SQMI":79.733,"app_id":"CIN-SNA-018","canonical_slug":"downtown","display_name":"Downtown"}},{"type":"Feature","id":19,"geometry":{"type":"Polygon","coordinates":[[[-84.5045055868447,39.1603465225415],[-84.5049565867015,39.1589205220504],[-84.505074587285,39.158062521853],[-84.5051135868249,39.1571985215859],[-84.5051105867263,39.1571425216643],[-84.5051155864259,39.1570595220914],[-84.505130587021,39.1569775218206],[-84.505156586866,39.1568975226427],[-84.5052075868832,39.1567935221703],[-84.5053505873798,39.1564435216394],[-84.5055715867654,39.1560915222618],[-84.5058175870311,39.1556835219946],[-84.5060275862104,39.1553675213247],[-84.5061875871571,39.1550405214723],[-84.5062095866399,39.1549815220153],[-84.5066005877706,39.1541535214152],[-84.5070375870923,39.1534345210747],[-84.5071725866967,39.1532445216022],[-84.5074585876363,39.1529155215307],[-84.5079755867576,39.1523755201531],[-84.5080375868929,39.1523285212324],[-84.5081775876765,39.1522505213931],[-84.5090065870557,39.1517945209022],[-84.5091225869227,39.1517315206174],[-84.509981587567,39.1508975201347],[-84.5105385878674,39.1503685202336],[-84.5112015876601,39.1496915198937],[-84.5114135876704,39.1494515195389],[-84.511526587771,39.1493415198908],[-84.5118235878868,39.1489145200968],[-84.5118765876935,39.1488305195585],[-84.5119905883471,39.1486825202011],[-84.5121075875623,39.1485015199566],[-84.5124855886434,39.1477655202153],[-84.5126025886501,39.1475455193632],[-84.5129885883586,39.1468395191305],[-84.51313858787,39.1465515191025],[-84.5133405885914,39.1461665195647],[-84.513387588087,39.146071519988],[-84.5134315884172,39.1459315193304],[-84.5134695877153,39.1457355195301],[-84.5134765877388,39.1456245194079],[-84.5134655886467,39.1455145193434],[-84.5134245884216,39.1453795195903],[-84.5133835889451,39.1452985192502],[-84.5133255888458,39.1452235194153],[-84.5132515881635,39.1451575193335],[-84.5125545880138,39.1444195190765],[-84.5125085886673,39.1443595198691],[-84.512479587628,39.1442935193884],[-84.5121725881332,39.1427655184135],[-84.5118715873931,39.1413345188953],[-84.5120935879879,39.1407365182463],[-84.5122365881335,39.1404195184318],[-84.5127125877609,39.1400115176447],[-84.5128325880132,39.1399795183548],[-84.5130585880594,39.1403935186709],[-84.5131075880764,39.1404525185626],[-84.5133535876566,39.1406885191262],[-84.515061588343,39.142055518608],[-84.5151985887899,39.1421355192046],[-84.5154085887134,39.142199517964],[-84.5162695888595,39.1423325186726],[-84.5165215892678,39.1423635191952],[-84.5166695891809,39.1423935179554],[-84.5168135896112,39.142446519064],[-84.5175175891472,39.1427825185346],[-84.5181595898774,39.1430795189543],[-84.5185815898675,39.1432645193294],[-84.5189155894574,39.1433895185265],[-84.5192035891724,39.1434715189438],[-84.5193075901207,39.1425345185516],[-84.5193885898265,39.141716518252],[-84.519459589003,39.1411195187824],[-84.519914589943,39.1411155180415],[-84.5201725907139,39.1411155187771],[-84.5204595897558,39.1410875177787],[-84.5209535905609,39.140963518128],[-84.5218855909472,39.140711518112],[-84.5226045903119,39.140531518458],[-84.523244590456,39.1403575179666],[-84.5234295906944,39.1402785180591],[-84.5236715901848,39.140166518341],[-84.5239165913791,39.1399795180536],[-84.5239805905816,39.1399305182397],[-84.5243295916843,39.1395805179245],[-84.5244695904492,39.1394555179008],[-84.5252175918721,39.1398725177684],[-84.525372591623,39.1399425177001],[-84.5255035909436,39.1399885179377],[-84.525676591438,39.1400345175962],[-84.5258585911792,39.1400625175464],[-84.5260065916434,39.1400725177213],[-84.5260815919768,39.1400735172563],[-84.5262965922874,39.1400495179976],[-84.5264715918747,39.1400145176678],[-84.5275485919873,39.1397505175194],[-84.527857592084,39.1397055171955],[-84.5286535919443,39.139650517547],[-84.5290785926645,39.1396505178478],[-84.5293815928,39.139673517437],[-84.529533592343,39.1396925173839],[-84.5306745924326,39.1399865177133],[-84.5308355927305,39.1400535175304],[-84.5312135935349,39.1400775177892],[-84.5319745932357,39.1399815178803],[-84.532365593038,39.1398335174945],[-84.5329115927344,39.1395335176535],[-84.5329055936411,39.1396355178229],[-84.5328595933014,39.1398035171815],[-84.5327945933559,39.1399685176461],[-84.5327255936368,39.1401055174577],[-84.5326875937161,39.140171517531],[-84.5326745942857,39.1401885172556],[-84.5323775939761,39.1405605170503],[-84.5322005933245,39.1407935171056],[-84.5320065939968,39.1410525176266],[-84.5319505930553,39.1411555175281],[-84.5319085932315,39.1412625176712],[-84.5318795930398,39.1414005179081],[-84.5318755940907,39.1414975173384],[-84.5318755937152,39.1415125177142],[-84.5318875929132,39.1416245182509],[-84.5319155941905,39.141733517216],[-84.5319595930759,39.1418405184263],[-84.5320185933728,39.1419415171217],[-84.5321135929544,39.14206051723],[-84.5322045935995,39.1421475178537],[-84.5323075933252,39.1422255176101],[-84.5323935931017,39.1422765176467],[-84.532604592935,39.1423795178144],[-84.5328205931823,39.1424725176846],[-84.5334455938282,39.1427395183453],[-84.5335685946095,39.1428025172411],[-84.5337095938958,39.1428935179127],[-84.5338375938462,39.1429965175373],[-84.5339495942234,39.1431095180443],[-84.5342495947959,39.1434285178924],[-84.5343765936539,39.1435635175335],[-84.5345835949528,39.1437885182875],[-84.5361165953521,39.1454595177777],[-84.5369665952606,39.1463665188329],[-84.5372895952383,39.1467795181679],[-84.5375535953207,39.1470885192931],[-84.5378385954304,39.1475375189447],[-84.5381135954316,39.1480575184529],[-84.5383135958333,39.1484935189204],[-84.538876596916,39.1499875194452],[-84.5389095960353,39.1500755187434],[-84.538931595993,39.1501455196115],[-84.5390645962515,39.1505495192299],[-84.5390825967929,39.1506595187407],[-84.5390825962327,39.1507425191248],[-84.5390725962913,39.1508255196536],[-84.5390415961127,39.1509335191922],[-84.538991596535,39.1510375188608],[-84.5389235959562,39.1511345195624],[-84.5388355969004,39.151224518544],[-84.5387325959641,39.1513035192293],[-84.5386105963561,39.151375519447],[-84.5384915959082,39.15142951915],[-84.5383575959321,39.1514725195125],[-84.538252596645,39.1514965198586],[-84.5376435958898,39.1515375189492],[-84.537588596071,39.1515415192331],[-84.5374475957224,39.1515695195312],[-84.5373465957372,39.1516015193153],[-84.5372515963433,39.1516435195512],[-84.537162596221,39.1516935190849],[-84.5370835958777,39.1517515188293],[-84.5370135954878,39.1518175192497],[-84.5369545957064,39.1518885190205],[-84.5368365956064,39.1521035191426],[-84.5365825951258,39.1525675201872],[-84.5362775951804,39.1531235194799],[-84.5370075952805,39.1535305196946],[-84.5377965956285,39.1539885203734],[-84.5378395963092,39.1540185195843],[-84.5378665958812,39.1540515202064],[-84.5379105963193,39.1540785194073],[-84.5379875965892,39.1541345194728],[-84.5380865956202,39.1542325200605],[-84.5382175954431,39.1543845191452],[-84.5383545960017,39.1545495199118],[-84.5384125961322,39.1546245194719],[-84.5385405965732,39.1548255203801],[-84.5385875960927,39.1549165200467],[-84.5386145969589,39.1549915193664],[-84.5386535964795,39.155098520513],[-84.5387075965152,39.1552845198652],[-84.5387555961297,39.1555155194921],[-84.5387715962878,39.1556695209164],[-84.5387925970605,39.1557915198783],[-84.5388065960301,39.1559405206155],[-84.538651596003,39.1560225193968],[-84.5385175969978,39.1561045200013],[-84.5383905966021,39.1561985198971],[-84.5382565959601,39.1563185203144],[-84.5380585966996,39.1566095204381],[-84.5378045965792,39.1570045201192],[-84.5377895955777,39.1570235206786],[-84.5377345963607,39.1570925204343],[-84.5375505968977,39.1574165207267],[-84.5373955966101,39.1576035202979],[-84.5370715957362,39.1579275205131],[-84.5367395960639,39.1581745202919],[-84.5364015960036,39.1583995212584],[-84.5362315960539,39.1584875205159],[-84.5359145958297,39.1586295213411],[-84.5358435956312,39.1586575203355],[-84.5356465952429,39.1587115210947],[-84.5353365951212,39.1587725209187],[-84.5350325963052,39.1588275209485],[-84.5345745955481,39.1589035212463],[-84.5343065955511,39.1589425215819],[-84.5337635950824,39.1589965207739],[-84.5333825954823,39.1590465208866],[-84.5329105960873,39.1591175214262],[-84.5322265953934,39.1592055211333],[-84.531937594093,39.1592545214007],[-84.5316905945717,39.1593035212225],[-84.5314505939417,39.15936452126],[-84.5312455944235,39.1594245211763],[-84.5310835942673,39.1594905217314],[-84.5308935942639,39.1595835216052],[-84.5307025951706,39.1596715208207],[-84.528981594565,39.1603355215549],[-84.5278115936247,39.1607915219308],[-84.526590593664,39.1612675221797],[-84.5244115928921,39.1621015224507],[-84.5227185926165,39.16276552219],[-84.5221115915144,39.1629905224257],[-84.5199675910608,39.1638295223152],[-84.5197555913728,39.1639065221761],[-84.5196145913049,39.1639445223135],[-84.5194455909461,39.1639825223969],[-84.5193185914598,39.1639995223295],[-84.5191705908009,39.1640045220832],[-84.5190015921178,39.1639885229737],[-84.5187115920256,39.163949522829],[-84.518197590907,39.1638235221013],[-84.5180835912376,39.1637895225295],[-84.5179015902854,39.1637355229544],[-84.5176475911519,39.1636695225285],[-84.517456590863,39.1636305223362],[-84.5171955906426,39.1635975229655],[-84.5169705911941,39.1635815227664],[-84.5168155905126,39.1635755226112],[-84.516533589741,39.1635755221246],[-84.5164205899228,39.163575522684],[-84.5162585898217,39.1635535223316],[-84.5160745903304,39.1635205224398],[-84.5158275903234,39.1634545225398],[-84.5152775903598,39.1632405224837],[-84.5150385901915,39.1631685225462],[-84.5149185901264,39.1631245227676],[-84.5144175895113,39.1629265219603],[-84.5139105894427,39.1627125218957],[-84.5134875894997,39.1625805223468],[-84.5133395890408,39.1625585226894],[-84.5131985891228,39.1625425228837],[-84.5130425888936,39.1625365224686],[-84.5128945893512,39.1625475231782],[-84.512655589155,39.162596522474],[-84.5125355893002,39.1626295227688],[-84.512394589934,39.1626845227484],[-84.5121825890096,39.1627775226311],[-84.5118795896997,39.1629755231409],[-84.5117375889352,39.1630905226963],[-84.5115405882085,39.1632825225527],[-84.5110885891959,39.1637105229445],[-84.5106385893776,39.1641455229001],[-84.5104635896859,39.1643135226163],[-84.5103105879679,39.1644615236332],[-84.5094795886735,39.165263524087],[-84.5092745885682,39.1654715236732],[-84.5089365886372,39.1657905236027],[-84.5088095884862,39.1659215238988],[-84.5087315883509,39.1659935232858],[-84.5086825886413,39.166053523276],[-84.5086325879351,39.1661355237601],[-84.5086045882114,39.1661905233379],[-84.5085975884529,39.1662735234421],[-84.5086115894306,39.1663825237907],[-84.5086045882423,39.1664435236198],[-84.5085545885169,39.1665865242554],[-84.5084845888068,39.1666845235977],[-84.5083925886011,39.1667615234875],[-84.508251588423,39.1668385239229],[-84.5080965878354,39.1669045236185],[-84.5079125873918,39.1669595236099],[-84.5076795878306,39.1670085237524],[-84.5074551824911,39.1670354527629],[-84.5074554205701,39.1670054941156],[-84.5074558863118,39.1669469141199],[-84.5074560010405,39.1669324525088],[-84.5074560294932,39.1669289506389],[-84.5074569643613,39.1668114229699],[-84.5074572819179,39.1667714823086],[-84.507457977652,39.1666839574544],[-84.5074581226025,39.1666657722904],[-84.507459970309,39.1664334312084],[-84.5074644031164,39.1658759173152],[-84.5074692260219,39.1652692944493],[-84.5074705670965,39.1651005869881],[-84.5074720190414,39.164918053198],[-84.5074720794796,39.1649103628155],[-84.507473963855,39.1646733924948],[-84.5074741068965,39.1646553028684],[-84.507475854295,39.1644355003156],[-84.5074768601301,39.1643090323291],[-84.5074785411462,39.164097523039],[-84.5074796347553,39.163959986253],[-84.507480031733,39.1639100626626],[-84.5074805879837,39.1639035224134],[-84.5074800841932,39.1639034707654],[-84.5074815288791,39.1637217786331],[-84.5074815917764,39.1637136881525],[-84.5074816018078,39.1637124995284],[-84.5074815345829,39.1637124961869],[-84.5073591717371,39.1637049309174],[-84.5072134320179,39.1636959194178],[-84.5072060903609,39.1636954653242],[-84.5070772636478,39.1636875007517],[-84.5070614429124,39.163686522129],[-84.506973921805,39.1636806285506],[-84.5069543138288,39.1636793181024],[-84.5068335177027,39.1636712476249],[-84.5066938143965,39.1636619661308],[-84.5065540596089,39.1636525420971],[-84.5064136867759,39.1636430763289],[-84.5062740236846,39.1636336584819],[-84.5061336509782,39.1636243158141],[-84.5060983852591,39.1636221389825],[-84.5060211185742,39.1636167196467],[-84.505993936933,39.1636148129153],[-84.5059586921239,39.1636124356524],[-84.5058919173295,39.16360815205],[-84.5058543243384,39.1636057405853],[-84.5057625246481,39.1635995263512],[-84.5057139124125,39.1635962359057],[-84.5055742832879,39.163586784195],[-84.5054691964696,39.1635796705281],[-84.5053972476218,39.1635748003474],[-84.5053824262322,39.1635737970077],[-84.5052949625281,39.1635678759459],[-84.5052075720782,39.1635620067122],[-84.5051200317443,39.1635560760318],[-84.5050333449084,39.1635502026113],[-84.5049458892582,39.1635442775439],[-84.5048584347795,39.1635383523907],[-84.5047709791586,39.1635324271915],[-84.5046842993478,39.1635265542907],[-84.5045961444919,39.1635205815795],[-84.5045093846834,39.1635147027231],[-84.5044219302783,39.1635087772408],[-84.5043345377895,39.1635029118922],[-84.5043274496223,39.163502375748],[-84.5042903665979,39.1634998630603],[-84.5042463071839,39.1634968780547],[-84.5042117730685,39.163494538438],[-84.504089761444,39.1634862725775],[-84.503987337326,39.1634793332113],[-84.5038849805042,39.1634723988994],[-84.5037885842406,39.163465867885],[-84.5033845193515,39.1634384908805],[-84.5032409521311,39.1634308604946],[-84.50324040269,39.1634308312414],[-84.503295764641,39.1633060897023],[-84.5032957853116,39.1633060433931],[-84.5034265864374,39.1630125227802],[-84.5035283815774,39.1627460977025],[-84.5035887969074,39.1625887579791],[-84.5036398689063,39.1624613981018],[-84.5037026993442,39.1623047130703],[-84.5037497696063,39.1621873308262],[-84.5037982639937,39.1620584440158],[-84.5039505870797,39.1616545232729],[-84.5042535864482,39.160933523109],[-84.5043330249323,39.1607367938713],[-84.5043668954103,39.1606531647396],[-84.5044028525237,39.1605643817169],[-84.5044582323082,39.1604467473768],[-84.5044583861685,39.1604464203489],[-84.5045055868447,39.1603465225415]]]},"properties":{"OBJECTID":19,"SNA_NAME":"Clifton","SNA_NUMBER":6,"ACRES":1420.63063686,"SQMI":79.733,"app_id":"CIN-SNA-019","canonical_slug":"clifton","display_name":"Clifton"}},{"type":"Feature","id":20,"geometry":{"type":"MultiPolygon","coordinates":[[[[-84.4029783220814,39.1084010489932],[-84.4016025528527,39.1092225171025],[-84.401585921223,39.1092033841574],[-84.4018065266429,39.1090192465405],[-84.4026510438125,39.1085667434643],[-84.4029783220814,39.1084010489932]]],[[[-84.4095406415593,39.0821150450203],[-84.4095623533251,39.0821727769938],[-84.4095722638668,39.0822051040229],[-84.4095785712206,39.082225680017],[-84.4096247541997,39.0823763234218],[-84.4096330361172,39.082407038358],[-84.409694532223,39.0826351206387],[-84.4096980941445,39.0826483310843],[-84.4097311067015,39.0827707719325],[-84.4097597384927,39.0828769614059],[-84.4097819702327,39.0829594165773],[-84.409794948015,39.0830075471835],[-84.4098249144711,39.0831186918142],[-84.4098489022168,39.0832076566486],[-84.4098492583064,39.0832089779647],[-84.4098753684798,39.0833058168627],[-84.4099315533142,39.0835365121233],[-84.4100155520681,39.0838835132767],[-84.4103095523565,39.0850235123206],[-84.4103465529891,39.0851085124698],[-84.4104375528992,39.0852545124308],[-84.4104925527793,39.0853165129674],[-84.4105685536166,39.0853835128108],[-84.4106885528344,39.0854725130862],[-84.4108125526385,39.08554351266],[-84.4109255532814,39.0855915123706],[-84.4110455537469,39.0856305125465],[-84.4111645532685,39.0856575132501],[-84.4113055533937,39.0856765129927],[-84.4114545543848,39.0856805120896],[-84.4116085532614,39.0856685130887],[-84.4117255541152,39.0856495127173],[-84.4118665530647,39.0856085126626],[-84.4120215526231,39.0855485124201],[-84.4121355534188,39.0854865127014],[-84.4122465532286,39.0854075125961],[-84.4125615537673,39.0851225128428],[-84.4126615542548,39.0850525130015],[-84.4128705543572,39.0849255119883],[-84.4129725546348,39.0848735125609],[-84.4131915534075,39.0847825123784],[-84.4133515537821,39.0847305124768],[-84.4135115542269,39.0846905120017],[-84.4135895543802,39.0846705122824],[-84.4138225534584,39.0846315120737],[-84.4139105539268,39.0846235123615],[-84.4148655549884,39.0845775122097],[-84.41515155387,39.0845575122143],[-84.4153185541769,39.0845395124023],[-84.4155205545831,39.0844995120835],[-84.4156765542676,39.0844555120866],[-84.4158435538175,39.0843915131298],[-84.4161595543176,39.0842385118156],[-84.4164865553792,39.0840955126485],[-84.4166685544994,39.084015511949],[-84.4172165552184,39.0837455127162],[-84.4173515549901,39.0836845126074],[-84.4175565555972,39.0835925121279],[-84.4179305543062,39.0834465116131],[-84.4177675555811,39.0834065121832],[-84.4176315549919,39.083372512337],[-84.4175055547709,39.0833495121272],[-84.4176885552697,39.0830985119214],[-84.4181005550886,39.0825035114912],[-84.4182215556341,39.082313511868],[-84.4183045548471,39.0822035124042],[-84.4184555553952,39.0820455115815],[-84.4186175550041,39.0818995118492],[-84.4188185551504,39.0817435115536],[-84.4190335559044,39.0816005121076],[-84.4192625556288,39.0814715117825],[-84.4194725553325,39.0813695110895],[-84.4197235556757,39.0812665115682],[-84.4197365551645,39.0812815115166],[-84.4197915558526,39.0813255118231],[-84.4198615553435,39.0813585117468],[-84.4201735548767,39.0814355116986],[-84.4201215560867,39.0815455113903],[-84.4200565548051,39.0817145121847],[-84.4199935555949,39.0819435114565],[-84.4199545558354,39.0821715110344],[-84.4199335553825,39.0823645116087],[-84.4199305563077,39.0825585121776],[-84.419950555682,39.0827775112601],[-84.4199895552815,39.0830235122901],[-84.4200765550056,39.0833015118268],[-84.4202015554561,39.0836195116211],[-84.4203085560102,39.0838255120951],[-84.4204665561027,39.084105512235],[-84.4208455566836,39.0847055119759],[-84.4208795563218,39.084761512819],[-84.4210685563843,39.0850785117754],[-84.4211325558743,39.0851785124122],[-84.4212655559149,39.0853775125133],[-84.4213605561883,39.0855205123418],[-84.4204655559764,39.0860025122294],[-84.4198815560053,39.0861285118877],[-84.4197255555263,39.0862215127287],[-84.4193555554284,39.0861865123991],[-84.4188465546834,39.0864265124855],[-84.418614554834,39.0864045122471],[-84.4177305556754,39.0869335122366],[-84.4176155557732,39.0870665120609],[-84.4169415554535,39.0880455126074],[-84.4168325556238,39.0884315124731],[-84.4163945552987,39.0891095132581],[-84.4154945544171,39.0900315129537],[-84.4152235550845,39.0905455136177],[-84.4148835553625,39.0909095132397],[-84.4147645546728,39.0916535139771],[-84.4148225552772,39.091874513742],[-84.4145275548559,39.0937165136321],[-84.4143675542435,39.094420514168],[-84.4141205551649,39.0947925142405],[-84.4140455548081,39.0949655145314],[-84.4137625551041,39.0952625147115],[-84.4135495552163,39.0957105142089],[-84.4133365550204,39.0958705146705],[-84.4130205550848,39.0966675151525],[-84.4127435546488,39.0969295147803],[-84.4125715547363,39.0977045152045],[-84.4123705554966,39.0980805154087],[-84.4123245548175,39.0983645148831],[-84.4122095550799,39.0984975150416],[-84.4119935543333,39.0998435150139],[-84.4118385547685,39.1002245160578],[-84.4114955094137,39.100796766878],[-84.4113076300395,39.1007038096464],[-84.4099956505728,39.1000546647574],[-84.4098540029465,39.099984749566],[-84.4088710542672,39.0994995714614],[-84.4077944476388,39.0989694966388],[-84.407630876053,39.0988889591984],[-84.4073836261016,39.0987672210439],[-84.4071890995681,39.0985986766678],[-84.4071884364554,39.0985981019277],[-84.407253206036,39.0985348157959],[-84.4076228425378,39.0981736407948],[-84.4076469463949,39.0981527325002],[-84.4076710479177,39.098131738643],[-84.4076955944193,39.0981109086457],[-84.4077196982577,39.0980900012364],[-84.4077442470505,39.0980692567862],[-84.4077687958532,39.0980485132313],[-84.4077933446415,39.0980277696712],[-84.4078178957354,39.0980071116634],[-84.407842446815,39.0979864536504],[-84.4078670002003,39.0979658811897],[-84.4078919939234,39.0979453014727],[-84.4079165496003,39.0979248145589],[-84.4079415491152,39.0979044068278],[-84.4079665474598,39.0978839991103],[-84.4079915457899,39.0978635913874],[-84.408016546426,39.0978432692165],[-84.408041549368,39.0978230325979],[-84.4080669926469,39.097802788722],[-84.4080919978806,39.0977826376499],[-84.4081174434753,39.0977624802211],[-84.408142889031,39.097742321886],[-84.4081683392377,39.097722335561],[-84.4081937871094,39.0977022636729],[-84.4082192396079,39.0976823628942],[-84.4082446897713,39.0976623765523],[-84.4082705849363,39.097642554968],[-84.4082960397122,39.0976227397299],[-84.4083219348237,39.0976029172334],[-84.4083478322658,39.0975831811893],[-84.4083737320143,39.097563530697],[-84.4083996317483,39.0975438801987],[-84.4084255314678,39.0975242296947],[-84.4085878537245,39.0974226225488],[-84.4092074370692,39.0970347832583],[-84.4092364793142,39.0970173116791],[-84.4092650695648,39.0969994186607],[-84.409293655157,39.0969813545201],[-84.4093217910762,39.0969629544982],[-84.4093494796446,39.0969443041529],[-84.4093771612077,39.0969253962277],[-84.4094043954198,39.0969062379795],[-84.4094311823055,39.0968868303093],[-84.4094579598634,39.096867079502],[-84.4094842923923,39.0968471639301],[-84.4095101752481,39.0968269124786],[-84.4095360511223,39.0968064043488],[-84.4095610416231,39.0967857387122],[-84.4095860227957,39.0967647299395],[-84.4096109992842,39.0967435491458],[-84.4096350892578,39.0967221261704],[-84.4096591710693,39.0967004456358],[-84.4096828055304,39.0966785147809],[-84.409705994988,39.096656420064],[-84.4097287347486,39.0966339885692],[-84.4097514721967,39.096611472413],[-84.4097737599478,39.0965886194791],[-84.4098792993382,39.0964627325696],[-84.4100617969089,39.0962450498534],[-84.4103650414994,39.095877541192],[-84.4103851317959,39.095854896457],[-84.4103934961019,39.0958451844244],[-84.4104047770699,39.0958320869634],[-84.4104244176846,39.0958091063515],[-84.4104436109537,39.0957858754238],[-84.4104623615486,39.0957625661961],[-84.4104806671464,39.0957390931112],[-84.410498527723,39.0957154552688],[-84.4105163836163,39.0956916454079],[-84.410533794513,39.0956676716902],[-84.4105507603892,39.0956435332155],[-84.4105672812696,39.0956192308843],[-84.4105837998151,39.0955948429933],[-84.4105998733408,39.0955702903457],[-84.4106155018713,39.095545573842],[-84.4106306853828,39.0955206925821],[-84.4106454262235,39.0954957330241],[-84.4106601624067,39.0954706023492],[-84.4106740155589,39.0954453997374],[-84.4106761699826,39.0954414520289],[-84.4106878640295,39.0954200251084],[-84.4107012698552,39.0953945730825],[-84.4107046277618,39.0953879367384],[-84.410708514773,39.0953892448725],[-84.4107673530964,39.0954090409808],[-84.4111731419784,39.0956069635371],[-84.4114775097448,39.095755235625],[-84.41147835074,39.0957533350377],[-84.41177929954,39.0950731490042],[-84.4118281696851,39.0949626943141],[-84.4120061233173,39.0945634957643],[-84.4121212876372,39.0943051463647],[-84.41212280793,39.0943017370839],[-84.4123366406198,39.0938229471149],[-84.4125117288665,39.0937820875784],[-84.4130009519625,39.0929888423928],[-84.4130015532552,39.0929878665823],[-84.4122616300206,39.0927360922514],[-84.412260988172,39.0927358739891],[-84.4123281260502,39.0926286404548],[-84.412328199168,39.0926285230177],[-84.4123288075235,39.0926275515993],[-84.4122616142383,39.0926044892992],[-84.4121962927716,39.0925818051248],[-84.4119983451619,39.0925078177299],[-84.4119967390546,39.0925072171334],[-84.4115405904809,39.0923411926686],[-84.4098619747934,39.0917302045036],[-84.4098442007335,39.0917237345345],[-84.409775027825,39.091698556348],[-84.408716908118,39.0913018541848],[-84.4082949700808,39.0911478262254],[-84.4077646668093,39.0909533987487],[-84.4073750514249,39.0908102789475],[-84.4073405784184,39.0907976404159],[-84.4067477186767,39.0905799587748],[-84.4066780679181,39.0905543847888],[-84.4064446200738,39.0904658417015],[-84.4062577850987,39.0903973579908],[-84.4056894630201,39.0901890387208],[-84.4053842222953,39.0900771508198],[-84.4053063001902,39.0900485882658],[-84.4053005162816,39.0900464678092],[-84.4053013204314,39.0900479421484],[-84.4056487444419,39.0906850836156],[-84.4056481806072,39.0906851829908],[-84.4027067777263,39.0912034521912],[-84.402505881765,39.0912306965597],[-84.4012694414396,39.0914374846588],[-84.4012195840769,39.0915079020361],[-84.401192983791,39.0915454744584],[-84.4008925088857,39.0919698668738],[-84.4004369389014,39.092615230095],[-84.4003567477875,39.092728833436],[-84.4002554251757,39.0928636569338],[-84.4000648058613,39.0931172964517],[-84.3999126677165,39.0933197319958],[-84.3995514918762,39.0938003053628],[-84.3994306058654,39.0939611518358],[-84.3990951529657,39.0944074916726],[-84.3990527772494,39.0944638747587],[-84.398873774653,39.0947069511496],[-84.3987574330713,39.094862100098],[-84.3986318593834,39.0950256417117],[-84.3985304208144,39.0951577399232],[-84.3985142969932,39.0951787371848],[-84.3983839602391,39.0953484734856],[-84.3982440188571,39.0955307170776],[-84.3981480109139,39.095655871998],[-84.3981357716441,39.0956724032465],[-84.3979951680625,39.0958617356638],[-84.3978723039078,39.0960271808719],[-84.397747880511,39.0961947255931],[-84.3976845890835,39.0962799504355],[-84.3976066901891,39.0963848446748],[-84.3975593626053,39.0964508913664],[-84.3975187021115,39.0965044247009],[-84.3975181784243,39.0965051144379],[-84.3974263935275,39.096625834172],[-84.3973001807261,39.0967918894784],[-84.3972947939906,39.0967989767007],[-84.3971865285942,39.0969414172449],[-84.3971576182756,39.0969794526555],[-84.3970689475604,39.0970961134163],[-84.3970308617081,39.0971467437162],[-84.3970288803511,39.0971493782612],[-84.3970052992243,39.0971807265093],[-84.396916223254,39.0972991435311],[-84.3969035971243,39.097315928748],[-84.3966291731881,39.0976652297567],[-84.3966150865574,39.09768304527],[-84.3963042421072,39.0980761808696],[-84.3962790246117,39.0981109336081],[-84.3960976384925,39.0983609117988],[-84.3960982882666,39.0983612525576],[-84.397220644967,39.0989501724544],[-84.3972662916738,39.0989741486152],[-84.3982297943463,39.0994802257841],[-84.3985429951261,39.0996449419953],[-84.3985527729951,39.0996500842003],[-84.3994562527866,39.1001252257984],[-84.3994561195556,39.1001263299128],[-84.3994255395895,39.1003797498915],[-84.3993108359372,39.1013303127703],[-84.3992715878137,39.101665058978],[-84.3992496762888,39.1018519398496],[-84.3992422384692,39.1019153682317],[-84.3991949115886,39.1023187412604],[-84.3991950781644,39.1023187862835],[-84.3994010472247,39.1023746170849],[-84.399818238548,39.1024835371119],[-84.3998843377708,39.1025007942254],[-84.400368027511,39.1026263150072],[-84.4007716214736,39.1029484786083],[-84.400880988937,39.1030360679165],[-84.4011015590634,39.1032127144984],[-84.4013916854687,39.1034451440087],[-84.4015153495807,39.1035384601023],[-84.4015264612836,39.103546844524],[-84.4015634039361,39.1035747208882],[-84.4020819526129,39.10390973763],[-84.4021443495896,39.1039489243801],[-84.4021435948137,39.1039496215348],[-84.4018391635085,39.1042311354996],[-84.4018177492061,39.104253885978],[-84.4017967776196,39.1042767156829],[-84.4017758036821,39.1042994589256],[-84.401754832044,39.1043222877221],[-84.4017338592609,39.1043451174344],[-84.4017128899329,39.1043680326815],[-84.401691918254,39.1043908614665],[-84.4016709488989,39.104413776706],[-84.40164997953,39.1044366919415],[-84.4016294505409,39.104459599946],[-84.4016084834577,39.1044826007316],[-84.4015879567546,39.1045055942862],[-84.4015669896441,39.1045285950643],[-84.401546462914,39.1045515886115],[-84.4015259361705,39.104574582155],[-84.4015079009734,39.1045948624249],[-84.4015054117262,39.1045976612525],[-84.401484887293,39.1046207412469],[-84.4014643628218,39.104643820337],[-84.4014429413103,39.1046663131719],[-84.4014210654899,39.1046882989829],[-84.4013982972784,39.1047098705538],[-84.4013746366751,39.1047310278839],[-84.4013505240509,39.1047517628461],[-84.4013259571175,39.1047719907828],[-84.4013004954551,39.1047917180194],[-84.401274581796,39.1048110237875],[-84.4012482115156,39.1048297369715],[-84.4012209464817,39.1048479485534],[-84.4011932294759,39.1048657395662],[-84.4011650523322,39.104882850654],[-84.401136424373,39.1048995411531],[-84.4011068970364,39.1049155589328],[-84.4010769153921,39.1049310696837],[-84.4010469198128,39.1049460652798],[-84.4010160248815,39.1049603890557],[-84.4009846733316,39.1049741202441],[-84.4009533078484,39.1049873362771],[-84.4009210430146,39.1049998804883],[-84.4008887596246,39.1050117384283],[-84.4008560219062,39.1050230884365],[-84.4008228252605,39.105033760298],[-84.4007896123729,39.1050438314453],[-84.4007559405351,39.1050532235447],[-84.4007218097236,39.1050619356952],[-84.4006872222997,39.1050700552552],[-84.4006530567228,39.1050774813191],[-84.4006179918018,39.1050842355573],[-84.4005829071764,39.1050903035416],[-84.4005478074956,39.1050957716922],[-84.400513187576,39.1051026897909],[-84.4004781133586,39.1051091008556],[-84.400443022906,39.105114911205],[-84.400407478157,39.10512021452],[-84.4003723598837,39.1051249954544],[-84.4003367850041,39.1051291837965],[-84.400300755806,39.1051328642027],[-84.4002651507747,39.105135936671],[-84.4002295318488,39.1051384948818],[-84.4001934562957,39.1051404595988],[-84.4001578072232,39.1051419019358],[-84.4001239944175,39.1051426978633],[-84.4001217015496,39.1051427516792],[-84.4000902006814,39.1051430438663],[-84.4000855819602,39.1051430862642],[-84.4000866905062,39.1051442682266],[-84.4001759067823,39.1052394012012],[-84.4004757063255,39.105460454204],[-84.4006277914351,39.105572591169],[-84.4011068051056,39.1059278450899],[-84.4011108298885,39.1059307703986],[-84.4011618366729,39.1059678370827],[-84.4014871532009,39.106204243723],[-84.4015298064322,39.106235239395],[-84.4017216868957,39.1063746774523],[-84.4017578432717,39.1064009169351],[-84.4023382444772,39.1068221197679],[-84.4027820084394,39.1071454788191],[-84.4029808508803,39.1072928591441],[-84.4030517543536,39.1073454109402],[-84.4034055145767,39.1076136787673],[-84.4034046105401,39.1076141603378],[-84.4033926209894,39.1076205489858],[-84.4032558886646,39.1076934156473],[-84.4029482327467,39.1078573678646],[-84.4025371711709,39.1080729939879],[-84.4025061395108,39.1080892719634],[-84.4020553318473,39.10840419188],[-84.4014710509008,39.1088109276872],[-84.4014681302487,39.1088129605263],[-84.4011943067875,39.1084913855781],[-84.4009161354607,39.1081627579861],[-84.4008199045271,39.1080487717186],[-84.4004882825064,39.1076559609786],[-84.4004879133246,39.1076555228375],[-84.4006087999832,39.1073855045364],[-84.4007926310862,39.1069722929425],[-84.400879631661,39.1067767324316],[-84.4008800274119,39.1067758429541],[-84.4005520383469,39.106544335766],[-84.4003048174473,39.1063698351987],[-84.3999027543401,39.1060910389142],[-84.3997605532976,39.1059924342456],[-84.3997363682129,39.1059756638833],[-84.3996276721504,39.105900290907],[-84.399093717689,39.1059054812559],[-84.3990883743674,39.1059055003492],[-84.3988573037881,39.1059063272401],[-84.3987198182023,39.1059068186155],[-84.3985637957544,39.1059073756732],[-84.3980725862763,39.105910554513],[-84.3978443768904,39.105912030797],[-84.397718485076,39.1059128446754],[-84.3977104805493,39.1059128964751],[-84.3977101995894,39.1059128983732],[-84.3977379255395,39.1057797415653],[-84.3978257064447,39.1053581535024],[-84.397914339976,39.1049324599102],[-84.3979209709207,39.1048490560681],[-84.3979210633048,39.1048478940601],[-84.3977841303212,39.1048150822629],[-84.3976976980278,39.1047943708974],[-84.3976229306999,39.1047764552732],[-84.3975133887302,39.1047502071194],[-84.3974122864577,39.104725980378],[-84.3973356488553,39.1047076167615],[-84.3972692142481,39.1046916971529],[-84.3972443795585,39.1046857462808],[-84.3972336875549,39.104683263375],[-84.3972229416681,39.1046809264122],[-84.3972121453899,39.1046787362364],[-84.397201301032,39.1046766928095],[-84.3971904132424,39.1046747969566],[-84.3971871740811,39.1046742796535],[-84.3971794832253,39.1046730504598],[-84.3971685167116,39.1046714514235],[-84.3971575160858,39.1046700025114],[-84.3971464848157,39.1046687036669],[-84.3971354263687,39.1046675548331],[-84.3971243430567,39.1046665559723],[-84.3971132395517,39.1046657088098],[-84.3971021181411,39.1046650124072],[-84.3970909834727,39.1046644675895],[-84.3970798389899,39.1046640733993],[-84.3970686858969,39.1046638316189],[-84.3970643195103,39.1046637958833],[-84.397057529949,39.1046637412529],[-84.3970427467511,39.1046638796575],[-84.3970399917478,39.1046639058392],[-84.3970288405369,39.1046642055281],[-84.3970176992099,39.1046646573241],[-84.3970065688982,39.1046652603075],[-84.3969954542254,39.1046660144027],[-84.3969843586593,39.1046669195528],[-84.3969732845113,39.1046679757202],[-84.396962235225,39.1046691819473],[-84.396951457457,39.1046705080672],[-84.3969512154237,39.1046705381586],[-84.3969402274192,39.104672044316],[-84.3969292746548,39.1046736994625],[-84.3969183605738,39.1046755026404],[-84.3969074886682,39.1046774546937],[-84.3968966623813,39.1046795546651],[-84.3968858851321,39.1046818006965],[-84.3968751592567,39.1046841936508],[-84.3968644881739,39.10468673167],[-84.3968538765075,39.1046894146784],[-84.396843325389,39.1046922417564],[-84.3968328405491,39.1046952110084],[-84.3968253598897,39.1046974454181],[-84.396822423168,39.1046983233159],[-84.3968120766405,39.1047015759205],[-84.3968018056144,39.104704969647],[-84.3967916111726,39.1047085017748],[-84.396781194541,39.1047122853151],[-84.3967687091935,39.1047170586833],[-84.3967587916629,39.104721039481],[-84.3967489645143,39.1047251557511],[-84.3967392311425,39.1047294047351],[-84.3967295949667,39.1047337845751],[-84.3967290000551,39.1047340655154],[-84.3967200571427,39.1047382952521],[-84.3967106234256,39.104742935771],[-84.3967012937182,39.1047477025294],[-84.3966927350644,39.1047522449301],[-84.3966920726686,39.1047525963522],[-84.3966829625154,39.1047576144997],[-84.3966739667021,39.1047627560148],[-84.3966699260219,39.1047651503496],[-84.3966630974816,39.1047692688883],[-84.396656372228,39.1047734010531],[-84.3964258931519,39.1049175480498],[-84.3964236073101,39.1049189775122],[-84.396336593842,39.104867773828],[-84.3963086535964,39.1048513327214],[-84.3962806099835,39.1048342310613],[-84.395855461492,39.1045749650618],[-84.3957610402298,39.1045173832083],[-84.3957589674438,39.1045161196725],[-84.3957588710346,39.1045160608825],[-84.395741814868,39.104525914902],[-84.3957251123631,39.10453559014],[-84.3951970815726,39.1048414698245],[-84.3946310333521,39.1051706009567],[-84.3943569365823,39.1053137404837],[-84.3943545543487,39.1053149849722],[-84.3941525083061,39.1052078408904],[-84.3940534032167,39.1051563655442],[-84.3939111212167,39.1050824625224],[-84.3939081000678,39.1050808936964],[-84.3938190023231,39.1051744091071],[-84.3938175313063,39.1051759531428],[-84.3937831285142,39.105159732383],[-84.3937483683599,39.1051439823719],[-84.3937132590556,39.1051287074797],[-84.3936778145928,39.1051139119827],[-84.3936420432078,39.1050996011518],[-84.3936059565561,39.1050857784004],[-84.3935695663172,39.1050724480423],[-84.3935328830393,39.1050596153109],[-84.3935166632946,39.1050542040267],[-84.393507583755,39.1050511754511],[-84.3935040877564,39.1050500090139],[-84.3934304671864,39.1051336529899],[-84.3932287060316,39.1053628845111],[-84.3931912822307,39.1054061557892],[-84.3929985974593,39.1056289432744],[-84.392994582776,39.1056335562268],[-84.39289294039,39.1057503559416],[-84.3928091982914,39.1058465833702],[-84.392796005558,39.1058609275108],[-84.3926884123383,39.1059760798916],[-84.392656366356,39.1060425153588],[-84.3926266881294,39.1061040737518],[-84.3925654322809,39.1062316463637],[-84.3925007562758,39.1063663404686],[-84.3924399456454,39.1064929840055],[-84.3923856436302,39.1066065323428],[-84.3923798104972,39.1066182217204],[-84.392316370188,39.1067503429825],[-84.3923113102715,39.1067618449348],[-84.3922956785196,39.1067941218795],[-84.392264797084,39.1068586938496],[-84.3922567941488,39.1068744137033],[-84.3921918519522,39.1070097886096],[-84.3920679428263,39.1072683528658],[-84.3920665089506,39.1072710657743],[-84.3920048182824,39.1073996596735],[-84.3919474977686,39.1075191442158],[-84.3919435817185,39.1075273018689],[-84.3919418491527,39.1075311639269],[-84.3918598523889,39.1077018282652],[-84.391828405384,39.1077673734083],[-84.3917781312438,39.1078728655576],[-84.3916959469887,39.1080434679503],[-84.3916138064439,39.1082141623656],[-84.3915274996591,39.1083939212398],[-84.3915272313925,39.1083944815379],[-84.3911498528143,39.1083520992118],[-84.3910623937849,39.1083422765362],[-84.3909770679654,39.1083326937914],[-84.3909750380229,39.108332465625],[-84.3901458018969,39.1082428301449],[-84.3891686505756,39.1081421482623],[-84.3885707505752,39.1080798848887],[-84.3884241552821,39.1080646187496],[-84.3883395018725,39.1080558024841],[-84.3883057217657,39.1080518821597],[-84.3880039222517,39.1080208540839],[-84.3870867919902,39.1079271642315],[-84.3869876538453,39.1079170358384],[-84.386610706315,39.1078785259316],[-84.3863089797036,39.1078450676811],[-84.3861678904031,39.1078294216582],[-84.386063986448,39.1078178996143],[-84.3854455846168,39.1077493216081],[-84.3853177974286,39.1077351502073],[-84.3852901964063,39.1077068014141],[-84.385008350079,39.107417329909],[-84.3849860962047,39.1073930188549],[-84.3848149691828,39.107206062987],[-84.3845928598028,39.106963406239],[-84.3845870033585,39.1069570088607],[-84.3843849512311,39.10672340407],[-84.3841967984425,39.1065228703834],[-84.3841485924686,39.1064681191207],[-84.3838540972335,39.1061336374055],[-84.3836998632462,39.1059584598452],[-84.383245425154,39.1054423053697],[-84.3827194400216,39.1054043193072],[-84.382403487487,39.1053815005044],[-84.3817946227644,39.1053375242307],[-84.3816031907774,39.1053236966914],[-84.3813517026758,39.1053055315953],[-84.381169958311,39.1052924029107],[-84.3810888814892,39.1052883022667],[-84.381020720741,39.1052848550627],[-84.3809992820012,39.1052837713794],[-84.3809988419616,39.1052837487893],[-84.3810008708388,39.1052779305233],[-84.3810024019786,39.105273780883],[-84.38100295426,39.1052721627289],[-84.3810045437486,39.105267816624],[-84.3810050585594,39.1052663972986],[-84.3810067914042,39.1052618767754],[-84.3810072641449,39.1052606572542],[-84.3810091682562,39.1052559681664],[-84.381009591895,39.1052549449597],[-84.3810116126319,39.1052500764814],[-84.3810142642759,39.1052442381949],[-84.3810199591021,39.1052326732971],[-84.3810229989369,39.1052269512452],[-84.3810261671009,39.105221271259],[-84.3810293856673,39.1052159625684],[-84.3810327080479,39.1052105575872],[-84.3810361507868,39.1052051993063],[-84.381039713884,39.1051998877256],[-84.3810442279043,39.1051934650903],[-84.3812579959292,39.1048962384768],[-84.3812666305756,39.1048843825671],[-84.3812690612484,39.1048805309665],[-84.3812731497863,39.1048746747513],[-84.3812754345503,39.1048708588564],[-84.3812794433775,39.1048648759928],[-84.3812815881325,39.1048611002129],[-84.3812855149854,39.1048549925397],[-84.3812875221397,39.1048512604397],[-84.3812902663212,39.1048468081865],[-84.3812911939236,39.1048453010677],[-84.3812932214489,39.1048413361784],[-84.3812969809337,39.1048349807435],[-84.3812987258906,39.1048313466043],[-84.3813023824745,39.1048248621946],[-84.3813039993189,39.1048212805914],[-84.3813075518942,39.1048146690268],[-84.3813090441903,39.1048111435058],[-84.3813124893615,39.1048044075445],[-84.381313862961,39.1048009407135],[-84.3813171960565,39.1047940786295],[-84.3813184533436,39.104790673153],[-84.3813216697879,39.1047836868224],[-84.3813228143025,39.1047803453459],[-84.3813259083403,39.1047732357632],[-84.3813269447542,39.1047699600128],[-84.3813299106061,39.104762727272],[-84.3813308436393,39.1047595207752],[-84.3813336755259,39.1047521649699],[-84.3813345086943,39.1047490294716],[-84.3813372008842,39.104741552497],[-84.3813379388838,39.1047384906239],[-84.3813404879334,39.104730893437],[-84.381341134256,39.1047279060335],[-84.3813435333023,39.1047201914486],[-84.3813440926197,39.1047172802408],[-84.3813463370392,39.1047094483332],[-84.3813468128673,39.104706615066],[-84.3813488980846,39.1046986677117],[-84.3813492951192,39.104695915012],[-84.3813512142472,39.1046878541251],[-84.3813515382921,39.1046851827995],[-84.3813516822214,39.1046845110183],[-84.3813519196314,39.1046833998325],[-84.3809383206834,39.1045603609328],[-84.3805929810857,39.1044576269061],[-84.3795058916296,39.1041342228088],[-84.3781312592897,39.103725245109],[-84.3771491655307,39.103433041786],[-84.376437134069,39.1032211837927],[-84.3763994657343,39.1032099762479],[-84.3763991416866,39.1032098796822],[-84.3764131366098,39.1031575283503],[-84.3765851942571,39.1025811161189],[-84.3766752274282,39.1022830619558],[-84.3769028302905,39.101530367833],[-84.3769118522782,39.1014977820474],[-84.3769705341002,39.1012838429207],[-84.3770523846879,39.1009864191794],[-84.3771399418611,39.1006667499944],[-84.3772016870523,39.1004799560076],[-84.377202075425,39.1004787802159],[-84.3764382729257,39.1004495744112],[-84.3757644650201,39.1004238054792],[-84.3748839568724,39.1003901257277],[-84.3714270674872,39.100258085553],[-84.3714269274404,39.100258080607],[-84.3715161966808,39.0992774894349],[-84.3715492541309,39.0989350637313],[-84.3715928039563,39.098483952045],[-84.3716404283589,39.0979882182283],[-84.371670310519,39.0976771688053],[-84.3716790556731,39.0975803429881],[-84.3717143455845,39.0972159741746],[-84.3717442386245,39.096907313979],[-84.3717478279628,39.0968702528068],[-84.3717616666536,39.0967269828084],[-84.3717693460615,39.0966529514816],[-84.3717790869811,39.0966503208711],[-84.3718320193224,39.0961061669329],[-84.3718584738209,39.0958341842835],[-84.3718718782204,39.0956946415002],[-84.371925083529,39.0952062558818],[-84.3719713778333,39.0947812915816],[-84.3719715079813,39.0947800992569],[-84.3719583575622,39.0947801648657],[-84.3719577933946,39.0947801676739],[-84.3719601294902,39.0947749284528],[-84.3719716380257,39.0947744271586],[-84.3719795180439,39.094699869076],[-84.3719799652245,39.0946956433656],[-84.3719861852581,39.0946367868112],[-84.3719981662784,39.0945234194353],[-84.372000352634,39.0945027322727],[-84.372002493764,39.094482474717],[-84.3720107308281,39.0944039996164],[-84.3720205757449,39.0943102121572],[-84.3720432129612,39.0940928809125],[-84.3720438325558,39.0940869224943],[-84.3720683725584,39.0938513332479],[-84.3720882173333,39.0936442175988],[-84.3721001068134,39.0935201225593],[-84.3721251907519,39.0932583224897],[-84.3721369245069,39.0931356364189],[-84.372161155101,39.0928822735747],[-84.3721677038796,39.0928137971042],[-84.3721742525017,39.0927453152292],[-84.3722102558175,39.0923688385703],[-84.3722162545127,39.0923059806133],[-84.3722335300628,39.0921230054882],[-84.3722405438581,39.0920557594675],[-84.372270829456,39.0917360814528],[-84.3722714839182,39.0917291755161],[-84.3722928754913,39.0915033723456],[-84.3722965594355,39.0914657599909],[-84.3723096106381,39.0913686644379],[-84.3723352909319,39.0910971382182],[-84.3723359633906,39.0910900400765],[-84.3723414376162,39.0910321595995],[-84.3723475831814,39.0909671828],[-84.3723831682577,39.0905909163873],[-84.3723896954606,39.0905219059393],[-84.3723962090785,39.090453037167],[-84.3723973567526,39.0904409010551],[-84.3724366955969,39.0900249361909],[-84.3724560619409,39.0898201689111],[-84.3724757691137,39.0896117912085],[-84.3724845199483,39.0895192548055],[-84.3724890923588,39.0895193358749],[-84.3726571904667,39.0895223320688],[-84.3726572117682,39.0895221767523],[-84.3726955709935,39.0892488830957],[-84.3727047278089,39.0891836449478],[-84.3727147603011,39.0891121703287],[-84.3727590578564,39.0887965579204],[-84.3727857770264,39.0886187188409],[-84.3727913822859,39.0885812456849],[-84.3728194742709,39.0883934409489],[-84.3728485465422,39.0881990790835],[-84.3728546709612,39.088158135882],[-84.3728761103689,39.0880074707245],[-84.3728978081236,39.0878550047862],[-84.3728995647789,39.0878426452821],[-84.372919511016,39.0877024747864],[-84.3729476260694,39.0875049216873],[-84.372949299488,39.0874926932717],[-84.372975352731,39.087311806881],[-84.3730061472198,39.0870974851465],[-84.3730400430362,39.086861566705],[-84.3731535119137,39.0860958746841],[-84.3731746366676,39.0859533271313],[-84.3731876518679,39.0858653420082],[-84.3731878036762,39.0858643133128],[-84.3731083210057,39.0857940283345],[-84.3731066468686,39.085792547127],[-84.3729700865323,39.0858654737966],[-84.37292647715,39.0858810877274],[-84.3728825247269,39.0858961062193],[-84.3728382418555,39.0859105245636],[-84.3727936446191,39.0859243388956],[-84.3727594366262,39.0859343983719],[-84.3727571183375,39.0859350809663],[-84.3727487432753,39.0859375436434],[-84.3727035539313,39.0859501358431],[-84.3726580892039,39.0859621116865],[-84.3726123628653,39.0859734673466],[-84.3725709835544,39.085983612054],[-84.372566557995,39.0859846963157],[-84.3725166964693,39.085995015954],[-84.3724737566483,39.0860037793868],[-84.3724101091838,39.0860156805165],[-84.3722665412996,39.0860390573041],[-84.3721224715324,39.0860604769388],[-84.3718846890047,39.0860914169724],[-84.3717975580647,39.0860979001723],[-84.3717634059954,39.0861012477896],[-84.3717589677893,39.0861016835035],[-84.3717587659914,39.086101702982],[-84.3717590042159,39.0861000106565],[-84.3717698013943,39.0860234943653],[-84.3717699697599,39.0860223050262],[-84.3709904227958,39.0860146982925],[-84.3709104165744,39.0859947781483],[-84.3708913687578,39.0859900356572],[-84.3707644395842,39.0859584312762],[-84.3707534626915,39.0859556983048],[-84.3706155964675,39.0856245794094],[-84.37052429303,39.0854052868131],[-84.3705205672919,39.085396339664],[-84.3705161648156,39.085386593442],[-84.3705082086272,39.0853689784939],[-84.370408473358,39.0851481605124],[-84.3704008951239,39.085130366463],[-84.3703518090934,39.0850151019393],[-84.3702876112687,39.0849590410816],[-84.3701459354397,39.0848353224321],[-84.3701448140691,39.0848342791559],[-84.3701447097455,39.08483418173],[-84.3702251991065,39.0836281420443],[-84.3702510843,39.0832279021712],[-84.3703013151053,39.0824458195282],[-84.3703757181074,39.0812873478431],[-84.3703802804646,39.0812876363798],[-84.3708915146082,39.0813200022735],[-84.3715390495799,39.0813609938985],[-84.3722903875725,39.0814085519709],[-84.3728334038308,39.0814429202343],[-84.3729173378392,39.0814482324065],[-84.3730378138135,39.081455857592],[-84.3730395368686,39.0814559666835],[-84.3731840510773,39.0814651122541],[-84.3732265253023,39.081467800564],[-84.3736929892262,39.0814973200512],[-84.3737681239666,39.0815020747596],[-84.3743130620106,39.0815429102601],[-84.3743636161565,39.0815466990881],[-84.3746429647637,39.0815676310759],[-84.3747320832173,39.0815743086504],[-84.3747324446273,39.0815743361385],[-84.3747324878995,39.0815739209771],[-84.3747443613155,39.0814599313358],[-84.3747583400562,39.0813257314754],[-84.3747584532237,39.0813246421342],[-84.374758373113,39.0813245857666],[-84.3746757618178,39.0812659105864],[-84.3745473004135,39.0811746699781],[-84.3743471036372,39.0810324958443],[-84.3742792511521,39.0809842999027],[-84.3742229004134,39.0809442403848],[-84.3741729901378,39.0808907796487],[-84.3741398059166,39.0808552350101],[-84.3739876913885,39.0806916602072],[-84.3738541239102,39.0805197302275],[-84.3738283541974,39.0804865577337],[-84.3737305462528,39.0803606579911],[-84.3736243257492,39.0802232253636],[-84.3734035173903,39.0799375335655],[-84.3732374451094,39.079724126592],[-84.3728082508857,39.0791749077304],[-84.3722282741226,39.0784357264191],[-84.3720404959918,39.0781963999414],[-84.3720167423539,39.0781682500049],[-84.3718716608408,39.0779963219398],[-84.3718118050545,39.0779253874492],[-84.371752015305,39.0778320718768],[-84.3716339932493,39.0776709931203],[-84.3716327360537,39.0776692726986],[-84.3714974692467,39.0775075975792],[-84.3714720868062,39.0774772546857],[-84.3713744897113,39.0773504027001],[-84.3713234714726,39.0772840923916],[-84.371252844741,39.0771922968488],[-84.3711187098044,39.0770179538603],[-84.3711171005877,39.0770158616001],[-84.3710711827886,39.0769562443282],[-84.3709631866993,39.0768160269469],[-84.3709507075728,39.0767998239765],[-84.3706478308227,39.0764065793322],[-84.3704798052285,39.0761884167433],[-84.370464998041,39.0761691167331],[-84.3704456885238,39.0761439455175],[-84.370354145376,39.0760246219373],[-84.3702415306496,39.0758778318089],[-84.3701328282317,39.075736138447],[-84.3700116889135,39.0755782322308],[-84.3699666333251,39.0755194971212],[-84.3698846971193,39.0754112103356],[-84.3697475486567,39.0752299515531],[-84.3696202962177,39.0750617731011],[-84.3695708415319,39.0749966279485],[-84.3695521472937,39.0749717061492],[-84.3695519807339,39.0749714844882],[-84.3695569543422,39.074935577683],[-84.3695912926429,39.0746432646838],[-84.3696144229589,39.0744463648492],[-84.3696341384201,39.0742758239693],[-84.3696440638951,39.0741899721881],[-84.3696783561374,39.0738933422776],[-84.3696830640335,39.0738526166886],[-84.3696842505894,39.0738348883461],[-84.3696853311978,39.0738187411699],[-84.3696950870086,39.0737407785862],[-84.3697175399716,39.0737425127727],[-84.3705045398673,39.0738055117438],[-84.3710595402198,39.0738425121799],[-84.3725225414118,39.0739525125012],[-84.3752115413874,39.0741565118863],[-84.3752355424762,39.0741575117554],[-84.3752703507736,39.0741586258696],[-84.3754981279743,39.074167810482],[-84.3754978785341,39.0741689903299],[-84.3754734914523,39.0742844964389],[-84.3754351265544,39.0746131250311],[-84.3754163952884,39.0748063249203],[-84.3754125417493,39.0748415120093],[-84.3753735426682,39.0752685124003],[-84.3753471930413,39.075522507336],[-84.3753252664467,39.0757324121572],[-84.3753039256332,39.0759367158618],[-84.3752870652734,39.0760973015459],[-84.3752399162495,39.0765516197269],[-84.375201542115,39.0769175128635],[-84.3751997755619,39.0769349848737],[-84.375193513705,39.0769853018274],[-84.3751884884459,39.0770256751183],[-84.3751738414546,39.0771740803171],[-84.3751576105541,39.0773385291771],[-84.3751418120285,39.0774986011694],[-84.375125611261,39.0776627549025],[-84.3751188600943,39.0777311538802],[-84.375118090013,39.0777389546126],[-84.3751182381515,39.0777389612245],[-84.3751205482588,39.0777390670874],[-84.3752325534354,39.0777441879842],[-84.3753395414323,39.0777495125381],[-84.375880395518,39.077784589469],[-84.3759240336248,39.0777876101997],[-84.3762955151511,39.0778118878212],[-84.3765130727241,39.0778244004918],[-84.3767985631533,39.0778413145046],[-84.3767985203607,39.0778420071681],[-84.3767944713276,39.0779079000458],[-84.3767939202855,39.0779133744577],[-84.3767940708314,39.0779133846325],[-84.3768858018846,39.077919537915],[-84.376921917373,39.0779219602625],[-84.3769217986064,39.0779231415998],[-84.3769053876177,39.0780861962208],[-84.3768938353516,39.078200979265],[-84.3768914338205,39.0782248379918],[-84.3768826184207,39.0783124303702],[-84.3768811444324,39.0783270748277],[-84.3768812949793,39.0783270850023],[-84.3770460975758,39.0783381395177],[-84.3772110519506,39.0783492048547],[-84.3773196585434,39.0783564898795],[-84.3773760051977,39.078360269075],[-84.3774035027988,39.0783621128514],[-84.3775442056334,39.0783715507285],[-84.3775440868765,39.0783727320664],[-84.3775436546459,39.0783770251438],[-84.377543805193,39.0783770353177],[-84.3775764989418,39.0783792282111],[-84.3777191380757,39.0783887957702],[-84.3777591772784,39.0783914813195],[-84.3778946215402,39.0784005652301],[-84.3779322809843,39.0784030910798],[-84.3780701039318,39.0784123353435],[-84.3781079521383,39.0784148733929],[-84.3782455875377,39.0784241051724],[-84.3782867107017,39.0784268630639],[-84.3782869492568,39.0784268790177],[-84.3784210711782,39.0784358738349],[-84.3784624317557,39.0784386476362],[-84.3786379154927,39.0784504168708],[-84.3786491461731,39.0784511699676],[-84.3786490262791,39.0784523513253],[-84.3786489413009,39.0784531951416],[-84.3786490930037,39.0784532052953],[-84.3788096496476,39.0784639729808],[-84.3788752550156,39.0784683725327],[-84.3789851335058,39.0784757416894],[-84.3791676362983,39.0784879801154],[-84.3793501391542,39.0785002182538],[-84.3795181698586,39.0785114367353],[-84.3797622797736,39.0785278553427],[-84.3802203973832,39.0785585730419],[-84.3802472466539,39.0785603735103],[-84.3802471140524,39.0785615541754],[-84.3802190876754,39.078810849169],[-84.3802192520894,39.0788108591143],[-84.3803924184301,39.078821727184],[-84.3803979578853,39.0788220742459],[-84.3804267656915,39.0788238825244],[-84.3804266261596,39.0788250633023],[-84.3803985840643,39.0790617238249],[-84.3803918889244,39.0791266254788],[-84.380376831098,39.0792725865201],[-84.3803603252748,39.0794325834691],[-84.380360479315,39.0794325944836],[-84.3805377638466,39.0794452858152],[-84.3805485304906,39.0794460570762],[-84.3806177758102,39.0794510137515],[-84.380710478674,39.0794578843851],[-84.3808851147951,39.0794708281209],[-84.381063049743,39.0794840153556],[-84.3811057010912,39.0794871763194],[-84.3812405407131,39.079496850929],[-84.381413882666,39.0795092878018],[-84.3814278727229,39.0795102940463],[-84.3816171979442,39.079523874774],[-84.3817353484053,39.079532628779],[-84.3819509103646,39.0795485992844],[-84.3819509548688,39.0795481886045],[-84.3819562940649,39.07949941972],[-84.3819635023831,39.0794335734742],[-84.3819720066267,39.0793558868036],[-84.3819765454365,39.0793562482463],[-84.3823229301887,39.0793838652394],[-84.3823368536752,39.0793849760713],[-84.3824763832596,39.0794201939786],[-84.3824939088589,39.0794215661088],[-84.3825429409218,39.079425404919],[-84.3830756147257,39.0794671137458],[-84.3830756691167,39.0794666839837],[-84.3830921679419,39.0793360305637],[-84.3831096787541,39.0791973633747],[-84.3831252550803,39.0790740140656],[-84.3831255993274,39.0790712838326],[-84.3831289787685,39.0790445204272],[-84.3831303848045,39.0790333890891],[-84.3831407817028,39.0789510556951],[-84.38314181769,39.0789428568342],[-84.3831477028631,39.0788962504222],[-84.3831563092819,39.078828091899],[-84.3831576895343,39.0788171637053],[-84.3831649583787,39.0787596281412],[-84.3831702523819,39.0787177138564],[-84.3831718392864,39.0787051343662],[-84.3831735636809,39.0786914723367],[-84.383188995699,39.0785692615227],[-84.3831892286356,39.0785674259942],[-84.3832027965367,39.0784599642873],[-84.3832165551676,39.0783509920963],[-84.3832210915585,39.0783513084784],[-84.3832721662986,39.0783548740917],[-84.3834316293328,39.0783660036506],[-84.3837674098509,39.078389438631],[-84.3838462242141,39.0783949396269],[-84.3839428402102,39.0784016818468],[-84.3844785276054,39.0784390661411],[-84.3844785691343,39.0784386744295],[-84.3844929859031,39.0783022936033],[-84.3844960518806,39.0782732989538],[-84.3845146817262,39.0780970630225],[-84.3845192418428,39.0780539343326],[-84.384534931249,39.0779055133892],[-84.3845356221674,39.0778989824797],[-84.3845579575307,39.0777003764725],[-84.3845621664629,39.0776629559502],[-84.3845810275612,39.0774952379329],[-84.3845839740469,39.0774690356334],[-84.384584792042,39.0774617683369],[-84.3845947940513,39.0773728332282],[-84.3846051516034,39.0772807298067],[-84.3846055133,39.0772778334992],[-84.3846054773847,39.0772778304795],[-84.3846106570515,39.0772347475636],[-84.3846228095453,39.0771329678785],[-84.384641667478,39.076975026692],[-84.384643799723,39.0769571394939],[-84.384648406988,39.0769185826238],[-84.3846506157943,39.0769001013186],[-84.38465155273,39.0768922257098],[-84.3846527819628,39.0768819702969],[-84.3846554976842,39.0768592388139],[-84.3846566024221,39.0768499891457],[-84.3846588106474,39.0768315294737],[-84.3846588398574,39.0768312821232],[-84.3846588749145,39.0768309941323],[-84.3846590685336,39.0768293754807],[-84.3846593205001,39.0768272594262],[-84.3846593545707,39.0768269777584],[-84.3846595672223,39.0768252065273],[-84.3846595903197,39.0768249899104],[-84.3846597113492,39.0768240274702],[-84.3846597009721,39.0768239852918],[-84.3846602588735,39.0768170204587],[-84.3846613352737,39.0768036050061],[-84.3846615077296,39.0768014551061],[-84.3846630457106,39.0767822693176],[-84.3846644710859,39.0767644900274],[-84.3846683054489,39.0767166698888],[-84.3846689518016,39.0767086052917],[-84.3846704958405,39.0766893437199],[-84.3846746326714,39.0766377542618],[-84.3846770570715,39.0766075122381],[-84.384679088281,39.076582184384],[-84.3846806428029,39.0765627965006],[-84.3846812597087,39.0765550999923],[-84.3846856451137,39.0765004052305],[-84.3846882541067,39.0764678626406],[-84.3846916049216,39.0764260726826],[-84.3846952145447,39.0763810412033],[-84.3846986017713,39.0763387983479],[-84.3847031533493,39.0763391252349],[-84.3849670424234,39.0763580977599],[-84.3850477190581,39.0763638973657],[-84.3852371324176,39.0763775138686],[-84.3853688772983,39.0763869852803],[-84.3853759351484,39.0763874920924],[-84.3853779306867,39.0763876362078],[-84.3855072202742,39.0763969302857],[-84.3857141707764,39.0764118066608],[-84.3857211823176,39.0764123106019],[-84.3857773059447,39.0764163452101],[-84.3859737820911,39.0764304681211],[-84.3860473220478,39.0764363498972],[-84.3862743654017,39.0764545075298],[-84.3862889788678,39.0764556760197],[-84.3863064316386,39.0764570721748],[-84.3863171806537,39.0764578467846],[-84.3865342690365,39.0764734963506],[-84.3865872073407,39.0764777590445],[-84.3866045109272,39.0764791521787],[-84.3866678720987,39.0764836649394],[-84.3868558976277,39.0764970563376],[-84.3869904155219,39.0765066357132],[-84.3870469494613,39.0765110504565],[-84.3871782027109,39.076520186347],[-84.3872885893508,39.0765278699838],[-84.3874167207696,39.0765372321668],[-84.3874697400676,39.0765411057071],[-84.3874937172998,39.0765428575825],[-84.3876043088483,39.0765509376268],[-84.387621772776,39.0765521874399],[-84.3878231571809,39.0765666723357],[-84.3879206284459,39.0765735720602],[-84.3879998180878,39.0765793343882],[-84.3881808099915,39.0765921976753],[-84.3882005575793,39.076593601188],[-84.3882363390385,39.0765961615007],[-84.3882739994196,39.0765988272239],[-84.3885316322888,39.0766170638232],[-84.3885519900856,39.0766185050805],[-84.3887070089685,39.0766297592549],[-84.3887569411964,39.0766333852136],[-84.3887568376755,39.0766345672189],[-84.3887365278701,39.0768665423956],[-84.3887154438219,39.0771073609414],[-84.3887097471342,39.0771724334414],[-84.3887097337907,39.0771725823248],[-84.3887034082159,39.0772448460918],[-84.3886793989344,39.0775190711419],[-84.3886619891715,39.0777179338992],[-84.3886607129289,39.0777296038072],[-84.3886423687636,39.0778973583636],[-84.3886351816233,39.077964229235],[-84.38861088866,39.0781902577896],[-84.3885873911414,39.0784088887235],[-84.3885801043902,39.078476057642],[-84.3885725618969,39.078545585957],[-84.3885673945516,39.0785931333639],[-84.3885420632877,39.0788261904373],[-84.3885216919005,39.079013621719],[-84.3885178583889,39.0790488891979],[-84.3885164641965,39.0790617224211],[-84.3885163491717,39.0790627775715],[-84.3885160479393,39.0790655521729],[-84.3885160826278,39.0790655525083],[-84.3885162088162,39.079065559461],[-84.3886782832777,39.0790750859285],[-84.3888555076349,39.0790855003955],[-84.3890349550055,39.0790960441242],[-84.3891238410563,39.0791012673761],[-84.3892106060097,39.0791063656763],[-84.389563090572,39.0791296277386],[-84.3899688936136,39.0791564075917],[-84.3902654003878,39.0791759731091],[-84.3910114351291,39.0792251990482],[-84.3914109800722,39.0792515606564],[-84.3914981965458,39.0792573148187],[-84.3915030244063,39.0792576333266],[-84.3915112047813,39.0792581727976],[-84.391511068901,39.0792593535321],[-84.3915035317556,39.0793249337844],[-84.3915036996389,39.079324943657],[-84.3915645294201,39.0793284517566],[-84.3915990544442,39.0793304432153],[-84.3922673337775,39.0793735362831],[-84.3922672268693,39.0793747192485],[-84.3922554269907,39.0795052082917],[-84.3922448804428,39.0796218220883],[-84.3922360817343,39.0796578303644],[-84.3922359004656,39.0796585694475],[-84.3922237952525,39.0797081062806],[-84.3922078256929,39.0798286262201],[-84.3921897932197,39.0799646879679],[-84.3921765366241,39.0800617329224],[-84.3921733528989,39.0800984865049],[-84.392173488164,39.0800984869984],[-84.39237575614,39.0800988534853],[-84.3924353484717,39.080098962037],[-84.3926457319444,39.0800993423318],[-84.3926457374147,39.0801005342734],[-84.3926473434638,39.0804868999658],[-84.3928199658642,39.080496255566],[-84.3931055687572,39.080511733936],[-84.3932062521953,39.0805171901642],[-84.3932062851673,39.0805168688671],[-84.3932489954894,39.0801043208959],[-84.3932535696153,39.08010435786],[-84.3935343227903,39.08010660475],[-84.3937615182468,39.0801150253865],[-84.3938966146506,39.0801169360651],[-84.3939884012407,39.0801182338607],[-84.3940261322798,39.0801186774137],[-84.3942820601503,39.0801216843047],[-84.3946135808025,39.0801255788328],[-84.3946136085576,39.0801254504359],[-84.3946355908178,39.0800215382185],[-84.3946437765921,39.0799604899851],[-84.3946666734278,39.0797897387522],[-84.3946709125712,39.079754794156],[-84.3946754552368,39.079755080256],[-84.39483387112,39.0797650715548],[-84.3948339238159,39.0797647102902],[-84.3948728417843,39.079495420541],[-84.3948773762486,39.0794957031629],[-84.3953098687341,39.0795226954202],[-84.3953493636271,39.0795251603678],[-84.3953511559983,39.0795252679932],[-84.395392274756,39.0795285370838],[-84.3955522641342,39.0795412533214],[-84.3955524020003,39.0795412645805],[-84.3955523391506,39.0795408196107],[-84.3954715182106,39.0789710642863],[-84.3954694377328,39.0789563975049],[-84.3954693007055,39.0789554302639],[-84.3957092129754,39.0784432020904],[-84.3957584002586,39.0783381830346],[-84.3957673199254,39.078319138434],[-84.3958066974453,39.0782389620856],[-84.3958502116661,39.0781503602762],[-84.3959984889329,39.0778484467206],[-84.3960387257294,39.0777936177596],[-84.3963557641935,39.0773615991252],[-84.3964037207511,39.0772962496231],[-84.3964385484737,39.0773185118335],[-84.3965695479905,39.0773945113235],[-84.3969815482532,39.0776335116859],[-84.3970198875441,39.077656137889],[-84.396995549769,39.0776860192304],[-84.3969663434533,39.0777218755875],[-84.3966314367812,39.0781330427549],[-84.3963527313016,39.0784741770613],[-84.3963462586646,39.0784821001635],[-84.396344638805,39.0784859911015],[-84.3963419006311,39.0784925664274],[-84.3962948438018,39.0786054932408],[-84.3961061739382,39.0790582932257],[-84.3959433909981,39.0794718267402],[-84.3959338569928,39.0794960477791],[-84.3958766385299,39.0796414012593],[-84.395867490757,39.0796646419819],[-84.3958679945718,39.079664634637],[-84.3958720769896,39.0796645714242],[-84.3958831781255,39.0796644050488],[-84.3958848467155,39.0796643804419],[-84.3958850222518,39.0796643739648],[-84.3960629810181,39.0796547459572],[-84.3961401800821,39.0796505693336],[-84.396441281706,39.0796084591702],[-84.3964412347221,39.0796090320788],[-84.3964411825286,39.0796096690442],[-84.3964276479052,39.0797766057343],[-84.3964101427379,39.0799924996592],[-84.3964051159415,39.0800539495316],[-84.3963940251882,39.0801895389151],[-84.3963785184269,39.08038736916],[-84.3963743881532,39.0804466563508],[-84.3963722482999,39.0804790825772],[-84.3963475012564,39.0808540695684],[-84.3963440775846,39.0809059479219],[-84.3963277389885,39.0811288595712],[-84.3960921997354,39.0811495910989],[-84.3958095660594,39.0811744671763],[-84.3958095198391,39.0811744679328],[-84.3958094607851,39.0811757086843],[-84.3958092783582,39.0811795787905],[-84.395809115532,39.0811830178946],[-84.3958089240918,39.0811870683495],[-84.3958087382803,39.0811909844623],[-84.3958085902661,39.0811941151797],[-84.3958085082267,39.08119583294],[-84.3958084957894,39.0811961007426],[-84.3955205277263,39.0811839743783],[-84.3953947884442,39.0811786787413],[-84.395104003884,39.0811612499555],[-84.3950994742246,39.0811609780741],[-84.3950994348645,39.081160976015],[-84.3950641205128,39.0818602229877],[-84.3950374975892,39.0823873733508],[-84.3950375418058,39.0823873410922],[-84.3950375939415,39.0823873023971],[-84.3950422586313,39.0823838283916],[-84.3950577011092,39.0823723294026],[-84.3952099881398,39.0822584997261],[-84.3952704207224,39.0822298176596],[-84.3953951974223,39.0821705955241],[-84.395420343371,39.0821586611046],[-84.395452214342,39.0821455822842],[-84.3955262890797,39.0821151838887],[-84.3955730964619,39.0821003217034],[-84.3956213228614,39.0820850092007],[-84.3958493199217,39.0820126158686],[-84.3959486093455,39.081981089126],[-84.3959623055753,39.0819767401494],[-84.3962683985232,39.0819399044973],[-84.3963895816905,39.0819253210037],[-84.3965634856124,39.0819043925029],[-84.3967474639008,39.0818822509111],[-84.3968562021293,39.0818691645448],[-84.3971444002171,39.0818344792673],[-84.3974100627533,39.0818025068172],[-84.3976966274938,39.0817680163001],[-84.3979995913246,39.0817315525693],[-84.3982840191625,39.0816973181512],[-84.3982929600501,39.0816146619065],[-84.3986751543472,39.0812721548153],[-84.3990471054738,39.0809438015587],[-84.3991155305783,39.080883599818],[-84.3992251013526,39.0807871994136],[-84.3994420343704,39.0805963383202],[-84.3997718084972,39.0803492963522],[-84.3999983069005,39.0802432918568],[-84.4004210021125,39.080045463143],[-84.4004419616183,39.080026503556],[-84.4005399557406,39.079937862047],[-84.4005523312545,39.0799266685064],[-84.4005555012703,39.0799236395653],[-84.4011163275241,39.0793870937476],[-84.4011204268058,39.0793874841808],[-84.4016016392589,39.0794333259667],[-84.4016017852871,39.0794333397876],[-84.401716838912,39.0794442993253],[-84.4019818859112,39.0794695475287],[-84.4025417242068,39.0799847278808],[-84.4025411719618,39.079985381172],[-84.4022644407146,39.0803129040652],[-84.4022474993218,39.0803329548976],[-84.4019745229288,39.0806587440131],[-84.40185900869,39.0807966027325],[-84.401679915058,39.0810142658204],[-84.4015661974231,39.0811524722527],[-84.4015100239792,39.0812207420034],[-84.4014289076492,39.0813193265045],[-84.4010390545706,39.0817839479062],[-84.4009761648879,39.0818588986474],[-84.4007447665751,39.0821373643534],[-84.4004593382087,39.0824806496791],[-84.4004111905861,39.0825386607602],[-84.4001617716063,39.0828380025614],[-84.4001384744281,39.0828659807644],[-84.400067793348,39.0829508626384],[-84.40006733985,39.0829514070772],[-84.3999593801744,39.0830810560028],[-84.3998983743462,39.0831543173618],[-84.3998585075796,39.0832023452718],[-84.399813591187,39.0832564557896],[-84.3997257675927,39.0833616002168],[-84.3997117046558,39.0833784886624],[-84.3995699707278,39.0835486948871],[-84.3995531609294,39.0835688809911],[-84.3994089471017,39.083742064952],[-84.3993805521423,39.0837761633249],[-84.3993009402368,39.0838717680501],[-84.3992079434454,39.0839834435779],[-84.3991202205503,39.0840887876849],[-84.3989497154934,39.0842935390483],[-84.3988973959693,39.0843563670468],[-84.3987701929221,39.0845091175824],[-84.3987493066797,39.0845341997747],[-84.3987278168216,39.0845600054539],[-84.398708825177,39.0845828103744],[-84.3986923195014,39.0846026318573],[-84.3986752325967,39.0846231494313],[-84.3986658498864,39.0846344171349],[-84.3986599362721,39.0846415184868],[-84.3986606738763,39.0846418622953],[-84.3986931933106,39.0846570365555],[-84.3987199254199,39.0846695107398],[-84.3987317494632,39.0846751122154],[-84.398768814194,39.0846926699021],[-84.3988082315567,39.0847113414029],[-84.3988427375851,39.0847276868048],[-84.3988465575416,39.0847294964828],[-84.3988787343749,39.0847447384773],[-84.3989155134537,39.0847621611445],[-84.3989505289357,39.084778747743],[-84.3989891278381,39.084797031652],[-84.3990230765362,39.0848131131325],[-84.3990621696639,39.0848316312869],[-84.3990988937685,39.0848490268672],[-84.3991331645759,39.0848652616129],[-84.3991639678947,39.0848798529951],[-84.3991982703213,39.0848961016198],[-84.3992364946118,39.0849142077845],[-84.3992769708586,39.0849333807494],[-84.399309900876,39.0849489796913],[-84.3993452210272,39.0849657107454],[-84.3993819897668,39.0849831271304],[-84.3994210233713,39.0850016173103],[-84.3994550893797,39.0850177544082],[-84.3994926217191,39.0850355330574],[-84.3995332327709,39.0850547694981],[-84.3995609364688,39.0850678925046],[-84.3995686853583,39.0850715631865],[-84.3995941008141,39.0850836019531],[-84.3996305593657,39.0851008719784],[-84.3996670800072,39.0851181716084],[-84.3997056406375,39.0851364369908],[-84.3997439483531,39.0851545830703],[-84.3997828744006,39.0851730217355],[-84.3998091295632,39.0851854575447],[-84.3998155493232,39.0851884985795],[-84.3998175846262,39.085189462616],[-84.3998505254293,39.0852050666371],[-84.3998885556526,39.0852230802676],[-84.3999256877279,39.0852406698258],[-84.3999590595204,39.0852564775839],[-84.3999960018747,39.0852739756258],[-84.4000392668737,39.0852944703205],[-84.4000624153127,39.0853054352277],[-84.4000733741214,39.0853106254856],[-84.4001050467699,39.0853256285412],[-84.4001363493574,39.0853404556548],[-84.4001557621229,39.0853496509713],[-84.4001592612876,39.0853513090935],[-84.4001609897777,39.0853521276884],[-84.4001617064747,39.0853524673255],[-84.4001750331962,39.0853587792312],[-84.4001914539065,39.0853665576811],[-84.4002078301007,39.0853743143338],[-84.4002256467243,39.0853827537462],[-84.400245248066,39.0853920387586],[-84.400261651215,39.0853998084767],[-84.4002793273096,39.0854081808087],[-84.4002812783293,39.0854091056745],[-84.4002963195284,39.0854162300826],[-84.4003092855894,39.085422371292],[-84.4003143528249,39.0854247722462],[-84.4003348313187,39.0854344726354],[-84.4003549338918,39.0854439944814],[-84.4003718851233,39.0854520236936],[-84.400390944296,39.0854610517787],[-84.4004099531028,39.0854700554588],[-84.4004252672016,39.0854773096237],[-84.4004422594295,39.0854853579755],[-84.4004621559257,39.0854947822711],[-84.4004790896291,39.0855028036465],[-84.4004944154439,39.0855100630164],[-84.4005101909635,39.0855175357533],[-84.4005111887242,39.0855180086313],[-84.400522724901,39.0855233425469],[-84.4005288770063,39.0855261879106],[-84.4005378423323,39.0855303341266],[-84.4005476482136,39.085534868401],[-84.4005564390984,39.0855389336838],[-84.4005591106701,39.0855401692842],[-84.4005696646502,39.0855450498843],[-84.4005802631034,39.0855499504771],[-84.4005917595144,39.0855552670182],[-84.4006023053128,39.0855601441456],[-84.4006115422446,39.085564415645],[-84.4006207862084,39.0855686906323],[-84.4006303439066,39.0855731100388],[-84.4006402282454,39.0855776808606],[-84.4006523322685,39.0855832784522],[-84.4006620222782,39.0855877596569],[-84.400671396196,39.0855920946776],[-84.4006811681448,39.0855966132796],[-84.4006907001116,39.0856010213903],[-84.4007008560557,39.0856057174959],[-84.4007106643178,39.0856102535198],[-84.4007196706214,39.0856144179708],[-84.4007285142083,39.0856185076043],[-84.4007391033416,39.0856234047317],[-84.4007518688221,39.0856293077139],[-84.400761111623,39.0856335818083],[-84.4007710194065,39.0856381639477],[-84.4007811730258,39.0856428591835],[-84.4007919787465,39.0856478563683],[-84.4008017273073,39.085652364532],[-84.4008048870656,39.0856538254776],[-84.4008110707836,39.0856566847241],[-84.4008213309528,39.0856614295656],[-84.4008314798835,39.085666122171],[-84.4008413174412,39.0856706721196],[-84.4008506761396,39.0856749992668],[-84.4008614385541,39.0856799764326],[-84.4008710969762,39.0856844428214],[-84.4008801009877,39.0856886072979],[-84.4008907931469,39.0856935513756],[-84.4008995044457,39.0856975791955],[-84.4009086501105,39.085701808921],[-84.400917117912,39.0857057245053],[-84.400917650611,39.0857059716503],[-84.4009242581328,39.0857090266633],[-84.400926004838,39.0857098341361],[-84.4009292606242,39.085711340355],[-84.40093379131,39.0857134356356],[-84.4009383828647,39.0857155587494],[-84.4009432460181,39.0857178071514],[-84.4009476631535,39.0857198502343],[-84.4009525146057,39.0857220934219],[-84.4009568649976,39.0857241051634],[-84.4009614366656,39.0857262195926],[-84.4009657331956,39.0857282060885],[-84.400970453545,39.0857303892571],[-84.4009750134877,39.0857324975712],[-84.4009791999827,39.0857344336137],[-84.4009836721381,39.0857365019217],[-84.4009879991037,39.0857385023334],[-84.400992326094,39.0857405036456],[-84.4009964973727,39.0857424327291],[-84.4010004450403,39.0857442582621],[-84.4010049523023,39.0857463422113],[-84.4010088695358,39.0857481538273],[-84.4010131555466,39.085750135989],[-84.4010173795089,39.0857520894355],[-84.4010222063821,39.0857543213105],[-84.4010265743306,39.0857563408704],[-84.4010309329375,39.0857583569795],[-84.4010355970931,39.0857605140375],[-84.4010368427396,39.0857610900632],[-84.4010371260402,39.0857612205653],[-84.4010401324317,39.0857626101387],[-84.4010446315341,39.0857646915172],[-84.4010495719847,39.0857669764887],[-84.4010531555485,39.0857686331995],[-84.4010533346641,39.0857687158559],[-84.4010575504179,39.0857706649307],[-84.4010613330346,39.0857724147825],[-84.4010638828619,39.0857735938039],[-84.4010673833095,39.085775212234],[-84.4010756380631,39.0857790294892],[-84.4010834596559,39.0857826466207],[-84.4010916067108,39.0857864142849],[-84.4010996191226,39.0857901192855],[-84.4011079452949,39.0857939696048],[-84.4011166964437,39.085798016577],[-84.4011251595972,39.0858019304207],[-84.4011331181502,39.0858056101737],[-84.4011413436321,39.0858094134887],[-84.4011500842628,39.085813456126],[-84.4011596713063,39.0858178894243],[-84.4011689047904,39.0858221591349],[-84.4011767884416,39.0858258049749],[-84.4011864305067,39.0858302634973],[-84.4011960515047,39.0858347124536],[-84.401205756801,39.085839200571],[-84.4012127483675,39.0858424339716],[-84.401220301866,39.0858459266499],[-84.4012281433619,39.0858495524552],[-84.4012365901307,39.0858534584507],[-84.4012434505713,39.0858566309311],[-84.4012523867025,39.0858607631561],[-84.4012593466832,39.0858639826563],[-84.4012664763898,39.0858672795602],[-84.4012734269568,39.085870492907],[-84.4012820072192,39.0858744615809],[-84.4012889765203,39.0858776836294],[-84.401295745662,39.0858808143568],[-84.4013017877691,39.0858836083264],[-84.4013095395515,39.0858872509158],[-84.4013181039931,39.0858912757093],[-84.4013250337525,39.0858945317419],[-84.4013324003128,39.0858979941438],[-84.4013403956478,39.0859017507659],[-84.4013482926492,39.085905462149],[-84.4013557282917,39.0859089567529],[-84.4013637857026,39.0859127429889],[-84.4013731264995,39.0859171325582],[-84.4013823501817,39.0859214663845],[-84.4013858209152,39.085923097006],[-84.4013938549256,39.0859268728118],[-84.4014025903311,39.0859309776857],[-84.4014109030473,39.0859348849681],[-84.4014179112615,39.08593817755],[-84.4014261455087,39.0859420473759],[-84.4014319043125,39.085944753185],[-84.4014383985101,39.0859478055244],[-84.4014412896143,39.0859491636426],[-84.4014502838168,39.0859533904063],[-84.4014601410274,39.0859580228736],[-84.4014695989282,39.0859624672767],[-84.4014797769821,39.0859672503504],[-84.4014894948324,39.0859718166261],[-84.4014984913762,39.0859760442488],[-84.401507076932,39.0859800794941],[-84.4015173181957,39.0859848912602],[-84.4015266437945,39.0859892738589],[-84.4015355384682,39.0859934535954],[-84.4015455221484,39.0859981452482],[-84.4015491802657,39.0859998646918],[-84.4015532306397,39.0860017678092],[-84.4015618911327,39.0860058378607],[-84.4015708712879,39.0860100576378],[-84.4015803198606,39.0860144985812],[-84.4015896829327,39.0860188985799],[-84.4015986080729,39.0860230931287],[-84.4016084992533,39.0860277412442],[-84.4016182370573,39.086032317994],[-84.4016280919303,39.0860369486836],[-84.4016379433134,39.0860415785288],[-84.4016472349771,39.0860459454569],[-84.4016574458497,39.0860507441947],[-84.4016662562171,39.086054883859],[-84.4016747211847,39.0860588625063],[-84.4016853418954,39.0860638536366],[-84.401694024652,39.0860679341252],[-84.4017032413672,39.0860722653379],[-84.4017129346871,39.0860768211859],[-84.4017218492957,39.0860810104923],[-84.401730664366,39.0860851527777],[-84.401740734754,39.086089886239],[-84.4017496306331,39.0860940668407],[-84.4017598871717,39.0860988864442],[-84.4017695102387,39.0861034092027],[-84.4017773850128,39.086107109209],[-84.4017867809042,39.0861115248715],[-84.4017950784213,39.0861154242673],[-84.4017965714144,39.0861161259695],[-84.4018044286628,39.0861198190537],[-84.4018133713571,39.0861240205063],[-84.4018227824947,39.0861284440247],[-84.4018323903038,39.0861329580184],[-84.4018416784761,39.0861373231866],[-84.4018508097318,39.0861416143445],[-84.4018591400263,39.0861455285149],[-84.4018686506848,39.0861499981492],[-84.4018770091048,39.0861539262728],[-84.4018852562844,39.0861578021615],[-84.4018941627027,39.0861619870845],[-84.4019006768287,39.0861650480814],[-84.4019104158264,39.0861696247876],[-84.4019171688584,39.0861727989924],[-84.4019249569904,39.086176458064],[-84.4019329254937,39.0861802033736],[-84.4019413131757,39.0861841445273],[-84.4019486259093,39.0861875807445],[-84.401956503062,39.0861912825018],[-84.4019653427682,39.0861954369794],[-84.4019739412351,39.086199477385],[-84.4019823125487,39.0862034115964],[-84.4019904683868,39.0862072439272],[-84.4019990481237,39.0862112756285],[-84.402007692271,39.0862153378067],[-84.4020167216717,39.0862195810688],[-84.4020238107738,39.0862229128321],[-84.4020350744001,39.086228206025],[-84.4020439656188,39.0862323839781],[-84.4020489387475,39.0862347206299],[-84.4020641555507,39.0862418698618],[-84.4020783208339,39.0862485254854],[-84.4020926254609,39.086255246395],[-84.4021089301066,39.0862629066512],[-84.402121685541,39.0862688997516],[-84.4021369597376,39.086276075963],[-84.4021525477499,39.0862833992901],[-84.4021696557342,39.0862914382857],[-84.4021836020447,39.0862979902723],[-84.4021984149133,39.086304950601],[-84.4022135673373,39.0863120693356],[-84.4022277490218,39.0863187318801],[-84.4022421532172,39.0863254997911],[-84.4022586183297,39.0863332357795],[-84.4022733913874,39.0863401769303],[-84.402289815501,39.0863478928644],[-84.4023067267721,39.0863558386626],[-84.4023215525226,39.0863628041703],[-84.4023343724031,39.0863688277249],[-84.4023511279208,39.0863766994887],[-84.402365683208,39.0863835387863],[-84.4023810160131,39.0863907428361],[-84.4023965302999,39.0863980313014],[-84.4024100598077,39.0864043882804],[-84.4024208105736,39.0864094393787],[-84.4024366808439,39.0864168949863],[-84.4024514445703,39.0864238317632],[-84.4024669460141,39.0864311150242],[-84.4024817682809,39.0864380787671],[-84.4024835856481,39.08643893281],[-84.4024871407555,39.0864406034599],[-84.4024951525869,39.0864443669413],[-84.4025098601258,39.0864512776034],[-84.4025223966593,39.0864571679367],[-84.4025359659914,39.0864635431685],[-84.4025529487345,39.0864715219961],[-84.4025690743126,39.0864790977321],[-84.402585272515,39.0864867083135],[-84.4025974600918,39.0864924340795],[-84.4026121173028,39.0864993212283],[-84.402624484052,39.0865051314466],[-84.4026353823773,39.0865102512816],[-84.4026466706553,39.0865155548237],[-84.4026488978663,39.0865166012554],[-84.4026619577192,39.0865227325582],[-84.4026713688173,39.0865271506039],[-84.4026809661157,39.0865316565925],[-84.4026907320127,39.0865362409019],[-84.4026947953061,39.0865381491741],[-84.4026966700089,39.0865390284012],[-84.4026982988467,39.0865397936345],[-84.402744514972,39.0865720564892],[-84.4028088150302,39.086593676023],[-84.4028649795907,39.0866125594439],[-84.402872709164,39.0866161869789],[-84.4029112001223,39.086634250638],[-84.4029156023496,39.0866362938925],[-84.4038439169989,39.0870719347088],[-84.4040080459047,39.0871489557629],[-84.40476019284,39.0874833948352],[-84.4047912683628,39.087492323752],[-84.4048235742033,39.0874978860872],[-84.4048562274426,39.0875000098606],[-84.4048596222999,39.087499856731],[-84.4048710020254,39.0874993443525],[-84.4048712561572,39.087499464513],[-84.4048851972781,39.0875060198712],[-84.4048865483232,39.0875044226939],[-84.4048913486965,39.0874987485012],[-84.4048918852878,39.0874981134774],[-84.4049216838937,39.0874935266105],[-84.4049531708918,39.0874851133225],[-84.4049823681812,39.0874734760282],[-84.4050097207274,39.0874587804056],[-84.4050339145928,39.087441303949],[-84.4050549590919,39.0874213906923],[-84.4052462703517,39.0871988859774],[-84.4053844389272,39.087026478875],[-84.4057383951872,39.086584807422],[-84.405832313181,39.0864745268914],[-84.4059806881926,39.0862769283046],[-84.406050860615,39.0861914582897],[-84.4061512504861,39.0860691812885],[-84.4062841806159,39.0859031608724],[-84.4064000801362,39.0857588762721],[-84.4064660311332,39.0856757712247],[-84.4065385083694,39.0855844406429],[-84.4067575964413,39.0853145317408],[-84.4068736073374,39.0851738308092],[-84.4068889439683,39.0851552311172],[-84.4071444014662,39.0848389803392],[-84.4072128330558,39.0847542626342],[-84.4072680452077,39.084678689729],[-84.407290767936,39.0846557444437],[-84.4073134976313,39.0846330567276],[-84.4073366745382,39.0846106184309],[-84.4073598537739,39.0845882665877],[-84.4073834802454,39.0845661650644],[-84.4074075516088,39.0845442274023],[-84.4074320702076,39.0845225400595],[-84.4074565934543,39.0845010247272],[-84.4074815639119,39.0844797588133],[-84.4075065390176,39.0844586649098],[-84.4075319590147,39.0844377348665],[-84.4075578274024,39.0844170551223],[-84.4075836992582,39.0843965465067],[-84.407610020693,39.084376374667],[-84.4076360788022,39.0843568099324],[-84.4077788425285,39.0841816579902],[-84.4081029096793,39.0837840671866],[-84.408723611034,39.0830225350489],[-84.4093222061512,39.082288105645],[-84.4093867380522,39.0822089289684],[-84.4094044373103,39.0821872130267],[-84.4094396713331,39.082143982969],[-84.4094769459931,39.0820982495953],[-84.4094908935292,39.0820810798062],[-84.4094938455735,39.082083064723],[-84.4095302997529,39.0821079767888],[-84.409530329203,39.0821079970265],[-84.4095406415593,39.0821150450203]]],[[[-84.4112598153505,39.1013539884432],[-84.4112115551039,39.1014955156716],[-84.4107965541165,39.1020325160286],[-84.4107745537741,39.1020745162167],[-84.4097835539511,39.1039505162909],[-84.4097715550269,39.1040215161472],[-84.4096155538918,39.1041145158867],[-84.4095465544475,39.104252516053],[-84.40922855417,39.1044745168593],[-84.4089985539603,39.1047405165654],[-84.4085605543402,39.1054185163029],[-84.4080225546547,39.1058355171824],[-84.4071385537478,39.1063635174619],[-84.4067296118865,39.1065460227563],[-84.406872505388,39.106164114109],[-84.4069232869217,39.1060283868777],[-84.407454416815,39.1057423395825],[-84.4074595499709,39.10562756948],[-84.4074698798062,39.105396620851],[-84.4074707165174,39.1053867924058],[-84.4076842487095,39.105071398962],[-84.407986168709,39.1046254453005],[-84.4084992798736,39.1038621448012],[-84.4084993965738,39.1038619707867],[-84.4084993044115,39.1038613443023],[-84.4084991652113,39.1038603906259],[-84.4084859207083,39.1037650289799],[-84.4083764473152,39.1030197903581],[-84.4086944618278,39.1026082078251],[-84.4090056889089,39.1025007731461],[-84.4092859535598,39.1021161121207],[-84.4095909410974,39.1020048772625],[-84.4099420824229,39.1018768086481],[-84.4102451220944,39.1017344986353],[-84.410843453401,39.1014533151463],[-84.4112598153505,39.1013539884432]]]]},"properties":{"OBJECTID":20,"SNA_NAME":"Mt. Washington","SNA_NUMBER":29,"ACRES":2130.16295688,"SQMI":79.733,"app_id":"CIN-SNA-020","canonical_slug":"mt-washington","display_name":"Mt. Washington"}},{"type":"Feature","id":21,"geometry":{"type":"Polygon","coordinates":[[[-84.5174235882816,39.1196915134983],[-84.5168515866664,39.1192015143193],[-84.5165805874871,39.1189705141935],[-84.5163065872186,39.1187355137403],[-84.5145355871218,39.1172225139952],[-84.5137485862214,39.1165515134823],[-84.5132405858192,39.1161255133384],[-84.5129535859861,39.1158855141473],[-84.5126585861273,39.1156355130248],[-84.512149585861,39.1151795141793],[-84.5114415847522,39.1151125130911],[-84.5106255848239,39.1150525137026],[-84.5107555855382,39.1139725141446],[-84.5107645848185,39.1138345140894],[-84.5107965845166,39.1134955134673],[-84.5109005843534,39.1125455137068],[-84.5107655843294,39.112105513071],[-84.510738584491,39.1120205135305],[-84.5105825846098,39.1114295131856],[-84.5103955842034,39.110698513339],[-84.5102325838775,39.1100625122637],[-84.5101465847247,39.1097345130276],[-84.510072585234,39.1094235125425],[-84.5099695840236,39.1090115123149],[-84.5099355852115,39.1088775125919],[-84.5099075848047,39.1087655128676],[-84.5098055842744,39.1083855123178],[-84.5096795849197,39.1078815119821],[-84.5112775843836,39.1076475126874],[-84.5121135844075,39.1075245119288],[-84.5128865846912,39.1074095121497],[-84.5136735852141,39.1072905119933],[-84.5144825848971,39.1071685128187],[-84.5149615857714,39.1070875120623],[-84.5155885861331,39.1069815120484],[-84.5156995859402,39.1069625121383],[-84.5160995866429,39.1068955123593],[-84.5166025868762,39.1068275116572],[-84.5169685863748,39.106777511939],[-84.5172545860416,39.1067395124964],[-84.5177185868825,39.1066765116749],[-84.518432586757,39.1065545115615],[-84.5192635871383,39.1064115114261],[-84.5194315874253,39.1069285122343],[-84.5194995874374,39.1072415123189],[-84.5195935865393,39.1075855115481],[-84.519688587786,39.107919511614],[-84.5197605873493,39.108229511692],[-84.520056587672,39.1093465119578],[-84.5201625870839,39.1098745120253],[-84.5203265875382,39.1105155128204],[-84.5203995874613,39.1107385131238],[-84.5204205877733,39.110818511777],[-84.5205055877076,39.1111265124333],[-84.5205595880854,39.1113485121832],[-84.5206795878962,39.111805512408],[-84.5208415870331,39.1124615126496],[-84.5209125884138,39.1127555127302],[-84.5210425883892,39.1132365128852],[-84.5211685884257,39.1137235123524],[-84.521484587475,39.1149375132535],[-84.52170758882,39.1157555133211],[-84.5218445880145,39.1160655126707],[-84.5220075888923,39.1163165128136],[-84.5221005886209,39.116430514136],[-84.5222945882705,39.1167365135016],[-84.5223875884117,39.116868513601],[-84.5228555890159,39.1176105131041],[-84.5230805888439,39.1179255138776],[-84.5233025889368,39.1182105136085],[-84.523580588846,39.1185335138063],[-84.523662589447,39.1186235132996],[-84.524181588752,39.1191115139371],[-84.5247515896193,39.1196485141925],[-84.525013589765,39.1198975140975],[-84.5253075898929,39.1201035138597],[-84.5256145896754,39.1202985138707],[-84.5259345903388,39.1204815138606],[-84.5262645902861,39.1206515137922],[-84.5261925903094,39.1214535140773],[-84.5261535906044,39.1217655140404],[-84.5259355897322,39.1217405143363],[-84.525792590158,39.1216175145387],[-84.5255445901045,39.1214055148447],[-84.5250135894037,39.1217475138815],[-84.5246405900013,39.1213975146128],[-84.5245845896612,39.1213645149505],[-84.5242415896801,39.1212505138517],[-84.5238045894586,39.1211055142153],[-84.52377958952,39.121105514648],[-84.5237555890026,39.1211135150003],[-84.5237385891735,39.1211275147161],[-84.5236945895413,39.1211975137128],[-84.5236745896423,39.1212085149093],[-84.5236485886292,39.1212115134034],[-84.5236025889792,39.1211925136866],[-84.5225845894847,39.1208315140337],[-84.5227715885052,39.1205605145976],[-84.5229765896923,39.1202765140924],[-84.5232715889181,39.1198605142435],[-84.5224665888762,39.1195885141041],[-84.5216775889937,39.1193075137063],[-84.5213425889338,39.1191915140006],[-84.520795588554,39.1190015140855],[-84.5202045881909,39.118804514425],[-84.5194675880354,39.1185475135584],[-84.5191235878214,39.1184235136614],[-84.5189395880661,39.1183465138813],[-84.5169115876373,39.1167595141989],[-84.5170845873652,39.1175065135858],[-84.517301586994,39.1183515141818],[-84.5174145874876,39.1189145137963],[-84.5174875871426,39.1191915144882],[-84.5175205882196,39.1193175149143],[-84.5175195881401,39.119471514745],[-84.5174235882816,39.1196915134983]]]},"properties":{"OBJECTID":21,"SNA_NAME":"Over-the-Rhine","SNA_NUMBER":34,"ACRES":276.70428529,"SQMI":79.733,"app_id":"CIN-SNA-021","canonical_slug":"over-the-rhine","display_name":"Over-the-Rhine"}},{"type":"Feature","id":22,"geometry":{"type":"Polygon","coordinates":[[[-84.501836583897,39.1266915158264],[-84.5019765835084,39.1256275162919],[-84.5019775839258,39.125571516464],[-84.5019675830941,39.125431515677],[-84.5019385837779,39.1252935162304],[-84.5018915827197,39.1251585163532],[-84.5013795822457,39.1240415153646],[-84.5013265825182,39.1238775157149],[-84.5012915833684,39.123710515675],[-84.5012785834901,39.1236285161049],[-84.5012635822523,39.1234365150861],[-84.5012865831106,39.1227355152038],[-84.501236583438,39.1223195160851],[-84.5012025819217,39.1221885155036],[-84.501046581998,39.1218645157575],[-84.5008605821938,39.1214755156028],[-84.5001705815858,39.1200575158544],[-84.5001435826964,39.1199765155166],[-84.5001275832138,39.1198655158055],[-84.5001295822326,39.1197825157257],[-84.5001895822777,39.1194385145805],[-84.5002965821236,39.1190355148514],[-84.5003385820052,39.118825514914],[-84.5004185831516,39.1182255147838],[-84.500493582556,39.1179715148023],[-84.500549581922,39.1177135150989],[-84.5006165824602,39.1174465152154],[-84.500842582317,39.1166835151494],[-84.500907582141,39.1164065148449],[-84.5009925823742,39.1160435139753],[-84.5010755828161,39.1157635140793],[-84.5012215813156,39.1152745143664],[-84.5012945830979,39.1150605141313],[-84.5013965828687,39.1148235144205],[-84.5016305822731,39.1144105141437],[-84.5019165829866,39.113978513427],[-84.5019345819653,39.1139525142273],[-84.5024575822121,39.1131985137927],[-84.5026215826342,39.1129455132932],[-84.5030175819356,39.1123395133668],[-84.5031415827894,39.1121495130463],[-84.5033765822362,39.1117925129115],[-84.5038125825219,39.1111785129232],[-84.5044265829846,39.1113225134759],[-84.5057205841295,39.1116255135826],[-84.5078065847099,39.1121145130277],[-84.5078835839612,39.1121325132142],[-84.5082535837007,39.112222512874],[-84.5082815837805,39.1122295133909],[-84.5087525835426,39.1123325136797],[-84.5090305842596,39.112393513813],[-84.5094675852961,39.11245051384],[-84.5099355850077,39.112501513463],[-84.510421585576,39.1125195132028],[-84.5106995839491,39.1125275135859],[-84.5109005843534,39.1125455137068],[-84.5107965845166,39.1134955134673],[-84.5107645848185,39.1138345140894],[-84.5107555855382,39.1139725141446],[-84.5106255848239,39.1150525137026],[-84.5114415847522,39.1151125130911],[-84.512149585861,39.1151795141793],[-84.5126585861273,39.1156355130248],[-84.5129535859861,39.1158855141473],[-84.5132405858192,39.1161255133384],[-84.5137485862214,39.1165515134823],[-84.5145355871218,39.1172225139952],[-84.5163065872186,39.1187355137403],[-84.5165805874871,39.1189705141935],[-84.5168515866664,39.1192015143193],[-84.5174235882816,39.1196915134983],[-84.5173975871934,39.1197665146025],[-84.5173485883056,39.1198335138978],[-84.5172775873342,39.1198885141743],[-84.5167715875589,39.1202255139796],[-84.5161275865561,39.1206555142644],[-84.5160555870713,39.1207185151495],[-84.5159815872794,39.1208145149462],[-84.5157565870644,39.1210855142344],[-84.5157225877,39.1211275150567],[-84.5150505870048,39.1219795146225],[-84.5149795868572,39.1220905141646],[-84.5145335874703,39.1234565151355],[-84.5143815871164,39.1239685148901],[-84.5142125865587,39.1245075145023],[-84.514170586967,39.1245905154938],[-84.5141145859835,39.1246685148809],[-84.5129525865662,39.1259295163342],[-84.5127705858067,39.1261365156677],[-84.5126345865126,39.1262805161583],[-84.5123365873443,39.1266025160117],[-84.5121475862271,39.1268075166073],[-84.5116705865297,39.1273335159547],[-84.5106855854949,39.1272735164672],[-84.5096675854154,39.1272055156099],[-84.5083885853014,39.1271235159479],[-84.5055585839973,39.1269395163567],[-84.5046555833282,39.1268765161342],[-84.503416583443,39.126789516276],[-84.5027575837668,39.126748517125],[-84.501836583897,39.1266915158264]]]},"properties":{"OBJECTID":22,"SNA_NAME":"Mt. Auburn","SNA_NUMBER":27,"ACRES":448.39771435,"SQMI":79.733,"app_id":"CIN-SNA-022","canonical_slug":"mt-auburn","display_name":"Mt. Auburn"}},{"type":"Feature","id":23,"geometry":{"type":"Polygon","coordinates":[[[-84.5601546069154,39.2036885279938],[-84.5604406065194,39.2036985287314],[-84.5607596072631,39.2036435288297],[-84.5611426069615,39.2035545279305],[-84.5616766065244,39.2032835276993],[-84.561872606514,39.2031555288028],[-84.5620556069593,39.2030145280141],[-84.5621796076345,39.2029015280448],[-84.5622226062883,39.2028635287176],[-84.5623106076646,39.2027725273474],[-84.5624896073607,39.2025295280004],[-84.5626976070554,39.2022025276801],[-84.5628236080668,39.2019735276334],[-84.5629366074213,39.2017375277955],[-84.5632126079927,39.2012985273889],[-84.563466607751,39.2007435274937],[-84.5636316075057,39.2004935272242],[-84.5644486077357,39.1992565273966],[-84.5646746079323,39.1989835278937],[-84.5656286074247,39.1979385267081],[-84.5657106084252,39.1978025272081],[-84.5657756075948,39.197666526698],[-84.5658276079892,39.1975275264774],[-84.5659016076604,39.1972375267542],[-84.5660356081922,39.1967215263153],[-84.5661646070098,39.1961335266146],[-84.5664976077489,39.1946145266926],[-84.5665746077009,39.1942655254474],[-84.5666786075312,39.1937345262429],[-84.5667096070872,39.1936405259877],[-84.5667536076107,39.1935415267561],[-84.566817607396,39.193437526404],[-84.5669516077548,39.193263526426],[-84.5669996076968,39.1932195261513],[-84.5670646075551,39.1931795254185],[-84.5674566083025,39.1928765256766],[-84.5676006087644,39.1927665255746],[-84.5673886081351,39.1926255261543],[-84.5669506080478,39.1924215258463],[-84.5665496076772,39.1922475261817],[-84.5664246078453,39.1921665259004],[-84.5658416071331,39.1917865262715],[-84.5649066073376,39.1912475252497],[-84.5644056069219,39.1907275260762],[-84.5640546069474,39.190345524768],[-84.5637026065364,39.1900735249465],[-84.5633096066658,39.1898445252762],[-84.5626116069625,39.1894895252087],[-84.5619186057706,39.1892235255127],[-84.5608136056946,39.188799525775],[-84.5607256049148,39.1887705250014],[-84.5599896058228,39.1885285253336],[-84.5598816060668,39.1885105256508],[-84.5597716046342,39.1885085259129],[-84.55935060591,39.188554525324],[-84.5592766054951,39.1885575256198],[-84.5591686046633,39.1885425257349],[-84.5591016058384,39.1885205250246],[-84.559039605681,39.188489526144],[-84.5589856047605,39.1884515256975],[-84.558431604966,39.1879155254304],[-84.5582336045631,39.1876485258488],[-84.5580036053741,39.1870885244791],[-84.5577336045091,39.1863625249223],[-84.557585603966,39.1857265249281],[-84.557275603644,39.1838905241489],[-84.5572426049075,39.1836335247311],[-84.5571576039276,39.1834975245642],[-84.5571536041537,39.1832695242026],[-84.5571466041061,39.183157524682],[-84.5571416045263,39.1829065242506],[-84.5571896049803,39.1824865241232],[-84.5571856048239,39.1823855243695],[-84.5571856047248,39.1819975250627],[-84.5571716035012,39.1816105236961],[-84.5571556032776,39.1815185245195],[-84.5571386037373,39.181408524199],[-84.5571206041407,39.1813545237079],[-84.557034604956,39.1811425236987],[-84.5569406032793,39.1809625242661],[-84.5565276042275,39.1803185242573],[-84.5564786034516,39.1802535238398],[-84.5562736039533,39.1800625239918],[-84.5560566040857,39.1798795241323],[-84.5558516029332,39.179727523918],[-84.5556356029048,39.1795845240659],[-84.5553806031951,39.1794355238011],[-84.5551736033777,39.1793295231433],[-84.5550236033294,39.179253523178],[-84.5546996034365,39.179078523647],[-84.5544186030786,39.1789105240788],[-84.5540366028816,39.1786605244291],[-84.5538266028327,39.1785125233623],[-84.5528526020137,39.1777215242357],[-84.5523916030266,39.1773695239429],[-84.5521006023562,39.1771825228205],[-84.551802602426,39.1770065229665],[-84.5508906022733,39.176529523891],[-84.5512236009827,39.1762225240925],[-84.5515926021662,39.1758745229381],[-84.5522976019809,39.1752835233043],[-84.5532096029291,39.1742695232958],[-84.5532526024285,39.1741765233653],[-84.5528346020457,39.1740445223902],[-84.5522296015789,39.1739145231506],[-84.5518556016987,39.1738475227821],[-84.5515336017142,39.1737185231823],[-84.5514576011315,39.1736565230083],[-84.5515006014072,39.1734905229689],[-84.5513326017697,39.1731395226765],[-84.5528626010642,39.1710685225187],[-84.5530596020321,39.1708855217459],[-84.5525816016065,39.1709015218334],[-84.5524166013237,39.1707915224683],[-84.5519756013217,39.1706445225668],[-84.5518146008727,39.1705665229772],[-84.5518576021468,39.17041052235],[-84.5524536018716,39.1695215217319],[-84.5528156023042,39.1693665220261],[-84.5529766020646,39.1693845222016],[-84.5535546026313,39.1696685221198],[-84.554945602586,39.1699065227675],[-84.5566896028692,39.1702635221485],[-84.5568496031527,39.1705125220687],[-84.5572146033006,39.1706725218545],[-84.5578876038931,39.1712865223879],[-84.5579266036754,39.1714705217477],[-84.5581696029902,39.1714005227106],[-84.5581756037612,39.1712645222043],[-84.5582376039432,39.1711545229434],[-84.5583736034908,39.1711015217471],[-84.5586356033223,39.1708425222606],[-84.5589266029101,39.1706245225165],[-84.559543604516,39.1710965216575],[-84.5598166040504,39.171305522551],[-84.5597056047816,39.1709775222087],[-84.5595716036561,39.1705825220045],[-84.5592426033875,39.1702315224488],[-84.5564726024531,39.1687145220856],[-84.5552626015461,39.1681015218911],[-84.5543396026741,39.1674745211211],[-84.553970601749,39.1672235214065],[-84.5535826018876,39.1668725214428],[-84.5532366018,39.1665865215172],[-84.5531686015027,39.1665185214671],[-84.5529776015636,39.1663255214348],[-84.5529136016855,39.1662565214618],[-84.5528516010589,39.1661755212397],[-84.5527656005618,39.1660215214456],[-84.552710601597,39.1658885220061],[-84.5526706011475,39.165751521395],[-84.5525976017128,39.1652135212627],[-84.5524836015879,39.1644645217751],[-84.5524626009659,39.1642645215325],[-84.5525346013544,39.1642355206451],[-84.5526516006892,39.1642085209733],[-84.5528546013185,39.164215520347],[-84.5548006013791,39.1643755204756],[-84.5549796026984,39.164383521625],[-84.5551586020627,39.1643775213591],[-84.5553356028322,39.1643575208221],[-84.5555096022994,39.1643225214264],[-84.5556446025341,39.1642855207535],[-84.5590996031979,39.1630285201706],[-84.5593146034319,39.1629235207718],[-84.559519603632,39.1628075212068],[-84.5597406038958,39.1626625201821],[-84.5598196040376,39.1626045202777],[-84.5607286035947,39.1618645205029],[-84.560940602867,39.1617125200965],[-84.5611916035703,39.1615535206358],[-84.5614266029633,39.1614225209203],[-84.561669604117,39.1613015205202],[-84.5620846045858,39.1611195201552],[-84.5638286040497,39.1603365194176],[-84.5640606040224,39.1602645197095],[-84.5642986039032,39.1602045199578],[-84.565317605043,39.1600035197961],[-84.5661116045839,39.159855519793],[-84.5661796059076,39.1598345196315],[-84.5662726049405,39.1597885189486],[-84.5663276046116,39.159750518922],[-84.5663756052498,39.1597065201334],[-84.5664306054205,39.159647519566],[-84.5664996045766,39.1595755189264],[-84.5668226054555,39.159235519969],[-84.5672246052162,39.1583995195569],[-84.5674246057829,39.1579565187868],[-84.5677256050892,39.1579475190458],[-84.5682736057954,39.1579595189809],[-84.568883605802,39.1580265196627],[-84.5693466054933,39.158105519384],[-84.5699066055791,39.158251518885],[-84.5705226060125,39.1584465189759],[-84.571003606518,39.1586595193942],[-84.5714296056689,39.158867519262],[-84.5717776076099,39.1590685188364],[-84.5721246064535,39.1593235192607],[-84.5724476071194,39.1595795188275],[-84.5728316066259,39.1599395198872],[-84.5731786076596,39.1602745186891],[-84.5735566069306,39.1606775195894],[-84.5753266083986,39.1624345203119],[-84.5767096088902,39.1638295196903],[-84.5784276092238,39.1656575199959],[-84.5795176093233,39.1668695199714],[-84.5825685739607,39.1700764827843],[-84.5825606471486,39.1701765567814],[-84.5825375066273,39.1704791982768],[-84.5825336573861,39.1705295346196],[-84.5825286103544,39.1705815206484],[-84.5825044825732,39.1708654255973],[-84.5824995485163,39.170920991228],[-84.5824880312035,39.1710497899584],[-84.5824796103845,39.1711415210651],[-84.5824076104505,39.1719675213024],[-84.5823346105483,39.1726925219612],[-84.5822890519944,39.1732549652221],[-84.5822890419,39.173255093351],[-84.5822791554745,39.1733753181751],[-84.5822736102559,39.1734215212298],[-84.5822546107012,39.1736475214255],[-84.5822406106857,39.1738065215472],[-84.5821486108928,39.1746105210236],[-84.5820396107671,39.1756285214204],[-84.5800356103043,39.1755355219464],[-84.5788696102124,39.1754775217202],[-84.5788622327515,39.175477601684],[-84.578857598899,39.1754773702723],[-84.5787820294253,39.1754784642506],[-84.5787819727321,39.1754784652666],[-84.5787766079844,39.1754785321296],[-84.5787763861189,39.1754785455668],[-84.5787590638245,39.1755515392087],[-84.5786836092169,39.1758655221737],[-84.5786196107754,39.1761385223616],[-84.5785606097016,39.1763885222355],[-84.5785326068705,39.1765132637507],[-84.5785273886393,39.1765354678459],[-84.5785208466068,39.1765558115908],[-84.5785096098239,39.1765895225734],[-84.5784716097888,39.176708522486],[-84.5784594843093,39.1767466311376],[-84.5784506353758,39.1767741479347],[-84.5784451639806,39.1767911602717],[-84.5784326871086,39.1768292878307],[-84.5773994605674,39.1773364681307],[-84.5773316096467,39.17736952238],[-84.5769806094025,39.1777105219604],[-84.5768076093773,39.1778785230354],[-84.576259610109,39.1784105226326],[-84.576112609419,39.17856952259],[-84.5759266093462,39.1787705229782],[-84.575641609124,39.179077523034],[-84.5756190600083,39.1791369426926],[-84.5756190492889,39.1791369717176],[-84.5754761849286,39.1795046627059],[-84.5754526089316,39.1795645223833],[-84.5754293112705,39.1796253015396],[-84.575406282637,39.1796845684406],[-84.5753237255719,39.1800730150073],[-84.5753115333458,39.1801291668446],[-84.5752836091837,39.1802555233494],[-84.5752616098193,39.1806455228371],[-84.5752280734412,39.1807758992327],[-84.5751721913503,39.1809916314846],[-84.5751314967575,39.1811385591059],[-84.5750876090571,39.1812955237177],[-84.5750521046475,39.1814141244495],[-84.5750405371915,39.1814524407453],[-84.5750184332347,39.1815861743497],[-84.5749672894363,39.181895599861],[-84.5749215927523,39.1821980619951],[-84.574840928883,39.1822582362059],[-84.5747446093561,39.1823295226354],[-84.5744257833643,39.1825679245647],[-84.5744114105542,39.1825786462315],[-84.5742093836676,39.182729215229],[-84.5740256087683,39.182862523441],[-84.5737646091333,39.183051522802],[-84.5736276094854,39.1831505233355],[-84.5734635478615,39.1832697139868],[-84.5734633653894,39.1832698469977],[-84.5733932748023,39.1833205558896],[-84.5728612840608,39.1836886631645],[-84.5725738565546,39.1838950299879],[-84.5724501420074,39.1840054403065],[-84.5724096091914,39.1840415238],[-84.5723877250384,39.1840611437737],[-84.5722932934386,39.184145419721],[-84.5722818074009,39.1841939817282],[-84.5722466080414,39.1843385231488],[-84.5721786985449,39.184629937512],[-84.5721485059957,39.1847575941356],[-84.5721206089363,39.1848745243556],[-84.5720686808944,39.1849388433974],[-84.5719946885945,39.1850295694231],[-84.5719626091806,39.1850685238308],[-84.5718984261969,39.185171216051],[-84.571879554256,39.1852012854985],[-84.5718106087934,39.1853105249534],[-84.5717911227162,39.1853421893745],[-84.5717785826343,39.1853621694488],[-84.5717785346346,39.1853626226262],[-84.5717556094175,39.1853935240121],[-84.5715756087008,39.1856545240135],[-84.5714236090234,39.1858445239604],[-84.5712816090869,39.1860055246105],[-84.5712266091874,39.1860875241516],[-84.5722496085689,39.1861665244755],[-84.5723299977675,39.1860861351624],[-84.5723350855234,39.1860864632584],[-84.5723541755816,39.1860876927449],[-84.5724989777211,39.1860970113282],[-84.5725198715614,39.1860983563328],[-84.5728267610537,39.1861181049928],[-84.5729255230873,39.1861244604222],[-84.572925715643,39.1861226675232],[-84.5729257246376,39.1861225799619],[-84.5732106095325,39.1858815238471],[-84.5732566093934,39.1857885239274],[-84.57336460891,39.1855915238407],[-84.5734546206032,39.1853897398715],[-84.5734564627357,39.1853879778569],[-84.5735261213837,39.1853213481699],[-84.5738056125987,39.1850540063327],[-84.5738760373485,39.1849866418966],[-84.5738860822372,39.1849770329722],[-84.5738867218032,39.184976421448],[-84.5738859116444,39.1849757250135],[-84.5737922661151,39.184895073184],[-84.5737507559967,39.1848593214446],[-84.573695163621,39.1848110059771],[-84.5737624969553,39.1847624303213],[-84.573867070001,39.1846869894426],[-84.5739533074956,39.1846247755117],[-84.5743937907817,39.1843070025006],[-84.5743946035772,39.1843064158078],[-84.5744823717563,39.1842431000568],[-84.5744830745933,39.1842425928189],[-84.5744821842363,39.1842417680733],[-84.5744605064023,39.1842214201654],[-84.5744522282782,39.1842136516878],[-84.5744390517483,39.1842012980269],[-84.5743356089414,39.1841035246278],[-84.5743647153155,39.1840614555465],[-84.5745474976234,39.1837986099081],[-84.5745923691827,39.1837340825059],[-84.5749136711333,39.1832720345762],[-84.5750555811613,39.1830679576113],[-84.5750635462048,39.1830565026114],[-84.5750755948753,39.1830391763884],[-84.5750795540917,39.1830334830935],[-84.5750845439072,39.1830263071775],[-84.5751188695579,39.1829769434333],[-84.5751188895884,39.1829769160438],[-84.5752426095173,39.1828025236124],[-84.5811496113262,39.1830665234701],[-84.5807596118301,39.1876905243237],[-84.58068861226,39.1884525251809],[-84.5806496114771,39.1893805241847],[-84.5806386946182,39.1895080375179],[-84.5806344202059,39.189557782084],[-84.5806340647338,39.1895619260248],[-84.580617848401,39.1897500435873],[-84.5806126498343,39.189810378403],[-84.5806049910441,39.1898992625704],[-84.5805735582995,39.1902640392514],[-84.5805574682939,39.190450764218],[-84.5805344162071,39.190718277625],[-84.5804820432402,39.1913260476458],[-84.5804441400597,39.1917658966526],[-84.5804400235931,39.1918136722977],[-84.5804379509429,39.1918377185107],[-84.580411227967,39.1921585066281],[-84.5804093102205,39.1921815282851],[-84.580402476616,39.1922636127967],[-84.580380953309,39.1925162018313],[-84.5803687558494,39.1926593512157],[-84.5803605210252,39.1927586778673],[-84.5803594716211,39.1927713355362],[-84.5803509806251,39.1928737429205],[-84.5803460302659,39.1929334425178],[-84.580339214946,39.19301564112],[-84.5803363856957,39.1930497618765],[-84.5803343083353,39.1930748245376],[-84.5803315924665,39.1931075736839],[-84.5803275969242,39.1931557625249],[-84.5803254973879,39.1931810931911],[-84.5803200454298,39.1932468477391],[-84.5803185470341,39.1932649115722],[-84.5803164978516,39.1932896358378],[-84.5803125764668,39.1933369277161],[-84.5803036384562,39.1934447340095],[-84.5803001181851,39.1934871936392],[-84.580271611668,39.1938275255836],[-84.5802167457139,39.1944168767324],[-84.5802167141836,39.1944172196918],[-84.5801902505999,39.1946999864168],[-84.5801824033285,39.1947838316629],[-84.5801791636801,39.1948225163091],[-84.5800977920961,39.195742488809],[-84.5800974794444,39.1957449524433],[-84.5800975729316,39.1957456851125],[-84.5801061420095,39.1958127614632],[-84.580115612174,39.195888525676],[-84.5800406126437,39.1966345259678],[-84.5800298997926,39.1969130420205],[-84.5800233164321,39.1969126022998],[-84.5800189341012,39.1969123096353],[-84.5800092258243,39.1970163065546],[-84.5799869323939,39.1972551061492],[-84.5799726093752,39.1974085346741],[-84.5799688528719,39.1974487783473],[-84.5799677406614,39.1974606883675],[-84.5799645642202,39.1974947107948],[-84.5799637915629,39.1975029925599],[-84.5799631972167,39.1975093573262],[-84.5799627118543,39.1975145532961],[-84.5799625800049,39.1975159666834],[-84.5799627250493,39.1975159766978],[-84.5799810284341,39.1975171992653],[-84.5799927971186,39.1975179848385],[-84.5800269011529,39.1975202621833],[-84.5800286833248,39.1975203807074],[-84.5800692093451,39.1975230817323],[-84.5802160330427,39.1975337406671],[-84.5802294221721,39.1975347359386],[-84.5802556818881,39.1975366952275],[-84.5802960608023,39.1975397069657],[-84.5802959440425,39.1975408867143],[-84.5802952778362,39.1975476393161],[-84.5802887018009,39.1976142384258],[-84.5802859803945,39.197644382752],[-84.5802857003773,39.1976474792301],[-84.5802847629685,39.1976578606645],[-84.580284018268,39.1976661076915],[-84.5802831155262,39.1976760956523],[-84.5802823539717,39.1976845556262],[-84.580281247331,39.1976968475898],[-84.580277753029,39.1977356557269],[-84.5802733116092,39.1977849869346],[-84.5802730744081,39.1977876132048],[-84.5802520540069,39.1980210468679],[-84.5802519114901,39.1980226082168],[-84.5802472185367,39.1980733008925],[-84.5802437010601,39.1981112885971],[-84.5802358023815,39.1981966151335],[-84.5802244587547,39.198319134257],[-84.5802221046481,39.1983445559665],[-84.5802222496675,39.19834456508],[-84.5802408021312,39.1983457056557],[-84.5802598696735,39.1983468775403],[-84.5803199853456,39.1983505725129],[-84.5805699436002,39.1983659359914],[-84.5806073327497,39.1983682335572],[-84.5806407729148,39.198370289265],[-84.5806723302217,39.1983722291552],[-84.5808097347586,39.1983806739371],[-84.5809229162418,39.1983876301758],[-84.5809587856945,39.198389835046],[-84.5809941968893,39.1983920111815],[-84.5810177100065,39.1983934564165],[-84.5811508280599,39.1984009351756],[-84.5811949782519,39.1984034095264],[-84.5813197726267,39.1984126069996],[-84.5813379628149,39.198413947622],[-84.5813777934598,39.1984168832297],[-84.5815295412832,39.1984280676155],[-84.5815887667617,39.1984324320561],[-84.5816006239324,39.1984333059854],[-84.5816667487992,39.1984381791366],[-84.5816720141527,39.1984385676269],[-84.5816929234698,39.1984401080963],[-84.5818357689225,39.1984506354623],[-84.5819061415863,39.1984547736037],[-84.5820451051668,39.1984629456744],[-84.5820455656892,39.1984629725512],[-84.5820671154163,39.1984642401609],[-84.5820738029223,39.1984646328477],[-84.5820892590593,39.198465542161],[-84.5820983629217,39.1984660780005],[-84.5820984347995,39.1984653775058],[-84.5821000103616,39.1984499288818],[-84.5821003531352,39.1984465690702],[-84.5821011795528,39.1984384683323],[-84.5821029624392,39.198420989555],[-84.582103170495,39.1984189449722],[-84.5821033814358,39.1984168805147],[-84.5821038685614,39.1984121007813],[-84.5821040580509,39.1984102502546],[-84.5821043350995,39.1984075250516],[-84.5821046430911,39.1984045154667],[-84.5821055564167,39.1983955571838],[-84.5821056730044,39.1983944116754],[-84.5821072297835,39.1983791499028],[-84.5821092773949,39.1983792762466],[-84.5821202625684,39.1983799540269],[-84.5821228090288,39.1983801110643],[-84.5821507865305,39.198381839075],[-84.5821522761064,39.1983819303802],[-84.5821793452169,39.1983836017013],[-84.5821820715256,39.1983837708276],[-84.5822089341162,39.1983854287281],[-84.582210216067,39.198385508441],[-84.5822199135046,39.1983861066028],[-84.5823873144095,39.1983964422089],[-84.5823941440459,39.1983968638626],[-84.5824104565269,39.1983978712946],[-84.5824216586707,39.1983985631731],[-84.5824559263331,39.1984006782936],[-84.5825166447973,39.1984044270881],[-84.5825301695233,39.1984052628835],[-84.5827185896191,39.1984168957793],[-84.5827184926807,39.1984180787793],[-84.5827166336951,39.1984407191759],[-84.5827128359753,39.1984869817287],[-84.5827095051531,39.1985275494535],[-84.582707328945,39.1985540591917],[-84.5827067904534,39.1985606203002],[-84.582706373707,39.1985657024232],[-84.5827040475163,39.1985940277405],[-84.5827032667171,39.1986035476998],[-84.5826972025745,39.1986774181704],[-84.5826957954407,39.1986945595334],[-84.5826925813496,39.1987337141367],[-84.582676964009,39.1989239538538],[-84.5826762153287,39.1989330731754],[-84.5826745545138,39.1989532979354],[-84.5826608325435,39.1991204469798],[-84.582651714932,39.1992315121051],[-84.5826468663352,39.1992905702208],[-84.5826412453933,39.1993500990247],[-84.5826391805812,39.199371970021],[-84.5826337059924,39.199429951819],[-84.5826338506046,39.1994299861658],[-84.5826358507637,39.1994304638561],[-84.5826395373649,39.1994313446753],[-84.5826522952659,39.1994343927546],[-84.5826832213934,39.1994417802953],[-84.582687542454,39.1994428128124],[-84.5826873212007,39.1994439430804],[-84.5826627740277,39.1995690259715],[-84.5826581844335,39.1995924100752],[-84.5826538222873,39.1996146385704],[-84.5826500134349,39.1996340467992],[-84.5826239711913,39.1997667486516],[-84.582620578799,39.1997840337685],[-84.582608087891,39.1998476855777],[-84.5826069520517,39.1998534726027],[-84.5825984288227,39.1998518649564],[-84.5825947547243,39.1998511722279],[-84.5825939488596,39.1998510200002],[-84.5825908655125,39.1998823233117],[-84.5825880825736,39.1999157521841],[-84.5825687979772,39.2001473440961],[-84.5825655792945,39.2001859968915],[-84.5825639041971,39.2002028123776],[-84.5825606628192,39.2002353484387],[-84.5825605476869,39.2002365038326],[-84.58255972665,39.2002447459389],[-84.5822967107707,39.2002239336074],[-84.5821407221526,39.2002135461832],[-84.5821139280714,39.2002117617812],[-84.5820032777655,39.2002043927086],[-84.5817683910796,39.2001887500807],[-84.5817646664714,39.2001885024432],[-84.581764103712,39.200188464785],[-84.5817546494393,39.2002927158895],[-84.5817507871844,39.2003353015127],[-84.5817503942903,39.2003396281328],[-84.5817490684168,39.200354245115],[-84.581746809696,39.2003791569619],[-84.5817467102033,39.2003802544079],[-84.5817466814828,39.2003805747912],[-84.5817251806504,39.200379608983],[-84.581721885137,39.2003794608691],[-84.5817087772917,39.2003788715863],[-84.5816988432177,39.2003784253926],[-84.5815706162799,39.2003726642277],[-84.5814821303033,39.2003686885965],[-84.5814569188106,39.200367555034],[-84.5813057184257,39.2003607613252],[-84.5812877473418,39.200359953777],[-84.5812205890628,39.2003570406492],[-84.5811201086361,39.2003526869994],[-84.5811032967757,39.2003519586462],[-84.5810401540048,39.2003492220799],[-84.5809046677408,39.2003433516026],[-84.5808607530984,39.2003426929902],[-84.580731449965,39.2003373043079],[-84.5807253871442,39.2003370517129],[-84.5806848152763,39.2003353608716],[-84.5806518204823,39.200333985566],[-84.5806210101274,39.2003327017313],[-84.580508841531,39.200328026428],[-84.5804932777604,39.2003272494778],[-84.5804880183208,39.2003269869706],[-84.5803569439442,39.2003204411637],[-84.5803546743224,39.2003203277789],[-84.580342079485,39.200319698509],[-84.5802822842035,39.2003167122964],[-84.5802278353575,39.2003139933198],[-84.580211997883,39.2003132023172],[-84.5801469860798,39.2003099554489],[-84.5800687949396,39.2003060500776],[-84.5799757335963,39.2003014029563],[-84.5799358035948,39.200299408412],[-84.5797341820969,39.2002893383693],[-84.5797186747432,39.200414263904],[-84.5797081947727,39.2004986806318],[-84.5796938353816,39.2006143508604],[-84.5796937498868,39.2006158048635],[-84.5796907254154,39.2006674082683],[-84.5795825582934,39.2006956220559],[-84.5795831830833,39.2006966596646],[-84.5796675037177,39.2008367913326],[-84.5796867000198,39.2008686926645],[-84.5797034811334,39.2008965808158],[-84.5797305296997,39.2009415316736],[-84.5797337658338,39.2009469096232],[-84.5797468005305,39.2009685720796],[-84.5798161102816,39.20108375539],[-84.5798277236249,39.201103054667],[-84.579828074824,39.2011035736761],[-84.5798276125412,39.2011035269991],[-84.579906013761,39.2012194330184],[-84.5799057223069,39.2012195238411],[-84.5797895663786,39.2012558002145],[-84.5797739348012,39.2012621659941],[-84.5797583020635,39.2012685317925],[-84.5797167142815,39.2012854661151],[-84.5797010826909,39.201291831885],[-84.5796971864831,39.2012934172608],[-84.5796964976549,39.2012936981157],[-84.5796948085767,39.20131155179],[-84.5796918475857,39.2013428482966],[-84.5796777362716,39.2014777394747],[-84.5796772994915,39.2014819182004],[-84.5796434074801,39.2018058967685],[-84.5796333670372,39.2019018839096],[-84.5796230820484,39.2020033807628],[-84.5794305358016,39.2020806182531],[-84.5794062306127,39.2020942368782],[-84.5794068183654,39.2020951183713],[-84.5794899444572,39.2022197728517],[-84.5795231918446,39.202269630538],[-84.5795864861545,39.2023645439541],[-84.5795864099562,39.2023655688969],[-84.5795852676528,39.2023810439428],[-84.5795845741748,39.2023904388617],[-84.5795773138124,39.2024887639099],[-84.5795759655756,39.2025070232439],[-84.579575120231,39.2025184860593],[-84.5795627852381,39.2026855420884],[-84.5795622114621,39.202693308491],[-84.5795597772677,39.202726286791],[-84.5795564244182,39.2027716942292],[-84.5795527640571,39.202821266361],[-84.5795459600294,39.2029134156299],[-84.5795448781546,39.2029280768566],[-84.5795419186089,39.2029597787915],[-84.5795317108211,39.2030691348747],[-84.5795291926605,39.203096109271],[-84.5795180132594,39.2032158726108],[-84.5795165264035,39.2032318367842],[-84.57950339781,39.2033727598434],[-84.5794752168539,39.2036752597325],[-84.5794171560331,39.204298475499],[-84.579414569724,39.2043262413171],[-84.5794091383782,39.2043845347592],[-84.5794075932342,39.2044011135781],[-84.5793959394268,39.2045261861763],[-84.5793937370347,39.2045498255767],[-84.5793903762292,39.2045858948028],[-84.579376668983,39.2047329903702],[-84.5793747223629,39.2047538860369],[-84.5793740166245,39.2047614601771],[-84.579369839326,39.2048062921903],[-84.5793696724816,39.2048080891426],[-84.5793692039519,39.2048131136055],[-84.5792307740399,39.2048023714147],[-84.5791359507942,39.2047950132349],[-84.5791277209521,39.2047943749894],[-84.5790881317539,39.2047913026712],[-84.5790559506053,39.2047888058254],[-84.5789997856383,39.2047844473408],[-84.5788812932122,39.2047752523169],[-84.5788043838936,39.2047703310033],[-84.5787957872438,39.2047697812999],[-84.5787330730345,39.2047657679753],[-84.5787031790837,39.2047638553781],[-84.5785330146165,39.2047534889191],[-84.5785271289527,39.2047531303113],[-84.5784409532477,39.2047478800706],[-84.5783494778109,39.2047423075087],[-84.5782989303982,39.2047393807334],[-84.5782874992823,39.2047386150519],[-84.5782665459158,39.2047372116843],[-84.5782459940536,39.2047358353614],[-84.5781756772107,39.2047311253415],[-84.578164955108,39.2047304073195],[-84.5781415173293,39.2047288375806],[-84.5779961680971,39.2047197766327],[-84.5779813597601,39.2047188082969],[-84.577918291514,39.2047146855412],[-84.5778761872495,39.2047121687357],[-84.5778740603789,39.2047120311189],[-84.5777827288992,39.2047065843822],[-84.5777296449778,39.2047034117437],[-84.577658369882,39.2046991519675],[-84.5775564586917,39.2046930619234],[-84.577456759909,39.204687103378],[-84.5774058756744,39.2046840624076],[-84.577294879388,39.2046774292703],[-84.577182611238,39.2046695330168],[-84.5771486870917,39.2046671470374],[-84.5771022945387,39.2046641633898],[-84.5769012075551,39.2046512295719],[-84.5768777563156,39.2046497508243],[-84.5768295171656,39.2046467073119],[-84.576739798614,39.2046410479797],[-84.5765883552052,39.204631494252],[-84.5765827414646,39.2046311270756],[-84.5765680051164,39.2046301635792],[-84.5765115625506,39.204626472025],[-84.576261304449,39.2046101028477],[-84.5762400458244,39.2046087126868],[-84.5762312945233,39.2046081403322],[-84.5762280061399,39.2046079261559],[-84.5762005138332,39.2046062348494],[-84.5761437250995,39.2046027412313],[-84.576064140624,39.2045978461489],[-84.5760553578477,39.2045973058805],[-84.5760448846475,39.2045966616004],[-84.5759565347732,39.2045912258637],[-84.5759435845385,39.2045904294632],[-84.5758542612865,39.2045849344747],[-84.5758447997869,39.2045843522701],[-84.5757473121828,39.2045783554086],[-84.5756741128332,39.2045741423553],[-84.5755151279972,39.2045640715836],[-84.5754993107984,39.2045632128827],[-84.5753818526775,39.2045558717559],[-84.5753250907275,39.2045522231826],[-84.5753032341044,39.2045508174157],[-84.5752829648079,39.2045495148077],[-84.5752310819106,39.2045461789894],[-84.5751478383922,39.2045408270196],[-84.575050840659,39.2045345901497],[-84.5749725366103,39.204529556993],[-84.5748187236068,39.2045196667043],[-84.5748046711934,39.2045187628387],[-84.5747994904635,39.2045184301827],[-84.5746963350929,39.2045117976365],[-84.5746270921518,39.2045072383717],[-84.5745866201992,39.2045045740591],[-84.5745174666115,39.20450002034],[-84.574336892511,39.2044881317965],[-84.5743189128341,39.2044869475741],[-84.5740950251569,39.2044722062577],[-84.5740857681616,39.2044716851295],[-84.5740174940132,39.204466869412],[-84.5740089793411,39.2044662692342],[-84.5735823061321,39.2044368286761],[-84.5734257269906,39.2044265886221],[-84.5732857116567,39.2044174309937],[-84.5732626743868,39.204634314353],[-84.5732605482973,39.2046543309787],[-84.5732305031203,39.2049371691131],[-84.5732279557059,39.2049611569155],[-84.5731994256125,39.205223766765],[-84.5731993927141,39.2052240646941],[-84.5731906877877,39.2053048745159],[-84.5731808838938,39.2053964388945],[-84.5731699432032,39.2054986143395],[-84.5731624259394,39.2055688130791],[-84.5731573001798,39.2056166856092],[-84.5731477095245,39.2057062566865],[-84.5731439462277,39.2057413948823],[-84.5731425575432,39.2057550856807],[-84.5731253706978,39.2059159913],[-84.57312076297,39.2059591295465],[-84.5731188772148,39.2059767757551],[-84.5730933071791,39.2060603989417],[-84.5730857702882,39.2060850471293],[-84.5730419768039,39.2062286983971],[-84.573006865834,39.2063438678199],[-84.5729906660732,39.2063970046793],[-84.5729400604146,39.2065629961934],[-84.5729393540189,39.2065653136579],[-84.5728880437414,39.2067336126629],[-84.5728802933479,39.2067590368327],[-84.5728367322998,39.2069019197675],[-84.5727819410636,39.2070823367264],[-84.5727397531707,39.2072212557635],[-84.5726756581289,39.2074316991084],[-84.5725714883629,39.2074251683196],[-84.5721038263245,39.2073958467918],[-84.5717469676674,39.2073734717955],[-84.5707695733791,39.2073121830941],[-84.5706777772623,39.2073064263501],[-84.5706778704702,39.2073065238006],[-84.5706830278102,39.2073119497035],[-84.5706082372036,39.2072972134045],[-84.5703857951735,39.2070742750014],[-84.5701947784925,39.206894687444],[-84.570126090167,39.2068301076279],[-84.5700835869684,39.2067932188616],[-84.5700834633743,39.2067931120413],[-84.5700807273573,39.2067907370686],[-84.5700766530665,39.2067872011099],[-84.5700663211571,39.2067782345219],[-84.5700457274183,39.2067603604626],[-84.5700428048157,39.2067578239283],[-84.5700004906872,39.2067210993523],[-84.5698355299392,39.2065779284415],[-84.5697700525977,39.2065210913972],[-84.5697275381712,39.2064842018051],[-84.5696041957246,39.2063771504533],[-84.5695297742649,39.2063125599197],[-84.5693575203537,39.206163057114],[-84.5693245831053,39.2061344699107],[-84.5693126255904,39.2061247240201],[-84.5693124808186,39.2061246058633],[-84.5691486095451,39.2059905276404],[-84.5687199369951,39.2056396421515],[-84.5686585414056,39.2055887010842],[-84.568564274576,39.2055104860063],[-84.56853779353,39.2054885142185],[-84.5684264655304,39.2053958208098],[-84.5681598302529,39.2051722838751],[-84.5681586088639,39.2051705279048],[-84.5681554510666,39.2051686127245],[-84.5681372800252,39.2051533784383],[-84.5681169906666,39.2051363690239],[-84.5678274481517,39.2049614277755],[-84.5672961088913,39.2046403888265],[-84.5672100989712,39.2046251078218],[-84.5669763331602,39.2045793980736],[-84.5667433597007,39.2045338422406],[-84.5663950986696,39.2044657426134],[-84.5663544694934,39.2044577981824],[-84.566292515599,39.2044439622761],[-84.5662822208465,39.204441663247],[-84.5656224097724,39.2043097696205],[-84.5656093760894,39.2043068768519],[-84.5655748655572,39.2042992169844],[-84.5655506796551,39.2042907777409],[-84.5651433100408,39.204148629071],[-84.5650178832437,39.2041048617046],[-84.5648278840906,39.2040385623038],[-84.5648266835701,39.2040381430612],[-84.5646246077731,39.2039415276387],[-84.5645566085348,39.2039125285812],[-84.5644446566983,39.2039205329679],[-84.5644056451994,39.2039180806114],[-84.5643843453285,39.2039165700842],[-84.5642779950508,39.2039110159311],[-84.5642210178952,39.2039080406483],[-84.5639190218707,39.2038922697755],[-84.5636774293156,39.2038796524374],[-84.5635854452043,39.2038748477085],[-84.5634814901931,39.2038694187243],[-84.5632923827218,39.2038595416552],[-84.563170337376,39.203853167207],[-84.5624344168316,39.2038147267846],[-84.5622008176386,39.2038058847004],[-84.5621101722887,39.2038024534155],[-84.5620945115137,39.2038018604234],[-84.5619644722099,39.2037969467818],[-84.5616655874343,39.2037838809448],[-84.5616561330495,39.2037845976503],[-84.5616529314652,39.203784457207],[-84.5616456074681,39.2037815274278],[-84.5616106072349,39.2037855281403],[-84.5612586065193,39.2037835280315],[-84.5612583640621,39.2037835927076],[-84.561255417562,39.2037619148618],[-84.5612551783866,39.203760157593],[-84.5612551239058,39.2037597612058],[-84.5612383029747,39.2037592941278],[-84.5611638042847,39.2037572241722],[-84.5611626290436,39.2037571918869],[-84.5611336335261,39.2037557093374],[-84.5610110033062,39.2037494367213],[-84.5610102911619,39.2037493998133],[-84.560890270572,39.2037432609253],[-84.5608276599502,39.2037400578608],[-84.5608203612037,39.2037396847099],[-84.5608195410657,39.2037395983599],[-84.5607875494483,39.2037362154975],[-84.5604401701347,39.2036994834644],[-84.560386282748,39.2036975218666],[-84.5601560616088,39.203689243716],[-84.5601546069154,39.2036885279938]]]},"properties":{"OBJECTID":23,"SNA_NAME":"Mt. Airy","SNA_NUMBER":26,"ACRES":2202.53382651,"SQMI":79.733,"app_id":"CIN-SNA-023","canonical_slug":"mt-airy","display_name":"Mt. Airy"}},{"type":"Feature","id":24,"geometry":{"type":"MultiPolygon","coordinates":[[[[-84.4098753684798,39.0833058168627],[-84.4098911705486,39.0833644219819],[-84.4098922657043,39.0833684818946],[-84.4098965271121,39.0833847163027],[-84.4098985022941,39.0833922359986],[-84.4098992604633,39.0833951247488],[-84.4099014497835,39.0834034635357],[-84.4099598604304,39.0836259472274],[-84.4099708281036,39.0836618130796],[-84.409970536911,39.083661945824],[-84.4099633473812,39.0836652260053],[-84.4099636081181,39.0836663137298],[-84.4100151217525,39.0838812038765],[-84.4100196168209,39.0838807459312],[-84.4101171906254,39.0838708072456],[-84.4102849308373,39.0838537224128],[-84.4112262272374,39.0837578432361],[-84.4119951632858,39.0836824043802],[-84.4121212082199,39.083669577562],[-84.4121255280344,39.0836691377445],[-84.4121257484509,39.0836695062233],[-84.4122217349927,39.0838303459459],[-84.4122750020502,39.0839196009722],[-84.4123338638467,39.0840182287263],[-84.4123884367429,39.0841096660172],[-84.412732690497,39.0846845922912],[-84.4127764606193,39.0847576911242],[-84.4127801799524,39.0847561682733],[-84.4128256054013,39.0847375683008],[-84.4129081101294,39.0847037146174],[-84.4132131462672,39.0846702052657],[-84.413213795207,39.0846701341804],[-84.4132137794745,39.0846701083109],[-84.413166645758,39.0845926241078],[-84.4131659596046,39.0845914965631],[-84.4132971462709,39.0845785979894],[-84.4136412245212,39.084542104539],[-84.4137055815121,39.0845352785295],[-84.4137665067719,39.0845288173229],[-84.4137665839983,39.0845288088391],[-84.4137809830195,39.0845272816156],[-84.4137820112787,39.0845271727252],[-84.4137827144543,39.0845270980377],[-84.4137741946545,39.084514151616],[-84.413736009382,39.0844561275858],[-84.4136979845235,39.0843983459685],[-84.4136810981622,39.084372686646],[-84.4136698496813,39.0843556028047],[-84.4136460962822,39.0843195295149],[-84.4136389803804,39.0843087223167],[-84.4136352300737,39.0843030259132],[-84.4136237983448,39.0842857495756],[-84.4136189700404,39.0842783329307],[-84.4136149050094,39.084272158784],[-84.4135887181672,39.0842323882913],[-84.4135878963834,39.0842311197288],[-84.4133965721457,39.0839357258239],[-84.4133953971138,39.083934475709],[-84.4133416443327,39.0838772817312],[-84.4132573562657,39.0837875961669],[-84.4130583421729,39.0835758415661],[-84.4130582492983,39.0835757421868],[-84.4130564521567,39.0835692134132],[-84.4130551836191,39.0835646085766],[-84.41302966678,39.0834752163835],[-84.4130016915866,39.0833703647059],[-84.4130001960003,39.083364934689],[-84.4129952806903,39.0833470839574],[-84.4129562204478,39.0832052459581],[-84.4129418159969,39.0831529405228],[-84.4128858888107,39.0829498519551],[-84.4128632407415,39.0828676105254],[-84.4128261075198,39.0827327658404],[-84.4127952145739,39.0826205812217],[-84.4127836565225,39.0825786093047],[-84.4126721733172,39.0822160347637],[-84.4125053525257,39.0816734752641],[-84.4125051078251,39.0816726810092],[-84.4125831411709,39.0815265030039],[-84.4126536192654,39.0813944766139],[-84.4129897259198,39.0807648444531],[-84.4129918544215,39.0807608574708],[-84.4131626774638,39.0804408491067],[-84.4132582406625,39.0802618257534],[-84.4132586487309,39.0802610603626],[-84.4132556024049,39.0802581175223],[-84.4132555715541,39.0802580882985],[-84.4124042298426,39.0794355362229],[-84.4119840113167,39.0790295185936],[-84.4119834462405,39.0790289728986],[-84.412288485021,39.0786591165874],[-84.4123701819274,39.0785600586645],[-84.4124212723435,39.0784981122494],[-84.4124615332202,39.0784475982311],[-84.4127175957308,39.0781263208798],[-84.4127762090746,39.0780544407702],[-84.4129988912669,39.0777813801163],[-84.413088799091,39.0776711315419],[-84.4130893394206,39.0776704693852],[-84.4130075061391,39.0775947259611],[-84.4129701285565,39.0775601290687],[-84.4122573792024,39.0769004083216],[-84.4119640727235,39.0766289193194],[-84.4114746316646,39.0761758791843],[-84.4114196804453,39.0761245895793],[-84.4113648549605,39.0760734150059],[-84.4110902746195,39.0758207829649],[-84.4109323447526,39.0756754760515],[-84.4109230796716,39.0756669512769],[-84.4105726480699,39.0753445256692],[-84.4105650297964,39.0753375162325],[-84.4101119633122,39.0749206516212],[-84.4098063081391,39.0746373433575],[-84.4097457275952,39.074581192058],[-84.4095584171211,39.0744075741964],[-84.4091761439663,39.0740532430426],[-84.4091168417386,39.0739798358393],[-84.4088349062744,39.0736308361664],[-84.4087639252555,39.0735429690387],[-84.4086373748558,39.0733863136664],[-84.4084460582962,39.0731494848832],[-84.4083670612531,39.0730516943358],[-84.4083144628133,39.072988058565],[-84.4078978829352,39.0724840560491],[-84.407847610972,39.0724232343515],[-84.407665797912,39.0722032633748],[-84.4074154745709,39.0719004003491],[-84.4073311838812,39.0717984183167],[-84.4071802516285,39.0716158057121],[-84.4070228191118,39.0714253260139],[-84.4069145391964,39.0712943162083],[-84.4068850701448,39.0712582519349],[-84.4064904723248,39.0707753393519],[-84.4064482409889,39.0707237065692],[-84.406395791106,39.0706595800814],[-84.4063647512993,39.0706215773364],[-84.4063190305228,39.0705682756098],[-84.4058937271692,39.0700724576639],[-84.4058844387755,39.0700613145547],[-84.4057202047882,39.0698642803339],[-84.4054401436085,39.0695282832073],[-84.4051595833683,39.0691916836649],[-84.4049955935534,39.0689949363808],[-84.4048630634183,39.0688359310207],[-84.4045497003214,39.0684599674851],[-84.4044544362854,39.0683456714253],[-84.4042482815781,39.0680983283247],[-84.4042421020149,39.0680909146102],[-84.4041318195472,39.0679585981676],[-84.4040506707448,39.0678612348513],[-84.4040444482198,39.0678537695747],[-84.4040061119304,39.0678077725983],[-84.4040053163433,39.0678068179938],[-84.4046309808528,39.0676122298005],[-84.4047752007855,39.0674491602059],[-84.4048854192697,39.0673245353182],[-84.4048878551159,39.0673217814134],[-84.4049235497658,39.0672895094109],[-84.4051085497612,39.0670975093496],[-84.4052337196794,39.0669515419214],[-84.4052379329315,39.0669475009595],[-84.4054228713323,39.0667701535948],[-84.4054678753436,39.0667269972267],[-84.4054724828671,39.0667225785529],[-84.4056431041352,39.0665589589932],[-84.4057805101469,39.0664271913352],[-84.4058072470936,39.0664015510158],[-84.4059398129691,39.0662744246186],[-84.4059482922911,39.0662662931165],[-84.4059676579571,39.0662442943132],[-84.4059819172802,39.0662280955502],[-84.4060264243047,39.0661775381272],[-84.4060777822368,39.0661191967339],[-84.4060836554801,39.0661125245003],[-84.4060994968917,39.0660945291989],[-84.4061358998878,39.0660532476575],[-84.4061417812801,39.0660465779896],[-84.406147391195,39.066033554363],[-84.4062013728577,39.0659082255936],[-84.4062777914479,39.0657308005035],[-84.4062950189769,39.0656908040217],[-84.4063275033672,39.0656600962947],[-84.4063283068633,39.0656593370325],[-84.4063287576451,39.0656589115438],[-84.4063291960119,39.0656584970715],[-84.4063290009874,39.0656584227949],[-84.4063284182242,39.0656581999269],[-84.4062813694771,39.0656402396671],[-84.4063136112887,39.0655726684119],[-84.4063168280754,39.0655660651198],[-84.4063171662073,39.0655654063218],[-84.4063593940267,39.065489866129],[-84.4065382341939,39.0652142269443],[-84.4065405514674,39.0652106847683],[-84.4065475501903,39.0652005097748],[-84.4065878307499,39.0651471375602],[-84.4066328169899,39.0650879871687],[-84.4067875458565,39.0648829016579],[-84.406890436595,39.064752017112],[-84.4069071595396,39.0647307446172],[-84.4070613487205,39.0645335676525],[-84.4070640641046,39.0645294071234],[-84.4070655509618,39.0645275085379],[-84.4072057427985,39.0643376528106],[-84.4072077895737,39.0643391012651],[-84.4072094194036,39.064336934525],[-84.4072146669823,39.0643299580801],[-84.4072476930784,39.0642833239073],[-84.4072482463365,39.0642825435311],[-84.4072470540383,39.0642817063061],[-84.4072885502688,39.0642255089611],[-84.4075335511238,39.0639045091247],[-84.4076905515674,39.0637305084877],[-84.4079235515347,39.0635025086163],[-84.4084485513618,39.063018508395],[-84.4089525509654,39.0625675089591],[-84.4091395504013,39.0623865082308],[-84.4093925505387,39.0621085081924],[-84.4094194320794,39.0620823843594],[-84.4094198054324,39.0620820457306],[-84.4094458963773,39.062058390181],[-84.4095202137804,39.0619910260849],[-84.4095345683299,39.0619780581085],[-84.4095709468074,39.0619491025404],[-84.4096117394866,39.0619166332107],[-84.4098263906192,39.0617457811324],[-84.4099308236128,39.0616626533682],[-84.4101963965214,39.0614524019614],[-84.4102200334907,39.061433645859],[-84.4103195896751,39.0613546482157],[-84.4103248980884,39.0613504862756],[-84.4103669918148,39.0613174789254],[-84.4104141877822,39.0612802093998],[-84.4120575523916,39.0600215073502],[-84.4127315519054,39.0595205074865],[-84.4130195515512,39.0592875076473],[-84.4132335517768,39.0590745076688],[-84.4133265522479,39.0589515074935],[-84.4134425527354,39.0588255070531],[-84.4135315515931,39.0587215075861],[-84.4136205513185,39.0586175071302],[-84.4137465525425,39.0584795072081],[-84.4138725527297,39.0583425072797],[-84.4140185518723,39.0582015068268],[-84.4140613518033,39.0581646399733],[-84.4145995423422,39.0578298801291],[-84.4147505861481,39.0577359281498],[-84.4148548948367,39.0576710468849],[-84.4148621201254,39.057666552992],[-84.4148748092278,39.0576586593296],[-84.4151225647597,39.0575045498651],[-84.415342792242,39.0573675621062],[-84.4155630177367,39.0572305748467],[-84.4157787286303,39.0570963946145],[-84.4157796593439,39.0570958160838],[-84.416390617362,39.056715772478],[-84.4165136720395,39.0566392257631],[-84.4166050694131,39.0565823719376],[-84.4167756488964,39.0564762626753],[-84.4167766932148,39.0564756128778],[-84.4167715600746,39.0564730281457],[-84.4167711980244,39.056472845827],[-84.4169389093549,39.0563711717236],[-84.4169511457046,39.0563638133138],[-84.4170201652806,39.056324026268],[-84.417130551959,39.0562605073024],[-84.4171317483976,39.0562598847164],[-84.4171562645773,39.0562485918833],[-84.4171814627318,39.0562361596855],[-84.4172066480021,39.0562232123161],[-84.4172309379219,39.056209765287],[-84.4172552161564,39.056195889564],[-84.4172790425908,39.0561815915332],[-84.4173019748295,39.0561667938247],[-84.4173248953821,39.0561515674228],[-84.4173473641587,39.0561359196146],[-84.4173689410452,39.0561198567868],[-84.4175228274743,39.056015431973],[-84.417589463197,39.055977668983],[-84.4175902939729,39.0559771984117],[-84.4175823167664,39.0559705368772],[-84.4181771796322,39.055522924466],[-84.4181866147732,39.0555171016982],[-84.4182632004218,39.0554698344794],[-84.4185137032776,39.0553152295757],[-84.4187249476838,39.0551848532499],[-84.4187275787236,39.05518323288],[-84.4189209355497,39.0550641566568],[-84.4191554606694,39.0549197253385],[-84.419406696028,39.0547650026751],[-84.4194499639179,39.0547383560893],[-84.4194526187878,39.0547367208912],[-84.4195905045421,39.0546517419306],[-84.4196138286829,39.054637367033],[-84.4198151947004,39.0545132657846],[-84.4200636693209,39.0543601290499],[-84.42020322422,39.0542741197283],[-84.4202315429366,39.0542566669067],[-84.4203098745098,39.0542084340792],[-84.4205706225569,39.0540478791579],[-84.4207976477477,39.0539080882726],[-84.4210195260424,39.0537714646828],[-84.4210317559595,39.0537639446511],[-84.4212805145685,39.0536109888101],[-84.4214917552542,39.0534811001681],[-84.4217233962964,39.0533386665182],[-84.4218822251642,39.0532410049666],[-84.4219169595979,39.0532196465552],[-84.4221195607587,39.0530950710455],[-84.4221464509863,39.0530785334553],[-84.423915232345,39.0521934859937],[-84.4241593429538,39.0520711697078],[-84.4241630129573,39.0520707041648],[-84.4241802652778,39.0520735791276],[-84.4246225549723,39.052219505337],[-84.4246905553987,39.05224650561],[-84.4249265549104,39.0523405056877],[-84.4258545546845,39.0528185063777],[-84.4262605547651,39.0530495064934],[-84.4263935550997,39.0531415057926],[-84.4267485546937,39.0534225067022],[-84.4273615553209,39.0539705053712],[-84.4277425557829,39.0543865057673],[-84.4279235561272,39.0545505062839],[-84.4283605565481,39.0551015058213],[-84.428634557132,39.0554475068124],[-84.4286004286922,39.0555193806914],[-84.4285030863463,39.0555240635711],[-84.4279990643794,39.0552546511961],[-84.4276948568078,39.0550627549053],[-84.426870093628,39.0544313591782],[-84.4263656930601,39.0540027467779],[-84.424675538767,39.0529101912536],[-84.4245498649357,39.0528385591258],[-84.4241886375301,39.0527343675377],[-84.4240624171,39.0527232480046],[-84.4240590718983,39.0527248596433],[-84.4239707280603,39.0527674255751],[-84.4239365530275,39.0528057549409],[-84.4239367244204,39.0528070369397],[-84.4239376895762,39.0528142767729],[-84.4239065543955,39.0528295058666],[-84.4238725551934,39.0528675061235],[-84.4238955549457,39.053037505818],[-84.4243475546269,39.053493506456],[-84.4245195556618,39.0536305060147],[-84.424789554931,39.0538055065874],[-84.4254885557409,39.0542175062029],[-84.4261815549862,39.0547125057376],[-84.4264335555879,39.0549205061388],[-84.4271725562637,39.0555855067056],[-84.4276305558211,39.0560575062669],[-84.4279845562651,39.0563675068463],[-84.4282555558832,39.0566035060216],[-84.4284295565231,39.0567575066975],[-84.4287245568617,39.056983506604],[-84.429325555885,39.0574455060791],[-84.4294115571456,39.0575415062662],[-84.4294725566356,39.0575905070501],[-84.4295625564575,39.0576625068329],[-84.4296715561455,39.0577675067817],[-84.4296925566632,39.057788507287],[-84.4297315561141,39.0578245070873],[-84.42977055676,39.0578605068552],[-84.430187557173,39.0582525066752],[-84.4305655570406,39.0587475061275],[-84.4308955574031,39.0599015065557],[-84.4311175573207,39.0606795068578],[-84.4314445572535,39.0618525069522],[-84.4323055572673,39.0657275079952],[-84.4327365585753,39.0668415081129],[-84.4333035580327,39.0701185082367],[-84.4334445585135,39.0716385081969],[-84.4334865593736,39.0727305087886],[-84.4335065597191,39.0728515092239],[-84.4336705584679,39.0738895097114],[-84.4336645597165,39.0741145095492],[-84.4334295598761,39.0754425093114],[-84.4334295592376,39.0757505104856],[-84.4333835586821,39.0759865099097],[-84.4333155597602,39.0768485096993],[-84.4333375584699,39.0780015099949],[-84.4323965589141,39.0778915108603],[-84.4323085582989,39.0778665098188],[-84.4315435586199,39.0769045101649],[-84.4307345590016,39.0754995094004],[-84.4303605580374,39.074314509204],[-84.4295545576658,39.0737725099142],[-84.4287095583167,39.0734785091332],[-84.4279925576052,39.0735545094172],[-84.4271225566933,39.074137509686],[-84.4270985565857,39.0741535100541],[-84.4270755577639,39.0742975097893],[-84.4270585570473,39.074402510258],[-84.4269685570129,39.0744585099209],[-84.4269005566043,39.0748845096961],[-84.4266305570095,39.0753985107732],[-84.4265175570425,39.0761065100968],[-84.4262635575292,39.0765145101026],[-84.426143556389,39.0769705100934],[-84.4256425569599,39.0777505102021],[-84.4254235569164,39.0779455106358],[-84.4249735565863,39.0784065103196],[-84.4241355561753,39.0789395107407],[-84.4235475565952,39.0796755108324],[-84.422983555551,39.0805575112009],[-84.4228235569638,39.0812615116215],[-84.4228935570296,39.0814125108071],[-84.4228835555433,39.0817705111693],[-84.4230405563097,39.0819655113118],[-84.4231345564813,39.0825495114728],[-84.4230055563264,39.0836515114512],[-84.4224115562921,39.0844235122891],[-84.4221005573649,39.0848975126631],[-84.4220775572382,39.0850395117308],[-84.4215465567439,39.0854205126175],[-84.4215455562595,39.0851335119152],[-84.4212655559149,39.0853775125133],[-84.4211325558743,39.0851785124122],[-84.4210685563843,39.0850785117754],[-84.4208795563218,39.084761512819],[-84.4208455566836,39.0847055119759],[-84.4204665561027,39.084105512235],[-84.4203085560102,39.0838255120951],[-84.4202015554561,39.0836195116211],[-84.4200765550056,39.0833015118268],[-84.4199895552815,39.0830235122901],[-84.419950555682,39.0827775112601],[-84.4199305563077,39.0825585121776],[-84.4199335553825,39.0823645116087],[-84.4199545558354,39.0821715110344],[-84.4199935555949,39.0819435114565],[-84.4200565548051,39.0817145121847],[-84.4201215560867,39.0815455113903],[-84.4201735548767,39.0814355116986],[-84.4198615553435,39.0813585117468],[-84.4197915558526,39.0813255118231],[-84.4197365551645,39.0812815115166],[-84.4197235556757,39.0812665115682],[-84.4194725553325,39.0813695110895],[-84.4192625556288,39.0814715117825],[-84.4190335559044,39.0816005121076],[-84.4188185551504,39.0817435115536],[-84.4186175550041,39.0818995118492],[-84.4184555553952,39.0820455115815],[-84.4183045548471,39.0822035124042],[-84.4182215556341,39.082313511868],[-84.4181005550886,39.0825035114912],[-84.4176885552697,39.0830985119214],[-84.4175055547709,39.0833495121272],[-84.4176315549919,39.083372512337],[-84.4177675555811,39.0834065121832],[-84.4179305543062,39.0834465116131],[-84.4175565555972,39.0835925121279],[-84.4173515549901,39.0836845126074],[-84.4172165552184,39.0837455127162],[-84.4166685544994,39.084015511949],[-84.4164865553792,39.0840955126485],[-84.4161595543176,39.0842385118156],[-84.4158435538175,39.0843915131298],[-84.4156765542676,39.0844555120866],[-84.4155205545831,39.0844995120835],[-84.4153185541769,39.0845395124023],[-84.41515155387,39.0845575122143],[-84.4148655549884,39.0845775122097],[-84.4139105539268,39.0846235123615],[-84.4138225534584,39.0846315120737],[-84.4135895543802,39.0846705122824],[-84.4135115542269,39.0846905120017],[-84.4133515537821,39.0847305124768],[-84.4131915534075,39.0847825123784],[-84.4129725546348,39.0848735125609],[-84.4128705543572,39.0849255119883],[-84.4126615542548,39.0850525130015],[-84.4125615537673,39.0851225128428],[-84.4122465532286,39.0854075125961],[-84.4121355534188,39.0854865127014],[-84.4120215526231,39.0855485124201],[-84.4118665530647,39.0856085126626],[-84.4117255541152,39.0856495127173],[-84.4116085532614,39.0856685130887],[-84.4114545543848,39.0856805120896],[-84.4113055533937,39.0856765129927],[-84.4111645532685,39.0856575132501],[-84.4110455537469,39.0856305125465],[-84.4109255532814,39.0855915123706],[-84.4108125526385,39.08554351266],[-84.4106885528344,39.0854725130862],[-84.4105685536166,39.0853835128108],[-84.4104925527793,39.0853165129674],[-84.4104375528992,39.0852545124308],[-84.4103465529891,39.0851085124698],[-84.4103095523565,39.0850235123206],[-84.4100155520681,39.0838835132767],[-84.4099315533142,39.0835365121233],[-84.4098753684798,39.0833058168627]]],[[[-84.4095406415593,39.0821150450203],[-84.4095457170578,39.0821185140338],[-84.4095623533251,39.0821727769938],[-84.4095406415593,39.0821150450203]]]]},"properties":{"OBJECTID":24,"SNA_NAME":"California","SNA_NUMBER":3,"ACRES":1355.16043162,"SQMI":79.733,"app_id":"CIN-SNA-024","canonical_slug":"california","display_name":"California"}},{"type":"Feature","id":25,"geometry":{"type":"Polygon","coordinates":[[[-84.561879602794,39.1514645179759],[-84.5616386030279,39.1503625179005],[-84.5618406032495,39.1497045170658],[-84.5622666023591,39.1485635178025],[-84.5623536030787,39.1483135182376],[-84.5632156031467,39.1459915173304],[-84.5631046023963,39.1455555169142],[-84.5628946027371,39.145281516692],[-84.5627296018681,39.1451935169231],[-84.5623896025488,39.1447845176438],[-84.5621836018016,39.1443065167633],[-84.5620856031292,39.1439305176773],[-84.5621356026359,39.1433935170935],[-84.5621536025602,39.1426025171445],[-84.5621036025106,39.1423005162289],[-84.5619036028883,39.1419595164167],[-84.5618306024853,39.1418435166673],[-84.561898602063,39.141786515943],[-84.5622996027,39.1417765163712],[-84.5628116018987,39.1418045168512],[-84.5634236026347,39.1418565166965],[-84.5639806021289,39.1418975168178],[-84.5641236024633,39.1419085162244],[-84.5661426028163,39.1420145162258],[-84.5663436040794,39.1420355169551],[-84.5665636038187,39.1420675164646],[-84.5668056032262,39.1421145167228],[-84.5670756047016,39.1421825160174],[-84.5671896036947,39.1422165159743],[-84.5672576033869,39.1422575162748],[-84.56730860393,39.1423115171036],[-84.5673206034885,39.1423325153994],[-84.5674346036321,39.1424235166481],[-84.5674976036407,39.1424735163477],[-84.5706496043623,39.1425665154523],[-84.5711496046314,39.1382665149147],[-84.5695276044664,39.1381715156713],[-84.5696096051273,39.1375585149177],[-84.5697876045158,39.1357635147204],[-84.5698306044371,39.1354825152848],[-84.569732603981,39.1350915150304],[-84.5698086034591,39.1343085144634],[-84.5698356035405,39.1340395150764],[-84.5698576037887,39.1338235149527],[-84.5701196044792,39.1338385142893],[-84.5702186039662,39.1338445150956],[-84.5708916044159,39.1338845148747],[-84.5718126044462,39.1339685141141],[-84.5726876050897,39.1340425151594],[-84.5725536055349,39.1352425145086],[-84.5724486047355,39.1362015153399],[-84.5723596056139,39.1371625158253],[-84.5723326050693,39.137398514356],[-84.5722956055071,39.1378555150892],[-84.5723026059683,39.1379725153431],[-84.5723256043643,39.1380875149393],[-84.5725596045777,39.1381355155277],[-84.5726336061183,39.138197514962],[-84.5726896051318,39.1382705153551],[-84.5727166049542,39.1383225155502],[-84.5727386052362,39.1384055153345],[-84.5727386049927,39.1384905150273],[-84.5726526062076,39.13932251576],[-84.572543605509,39.1404995152117],[-84.5724226053884,39.1416545155079],[-84.5723096051684,39.1427785163539],[-84.5723346057986,39.1428915158655],[-84.5723706051147,39.1430075165632],[-84.5739446058325,39.1447055167147],[-84.5735326061749,39.1451595163236],[-84.5730846067199,39.1455705161658],[-84.5723876057569,39.1462485174491],[-84.5723496057446,39.1462955164333],[-84.5722766059028,39.1463575170664],[-84.572188605739,39.1464065170305],[-84.5721596054033,39.1464275159762],[-84.5729556061691,39.1462695169077],[-84.5731416060119,39.1462435165518],[-84.5732786061035,39.1462245164897],[-84.5738046060254,39.1461865166493],[-84.5755236062004,39.1461885169553],[-84.5757036062334,39.1461835168128],[-84.5758856071716,39.1461885172598],[-84.5759336070266,39.1461935164041],[-84.5761006065763,39.1462095165094],[-84.5763486065491,39.1462515160222],[-84.5765546076649,39.1463035164135],[-84.577291607941,39.1465945165279],[-84.5777586077014,39.1467785163765],[-84.5780316071482,39.1469135167363],[-84.5782836073717,39.1470225166992],[-84.578516607788,39.1471095163172],[-84.57845060687,39.1472815171173],[-84.5781466082153,39.1480885163965],[-84.5779886081533,39.1481615176902],[-84.577351607763,39.1486565165586],[-84.5768766070118,39.1490255170785],[-84.5760526071891,39.1501345165425],[-84.5747086069809,39.1507835173581],[-84.5744486074559,39.1512375179871],[-84.5742416068544,39.1515995170755],[-84.5741766075651,39.1521315176142],[-84.5740956070992,39.1522485177034],[-84.5736676070614,39.1528715180701],[-84.5727276065399,39.1535805187751],[-84.5719416066008,39.1536635181757],[-84.5716796068996,39.1536595188251],[-84.5711626060796,39.153639518548],[-84.5704116059116,39.1538035182989],[-84.5694556060706,39.1553005183925],[-84.5693396058632,39.1553215184737],[-84.5691726050702,39.1553675186813],[-84.5690126055834,39.1554295187055],[-84.5688936052273,39.1554895192516],[-84.5687816049429,39.1555585186995],[-84.5686796051012,39.1556355183536],[-84.5685646057165,39.1557415190646],[-84.5684686055803,39.1558575192598],[-84.5681536045677,39.1563895189434],[-84.568100605678,39.156502519084],[-84.5677336059471,39.1572885193988],[-84.5676226059492,39.1575295187657],[-84.5674246057829,39.1579565187868],[-84.5669756053781,39.1579785187383],[-84.5666526050364,39.1580145189753],[-84.5664516056903,39.1580635195796],[-84.5662936053369,39.1576755198959],[-84.5662196054164,39.1574915193515],[-84.5658446048189,39.1569805184615],[-84.5657866053606,39.1569635192488],[-84.5656616043666,39.1569105187315],[-84.5636666034138,39.1553475185702],[-84.5635986034171,39.1552815185591],[-84.5635196040184,39.1551865188421],[-84.563455603701,39.1550845196165],[-84.5634066036203,39.1549785186364],[-84.5633736032628,39.1548675187069],[-84.5633566030554,39.154755518636],[-84.5633686034505,39.1537045181189],[-84.5633816036289,39.1530815185916],[-84.5633716035462,39.1529985190761],[-84.5633446037098,39.152888517928],[-84.5632906039642,39.1527555179849],[-84.5632306032723,39.1526535177658],[-84.5628176029149,39.1521895187794],[-84.5625956028839,39.1519555184606],[-84.561879602794,39.1514645179759]]]},"properties":{"OBJECTID":25,"SNA_NAME":"East Westwood","SNA_NUMBER":15,"ACRES":425.89480626,"SQMI":79.733,"app_id":"CIN-SNA-025","canonical_slug":"east-westwood","display_name":"East Westwood"}},{"type":"Feature","id":26,"geometry":{"type":"Polygon","coordinates":[[[-84.4016025528527,39.1092225171025],[-84.4029783220814,39.1084010489932],[-84.4036048814913,39.1080838313258],[-84.4047279133468,39.1075218437807],[-84.4050337420024,39.1074347825542],[-84.4053940361354,39.1073322142369],[-84.4058688250492,39.1072385855569],[-84.4065057181485,39.1071444198128],[-84.4067296118865,39.1065460227563],[-84.4071385537478,39.1063635174619],[-84.4080225546547,39.1058355171824],[-84.4085605543402,39.1054185163029],[-84.4089985539603,39.1047405165654],[-84.40922855417,39.1044745168593],[-84.4095465544475,39.104252516053],[-84.4096155538918,39.1041145158867],[-84.4097715550269,39.1040215161472],[-84.4097835539511,39.1039505162909],[-84.4107745537741,39.1020745162167],[-84.4107965541165,39.1020325160286],[-84.4112115551039,39.1014955156716],[-84.4112598153505,39.1013539884432],[-84.4121770879364,39.1011351627232],[-84.412178690651,39.1011347803757],[-84.4120109486421,39.1010517877582],[-84.411898750892,39.1009962773055],[-84.4114955094137,39.100796766878],[-84.4118385547685,39.1002245160578],[-84.4119935543333,39.0998435150139],[-84.4122095550799,39.0984975150416],[-84.4123245548175,39.0983645148831],[-84.4123705554966,39.0980805154087],[-84.4125715547363,39.0977045152045],[-84.4127435546488,39.0969295147803],[-84.4130205550848,39.0966675151525],[-84.4133365550204,39.0958705146705],[-84.4135495552163,39.0957105142089],[-84.4137625551041,39.0952625147115],[-84.4140455548081,39.0949655145314],[-84.4141205551649,39.0947925142405],[-84.4143675542435,39.094420514168],[-84.4145275548559,39.0937165136321],[-84.4148225552772,39.091874513742],[-84.4147645546728,39.0916535139771],[-84.4148835553625,39.0909095132397],[-84.4152235550845,39.0905455136177],[-84.4154945544171,39.0900315129537],[-84.4163945552987,39.0891095132581],[-84.4168325556238,39.0884315124731],[-84.4169415554535,39.0880455126074],[-84.4176155557732,39.0870665120609],[-84.4177305556754,39.0869335122366],[-84.418614554834,39.0864045122471],[-84.4188465546834,39.0864265124855],[-84.4193555554284,39.0861865123991],[-84.4197255555263,39.0862215127287],[-84.4198815560053,39.0861285118877],[-84.4204655559764,39.0860025122294],[-84.4213605561883,39.0855205123418],[-84.4212655559149,39.0853775125133],[-84.4215455562595,39.0851335119152],[-84.4215465567439,39.0854205126175],[-84.4220775572382,39.0850395117308],[-84.4221005573649,39.0848975126631],[-84.4224115562921,39.0844235122891],[-84.4230055563264,39.0836515114512],[-84.4231345564813,39.0825495114728],[-84.4230405563097,39.0819655113118],[-84.4228835555433,39.0817705111693],[-84.4228935570296,39.0814125108071],[-84.4228235569638,39.0812615116215],[-84.422983555551,39.0805575112009],[-84.4235475565952,39.0796755108324],[-84.4241355561753,39.0789395107407],[-84.4249735565863,39.0784065103196],[-84.4254235569164,39.0779455106358],[-84.4256425569599,39.0777505102021],[-84.426143556389,39.0769705100934],[-84.4262635575292,39.0765145101026],[-84.4265175570425,39.0761065100968],[-84.4266305570095,39.0753985107732],[-84.4269005566043,39.0748845096961],[-84.4269685570129,39.0744585099209],[-84.4270585570473,39.074402510258],[-84.4270755577639,39.0742975097893],[-84.4270985565857,39.0741535100541],[-84.4271225566933,39.074137509686],[-84.4279925576052,39.0735545094172],[-84.4287095583167,39.0734785091332],[-84.4295545576658,39.0737725099142],[-84.4303605580374,39.074314509204],[-84.4307345590016,39.0754995094004],[-84.4315435586199,39.0769045101649],[-84.4323085582989,39.0778665098188],[-84.4323965589141,39.0778915108603],[-84.4333375584699,39.0780015099949],[-84.4333375584225,39.0780445100262],[-84.4334065594401,39.0786045103309],[-84.4335845598081,39.0791705101447],[-84.4340485593911,39.0802355111389],[-84.4341405597111,39.0806145105096],[-84.4341468948151,39.0807370733886],[-84.4341456542933,39.080741064874],[-84.4341458974853,39.0807418374881],[-84.4341473843356,39.0807465556036],[-84.4341635593939,39.0810595106947],[-84.4341005592649,39.0816135108432],[-84.4339565595651,39.0821025107337],[-84.4338535599903,39.0828055115764],[-84.4337105597194,39.0841065111276],[-84.4337225599912,39.0842325113979],[-84.4337965602727,39.0843695115445],[-84.433865559647,39.0845065122386],[-84.4342035594901,39.084880510764],[-84.4344845605418,39.0851545114269],[-84.4345305600793,39.0852195119216],[-84.4349765595957,39.086033511803],[-84.4351425605485,39.0862745120492],[-84.4354355606832,39.086862511908],[-84.4354695600261,39.0870405123603],[-84.435389560259,39.0885745124579],[-84.4350395604479,39.0904085126306],[-84.4349995608598,39.0910015128832],[-84.4350105609334,39.091226512429],[-84.4349595604085,39.0924615130336],[-84.4349415605255,39.0925175134463],[-84.4348175614669,39.0927625130289],[-84.4346095604215,39.0931515123548],[-84.4343345607225,39.0935215129358],[-84.4340375607256,39.0939005135752],[-84.4338995615922,39.0941475126455],[-84.4337505601961,39.0945815131425],[-84.4337395609751,39.0949265128484],[-84.4338105606611,39.0953265140526],[-84.4339055604239,39.0958595132855],[-84.4339915609545,39.0962115129741],[-84.4341805605723,39.0969795139213],[-84.4342345601203,39.0972995138507],[-84.434594561086,39.098378513907],[-84.4349745606731,39.0996715147625],[-84.4351645617902,39.1003695139649],[-84.4353925615662,39.1008925140475],[-84.4362235616695,39.1024055145829],[-84.4363115616204,39.1025645154948],[-84.4355415611044,39.1028495150888],[-84.4355295621359,39.1028315150481],[-84.4354665613211,39.1027055145896],[-84.4352335612345,39.1023375147793],[-84.4352095607765,39.102308514652],[-84.4351105615834,39.1023495152759],[-84.4351425617194,39.1024025145653],[-84.43474056094,39.1025565143885],[-84.434531561908,39.1026285142335],[-84.4338545618901,39.1028825145837],[-84.4334085616957,39.1030595143396],[-84.4327485615083,39.1020685148489],[-84.4313045612428,39.1026265148088],[-84.4302695609625,39.1030265155619],[-84.4299385606062,39.1032155147716],[-84.4294845607103,39.1043035150916],[-84.4307645599492,39.1063345153585],[-84.4309685604146,39.1066855157495],[-84.4310835603403,39.1068825158308],[-84.4320315613636,39.1084355168764],[-84.4319915608767,39.1085165153186],[-84.4314435609992,39.1081005167291],[-84.4308415605498,39.1085675160813],[-84.4307795612288,39.1086185156204],[-84.4306055610756,39.108502516165],[-84.4304095610435,39.1083855161065],[-84.4302585605867,39.108314516073],[-84.430096560506,39.1082605164404],[-84.4299615607091,39.1082285156195],[-84.4297875596839,39.1082055156178],[-84.4296115603956,39.1082005166067],[-84.4294705609245,39.1082085164261],[-84.4292975602837,39.1082355159947],[-84.4291635603882,39.1082695165279],[-84.4290345607527,39.1083145161096],[-84.4288815604535,39.1083845162628],[-84.4286155602736,39.1085245160796],[-84.4283585599901,39.1086745162976],[-84.4281125602387,39.1088345161246],[-84.4278765598315,39.109003515945],[-84.427599560766,39.1092255162585],[-84.4273625604741,39.1094415166446],[-84.4270555599767,39.1097435170802],[-84.4250945598425,39.1116765162409],[-84.4245945595739,39.1121675166062],[-84.4243405599731,39.1124185167832],[-84.4239155590308,39.112864516478],[-84.4235295586958,39.1132935174605],[-84.4231405591865,39.1137535174235],[-84.4217005589707,39.1155015176236],[-84.4214165586606,39.1158465187547],[-84.4209475586288,39.1164585182581],[-84.4207995579576,39.1166505174463],[-84.4207615579012,39.11670151815],[-84.4205785587608,39.1169695187319],[-84.4204275583785,39.1172195182109],[-84.4203305576108,39.1173975187235],[-84.4197995588843,39.1184395188257],[-84.4196225584426,39.1188285193368],[-84.4192295588839,39.1196745182989],[-84.4187565581841,39.1204525183609],[-84.4183785575656,39.120898519842],[-84.4176245580833,39.1217905199328],[-84.4172105579667,39.122225518739],[-84.4168865576054,39.122565519162],[-84.4166375583465,39.1228285198822],[-84.4165335578276,39.1229395201242],[-84.4163245577991,39.1231655192792],[-84.4159115574045,39.1236115195218],[-84.4156405574514,39.1238845196904],[-84.4146835574858,39.1248965201323],[-84.41369255779,39.1256635202487],[-84.4125125565838,39.1265785200617],[-84.411475556259,39.1273825202966],[-84.4095845559253,39.1287465210489],[-84.4089945560308,39.1292185216688],[-84.4083075562753,39.1296735219943],[-84.4068895564602,39.1311285218856],[-84.4064535554652,39.1317745219714],[-84.4062035557986,39.1322075223131],[-84.404837555323,39.1347795224942],[-84.4047955547266,39.1348675226319],[-84.4038155550566,39.134759522929],[-84.4025855546229,39.1347685221679],[-84.4021775993378,39.1347685223595],[-84.4020832685823,39.1347652065288],[-84.4019114872747,39.1347591680682],[-84.4019109117467,39.1347591477773],[-84.4017913644664,39.1347523386622],[-84.4015805542002,39.1346905218407],[-84.4009375540503,39.1345015221826],[-84.4007065154293,39.1346852642975],[-84.4006550198927,39.1346820657953],[-84.4005526488141,39.1346757072123],[-84.4004491027208,39.1346692768005],[-84.3999431891636,39.134637854119],[-84.39992965274,39.1346370136871],[-84.3998401298854,39.1346314530288],[-84.3998339347117,39.1346310680156],[-84.3998328268717,39.1346309996748],[-84.399839632991,39.134623895448],[-84.399848245516,39.1346167237743],[-84.3998801023269,39.1345901960304],[-84.3999256585179,39.1345522587031],[-84.4000067372384,39.1344847412652],[-84.4000107835266,39.1344814250284],[-84.4000175933608,39.1344757010665],[-84.4001165822654,39.1342618725027],[-84.4002917347789,39.133877860832],[-84.4003291067105,39.1337959263456],[-84.4005145730207,39.1333815336624],[-84.4005250279946,39.1333581740326],[-84.4005251076381,39.1333579961302],[-84.4004986794907,39.1331185399302],[-84.40047198344,39.1328766554042],[-84.4002385254435,39.1324099244522],[-84.4001905268769,39.1323179105927],[-84.4000377647585,39.1320250665169],[-84.3999329366151,39.1316661508196],[-84.3999097246481,39.1315872907031],[-84.3998149465587,39.1312652999969],[-84.3998143708051,39.1312633434432],[-84.3997113416032,39.1308314221945],[-84.3996887514843,39.1307367221142],[-84.399641531562,39.1305379299682],[-84.3995654185758,39.1302175018712],[-84.3995303444281,39.1300708985981],[-84.3994814827506,39.1298666687054],[-84.3994069718526,39.1295730785779],[-84.3993145246511,39.1294286839455],[-84.3992940675713,39.1293967316712],[-84.3992816904372,39.1293773998101],[-84.3991115096395,39.1291297288971],[-84.3991111728139,39.1291293361719],[-84.3989293624045,39.1289171658659],[-84.3988211161439,39.1287908434189],[-84.3987231388384,39.1286765045038],[-84.3987197740953,39.1286725771831],[-84.3984783869374,39.1283922516666],[-84.3983914418952,39.1282912810873],[-84.3978653857429,39.1282916565194],[-84.3974087507785,39.127937723381],[-84.3967704869465,39.1278178482303],[-84.3966474950215,39.1276887377509],[-84.3964392168233,39.1274702473547],[-84.3963143173664,39.1274623616742],[-84.3962421544799,39.1272349694358],[-84.3958312258817,39.1264776981807],[-84.3957641429688,39.1263540757987],[-84.3956639881442,39.1256265365035],[-84.3956457836118,39.1254942939643],[-84.3956455045095,39.1254922649648],[-84.395645385212,39.1254914010518],[-84.3958752090591,39.1246248226169],[-84.3958968463596,39.1245432378549],[-84.3960938741804,39.1239377897451],[-84.3961057642739,39.1238861848894],[-84.3961234528642,39.1234613319208],[-84.3961455117349,39.1228267096944],[-84.3961471554139,39.1227851816846],[-84.396156154427,39.1225578455403],[-84.396166551649,39.1225585196879],[-84.3964615518749,39.1224775206185],[-84.397189551974,39.1220425206363],[-84.3976285527807,39.1216525200376],[-84.3980385521478,39.1211515203985],[-84.3983325519454,39.1204965202238],[-84.3984585517034,39.1200045192193],[-84.3986365519152,39.1197695191911],[-84.3986654909992,39.1196132533798],[-84.3991738049115,39.1196133360732],[-84.3992333414176,39.1196133461839],[-84.3992333428431,39.1196132704762],[-84.3992339599218,39.1195723025075],[-84.3992348889132,39.1195106757039],[-84.3992351312648,39.1194945509622],[-84.3992512543895,39.1194379082089],[-84.3992551861561,39.1194032271908],[-84.3992607552933,39.1193540960625],[-84.3992659863561,39.1193079509962],[-84.3992704636212,39.1190898111327],[-84.3992718308253,39.119023211709],[-84.3992696954274,39.1189441376119],[-84.399269663251,39.1189429461102],[-84.3992641796193,39.1187398855982],[-84.399264147443,39.1187386940966],[-84.3993071116285,39.1185837290549],[-84.3993120252308,39.1185660059644],[-84.3993258080174,39.1185162942282],[-84.3993734892596,39.1183420784764],[-84.3993750788251,39.1183362670764],[-84.3993949328863,39.1180492123303],[-84.3994042773474,39.1179140950156],[-84.3994224203087,39.1178073340785],[-84.3994275830627,39.1177769549911],[-84.3994276329633,39.1177766613468],[-84.3994240721197,39.1177376602556],[-84.3994088702066,39.1175711298444],[-84.3994084874687,39.1175669365346],[-84.399408413627,39.1175661295437],[-84.3994280336619,39.1173842564726],[-84.3994299697806,39.1173663100674],[-84.3994300604345,39.1173654697464],[-84.3994088343071,39.1173047844662],[-84.3993860640202,39.1172396834372],[-84.3993306061438,39.1171576395064],[-84.3992513837422,39.1170404376577],[-84.3992451022993,39.1170311467202],[-84.3992153420395,39.1168728125273],[-84.399213555083,39.1168633037757],[-84.3992134956301,39.1168629866954],[-84.3992207299884,39.1166319451693],[-84.3992207617355,39.1166309364249],[-84.3992118263891,39.1166053861986],[-84.3991960403037,39.1165602540761],[-84.3991947079532,39.1165564439368],[-84.3991932841072,39.1165523722034],[-84.3991923102677,39.1165495887403],[-84.3991917086287,39.1165478677696],[-84.3991914316839,39.1165470776217],[-84.3992003665864,39.1165323925946],[-84.3992034862707,39.1165272652121],[-84.399203584858,39.1165271041187],[-84.3992056092263,39.1165237750702],[-84.3992084675762,39.1165190781452],[-84.39924314182,39.1164620908198],[-84.3992432636148,39.1164618897019],[-84.3992270040441,39.1163574621183],[-84.3992268907025,39.1163567341619],[-84.3992380276952,39.1162931344437],[-84.3992620649876,39.1161558535964],[-84.3992954956861,39.1159876801261],[-84.3992978081883,39.1159760481004],[-84.3993390059003,39.1159083345894],[-84.399375147063,39.1158489346107],[-84.399375554623,39.1158482656928],[-84.3993714570121,39.1158433899356],[-84.3993056430411,39.1157650728902],[-84.3993032064448,39.115758103906],[-84.3992969973232,39.1157403513526],[-84.3992617317276,39.1156395230062],[-84.3992616489821,39.1156392855959],[-84.3992637848403,39.1155990973191],[-84.3992694378617,39.115492735677],[-84.3992706021004,39.1154708329949],[-84.3992706221142,39.115470460552],[-84.3993526262547,39.1151611586265],[-84.3993688760715,39.1150998681597],[-84.3994298724019,39.1150216118272],[-84.399460433079,39.1149824019833],[-84.3994982591509,39.114920231678],[-84.3995967392053,39.1147583675271],[-84.3996159228788,39.1147268368734],[-84.3997143691962,39.1146122164541],[-84.3997996028908,39.1145129791522],[-84.3998043606484,39.1145083844218],[-84.3999064660564,39.1144097894856],[-84.4000106203285,39.1143092146927],[-84.4001873203356,39.114207639564],[-84.4002371551994,39.1141789931114],[-84.400239096513,39.1141784161725],[-84.4003308473261,39.1141511799318],[-84.4004476941741,39.1141164925322],[-84.4004745169014,39.114023259066],[-84.4006164573532,39.1135298835427],[-84.400728084596,39.1131210552367],[-84.4007362671453,39.1128759539299],[-84.4007579441862,39.1119456753519],[-84.4007648020118,39.11165134769],[-84.4007586273075,39.1114436519033],[-84.4007585920549,39.1114424757685],[-84.4008280852204,39.1107869510341],[-84.4010398964806,39.1101326686265],[-84.4012020607352,39.1096794478434],[-84.4015204747126,39.1092716109318],[-84.4016025528527,39.1092225171025]]]},"properties":{"OBJECTID":26,"SNA_NAME":"Linwood","SNA_NUMBER":21,"ACRES":2485.44975451,"SQMI":79.733,"app_id":"CIN-SNA-026","canonical_slug":"linwood","display_name":"Linwood"}},{"type":"Feature","id":27,"geometry":{"type":"Polygon","coordinates":[[[-84.5093315867609,39.1424145191191],[-84.5093085874733,39.1423925182115],[-84.509253587478,39.1423175185017],[-84.5092195867239,39.1422365189274],[-84.5092065870906,39.1421505187113],[-84.5092735867689,39.1414455191272],[-84.5093635872504,39.1405485184324],[-84.5094905863838,39.1392185186841],[-84.5095125866442,39.1389665184767],[-84.5095565860416,39.1384745179142],[-84.5095645874008,39.1383205181127],[-84.5095205863819,39.1377875189654],[-84.5091135858925,39.1361405180717],[-84.5089365858898,39.1354245175504],[-84.5095165863712,39.1354355174458],[-84.5106125867927,39.1354555172494],[-84.5108315872309,39.1342965180445],[-84.5108885871849,39.1340195176168],[-84.5110105875031,39.133022517482],[-84.5109975866036,39.1329855170747],[-84.5110645863198,39.1324205170111],[-84.5111305866571,39.1317615173823],[-84.5112775860624,39.1305005160878],[-84.5113335869103,39.1299305165769],[-84.5113885861906,39.1292255171586],[-84.5114135865572,39.1290285169172],[-84.5114145864978,39.128917516364],[-84.5113995871378,39.1288075160619],[-84.5113785867513,39.1287395158818],[-84.5113585867687,39.1286725165005],[-84.51126258616,39.1284945164251],[-84.5112125863326,39.1283625166124],[-84.5111865865163,39.1282545155154],[-84.5111695857529,39.1281175154716],[-84.5111725864682,39.1279805161838],[-84.511195586181,39.1278435158892],[-84.5112415869611,39.1277385165517],[-84.5113105856357,39.1276425167582],[-84.5114005863099,39.1275565161022],[-84.5115095864582,39.1274845165116],[-84.5116705865297,39.1273335159547],[-84.5121475862271,39.1268075166073],[-84.5123365873443,39.1266025160117],[-84.5126345865126,39.1262805161583],[-84.5127705858067,39.1261365156677],[-84.5129525865662,39.1259295163342],[-84.5141145859835,39.1246685148809],[-84.514170586967,39.1245905154938],[-84.5142125865587,39.1245075145023],[-84.5143815871164,39.1239685148901],[-84.5145335874703,39.1234565151355],[-84.5149795868572,39.1220905141646],[-84.5150505870048,39.1219795146225],[-84.5157225877,39.1211275150567],[-84.5157565870644,39.1210855142344],[-84.5159815872794,39.1208145149462],[-84.5160555870713,39.1207185151495],[-84.5161275865561,39.1206555142644],[-84.5167715875589,39.1202255139796],[-84.5172775873342,39.1198885141743],[-84.5173485883056,39.1198335138978],[-84.5173975871934,39.1197665146025],[-84.5174235882816,39.1196915134983],[-84.5175195881401,39.119471514745],[-84.5175205882196,39.1193175149143],[-84.5174875871426,39.1191915144882],[-84.5174145874876,39.1189145137963],[-84.517301586994,39.1183515141818],[-84.5170845873652,39.1175065135858],[-84.5169115876373,39.1167595141989],[-84.5189395880661,39.1183465138813],[-84.5191235878214,39.1184235136614],[-84.5194675880354,39.1185475135584],[-84.5202045881909,39.118804514425],[-84.520795588554,39.1190015140855],[-84.5213425889338,39.1191915140006],[-84.5216775889937,39.1193075137063],[-84.5224665888762,39.1195885141041],[-84.5232715889181,39.1198605142435],[-84.5229765896923,39.1202765140924],[-84.5227715885052,39.1205605145976],[-84.5225845894847,39.1208315140337],[-84.5236025889792,39.1211925136866],[-84.5236485886292,39.1212115134034],[-84.5236745896423,39.1212085149093],[-84.5236945895413,39.1211975137128],[-84.5237385891735,39.1211275147161],[-84.5237555890026,39.1211135150003],[-84.52377958952,39.121105514648],[-84.5238045894586,39.1211055142153],[-84.5242415896801,39.1212505138517],[-84.5245845896612,39.1213645149505],[-84.5246405900013,39.1213975146128],[-84.5250135894037,39.1217475138815],[-84.5255445901045,39.1214055148447],[-84.525792590158,39.1216175145387],[-84.5259355897322,39.1217405143363],[-84.5261535906044,39.1217655140404],[-84.5261925903094,39.1214535140773],[-84.5262595902061,39.1214805144288],[-84.5265955905626,39.1215165143636],[-84.528143590965,39.1216495139776],[-84.5286185912949,39.1217225138561],[-84.530574591615,39.1220505139137],[-84.5308285914816,39.1221905136204],[-84.5318455919723,39.1227305144936],[-84.5320035923025,39.1228125137547],[-84.5320955914899,39.1229055146784],[-84.5322635921268,39.1231225139368],[-84.5323385927085,39.123204513775],[-84.5323755923691,39.1232675139676],[-84.5324025931131,39.1233335142198],[-84.5324215922034,39.1234255144241],[-84.5324755922023,39.1239935148745],[-84.5324715921776,39.1241225138219],[-84.5324765920275,39.1241715144219],[-84.5323085922563,39.1246895140825],[-84.5321095927522,39.1253725143262],[-84.5320235917289,39.1256705149949],[-84.5318225921527,39.1263615147777],[-84.5320085922365,39.1262765151965],[-84.5321215917681,39.1262155147112],[-84.5321635920391,39.126192514741],[-84.5323465913981,39.1260025149009],[-84.5325825921591,39.1256985147204],[-84.5329895921582,39.1251675144804],[-84.5330785925307,39.1250165143823],[-84.5331475919342,39.1248605138129],[-84.533302592183,39.1243165145186],[-84.5334975916507,39.1242355137019],[-84.5335335927824,39.1246085144028],[-84.5335335924697,39.1247505145275],[-84.5335155926599,39.1249215139283],[-84.533491592691,39.1250605147799],[-84.5334365935224,39.1257575141927],[-84.5333975932219,39.1261215147119],[-84.5333955933281,39.1263475144495],[-84.5334025926537,39.1264605145472],[-84.5334655921641,39.1271355156222],[-84.5334705926253,39.1272695151099],[-84.5334635926611,39.1276505144246],[-84.5334185929327,39.1278155152879],[-84.5333455930631,39.1280045152567],[-84.5332525924448,39.1281875155289],[-84.5332055922871,39.1282645150698],[-84.5325115925934,39.1295355161465],[-84.5324525923665,39.1296505159591],[-84.5322785932417,39.1299625154139],[-84.5320415926862,39.1302035148058],[-84.531872592747,39.1303355159268],[-84.5317565927243,39.1304265153256],[-84.5314595924573,39.1306695156859],[-84.531271592878,39.1308825164567],[-84.5311585916644,39.1311785150446],[-84.5312245921831,39.1315225159872],[-84.5315865920195,39.1321125166385],[-84.5319225928009,39.1326215159576],[-84.5319925930666,39.1327785155741],[-84.5320435925626,39.1329395163299],[-84.5320715934628,39.1330765157729],[-84.5321425926762,39.1335095163585],[-84.5322785927606,39.1360475170732],[-84.5323055940358,39.1362125164184],[-84.5323485928351,39.1363755170323],[-84.5324185937741,39.1365625162612],[-84.5325025925191,39.1367275173229],[-84.5326635926922,39.1369705166891],[-84.5327425929742,39.137150516408],[-84.532847593151,39.1374395166145],[-84.5329165929969,39.1379815171509],[-84.5329305936504,39.1380955170696],[-84.5329305941723,39.1381565178174],[-84.5329325936239,39.1383535167926],[-84.532937593403,39.1390755168984],[-84.5329195938959,39.1393875165319],[-84.5329115927344,39.1395335176535],[-84.532365593038,39.1398335174945],[-84.5319745932357,39.1399815178803],[-84.5312135935349,39.1400775177892],[-84.5308355927305,39.1400535175304],[-84.5306745924326,39.1399865177133],[-84.529533592343,39.1396925173839],[-84.5293815928,39.139673517437],[-84.5290785926645,39.1396505178478],[-84.5286535919443,39.139650517547],[-84.527857592084,39.1397055171955],[-84.5275485919873,39.1397505175194],[-84.5264715918747,39.1400145176678],[-84.5262965922874,39.1400495179976],[-84.5260815919768,39.1400735172563],[-84.5260065916434,39.1400725177213],[-84.5258585911792,39.1400625175464],[-84.525676591438,39.1400345175962],[-84.5255035909436,39.1399885179377],[-84.525372591623,39.1399425177001],[-84.5252175918721,39.1398725177684],[-84.5244695904492,39.1394555179008],[-84.5243295916843,39.1395805179245],[-84.5239805905816,39.1399305182397],[-84.5239165913791,39.1399795180536],[-84.5236715901848,39.140166518341],[-84.5234295906944,39.1402785180591],[-84.523244590456,39.1403575179666],[-84.5226045903119,39.140531518458],[-84.5218855909472,39.140711518112],[-84.5209535905609,39.140963518128],[-84.5204595897558,39.1410875177787],[-84.5201725907139,39.1411155187771],[-84.519914589943,39.1411155180415],[-84.519459589003,39.1411195187824],[-84.5193885898265,39.141716518252],[-84.5193075901207,39.1425345185516],[-84.5192035891724,39.1434715189438],[-84.5189155894574,39.1433895185265],[-84.5185815898675,39.1432645193294],[-84.5181595898774,39.1430795189543],[-84.5175175891472,39.1427825185346],[-84.5168135896112,39.142446519064],[-84.5166695891809,39.1423935179554],[-84.5165215892678,39.1423635191952],[-84.5162695888595,39.1423325186726],[-84.5154085887134,39.142199517964],[-84.5151985887899,39.1421355192046],[-84.515061588343,39.142055518608],[-84.5133535876566,39.1406885191262],[-84.5131075880764,39.1404525185626],[-84.5130585880594,39.1403935186709],[-84.5128325880132,39.1399795183548],[-84.5127125877609,39.1400115176447],[-84.5122365881335,39.1404195184318],[-84.5120935879879,39.1407365182463],[-84.5118715873931,39.1413345188953],[-84.5121725881332,39.1427655184135],[-84.512479587628,39.1442935193884],[-84.5125085886673,39.1443595198691],[-84.5125545880138,39.1444195190765],[-84.5132515881635,39.1451575193335],[-84.5124945881297,39.1450075190916],[-84.5118985875507,39.1449135194787],[-84.5117945872012,39.1448815194108],[-84.5117325883826,39.1448495194068],[-84.5116525878749,39.1447905188967],[-84.5115925876626,39.1447175189736],[-84.5104505867192,39.1435455190434],[-84.5101355863892,39.1432265195402],[-84.5093315867609,39.1424145191191]]]},"properties":{"OBJECTID":27,"SNA_NAME":"CUF","SNA_NUMBER":10,"ACRES":1020.70794203,"SQMI":79.733,"app_id":"CIN-SNA-027","canonical_slug":"cuf","display_name":"CUF"}},{"type":"Feature","id":28,"geometry":{"type":"Polygon","coordinates":[[[-84.4574868792423,39.2114483578966],[-84.4576145773338,39.2112415345282],[-84.45789757696,39.2110775342865],[-84.4583635767797,39.2109575347625],[-84.4588535775534,39.2107945348566],[-84.4590895773341,39.210698534755],[-84.4592045774163,39.2106515339251],[-84.4594435769535,39.2105545336813],[-84.4600875774641,39.2102205341608],[-84.4604435768251,39.2099805342333],[-84.461048576725,39.2095775337213],[-84.4620085781978,39.2088375337819],[-84.462431578309,39.2083965336873],[-84.4627675780424,39.2079445334847],[-84.4629785779267,39.2075515337591],[-84.4630845776722,39.2071575329607],[-84.4630415777036,39.2064865332786],[-84.4629205773314,39.2059955331304],[-84.4629305779294,39.2057075336791],[-84.4630165782031,39.2053715330453],[-84.4633335782663,39.2048485335937],[-84.4637465774706,39.2043145327102],[-84.46422657905,39.2038155328978],[-84.4646975778082,39.2034985325236],[-84.4651875781985,39.2031815327158],[-84.4657155780331,39.2027395322409],[-84.4666125786399,39.2020305323869],[-84.4675495786715,39.2018175321594],[-84.4678605790476,39.2018005316724],[-84.4679185790519,39.2017975315748],[-84.4681035789025,39.2017875327281],[-84.4681515793511,39.2017845318252],[-84.4685385783553,39.2017635320019],[-84.4688915791272,39.201758532183],[-84.469415579542,39.2017125325705],[-84.4697635797177,39.2017075320727],[-84.4700305795351,39.2016325321083],[-84.4701515797287,39.2015865317883],[-84.4702165798609,39.2015295320763],[-84.4702675804589,39.2014855319677],[-84.4704285792822,39.2013855320928],[-84.4705645803021,39.2013595322457],[-84.4707115797433,39.2013545318403],[-84.4708795794626,39.2013965317498],[-84.4711275808727,39.2015765319756],[-84.4712255801166,39.2016825318379],[-84.471275580203,39.2018035316927],[-84.4713265792849,39.2019695318206],[-84.4713665801304,39.2021415321074],[-84.4713965799374,39.202307532161],[-84.4713615806256,39.2024735327531],[-84.4713615799572,39.2026505320654],[-84.471341580584,39.2028725324889],[-84.4713165799753,39.2030535326213],[-84.4712805806844,39.2031895320403],[-84.4712105798412,39.2033255324012],[-84.4711195801744,39.2034975325422],[-84.4710845802186,39.2037395324627],[-84.4711465809264,39.2040275328823],[-84.4713515805696,39.2043565327958],[-84.4716755812608,39.2045695324659],[-84.4722505809404,39.2046925324432],[-84.4727595802732,39.2047465321972],[-84.4740015814529,39.2046805324134],[-84.4748925818384,39.2044795327631],[-84.4753395815367,39.2042975325439],[-84.475644581838,39.2042335319754],[-84.4758645821439,39.2042075329442],[-84.4762945820759,39.2041445322862],[-84.4767195822899,39.2039925320348],[-84.4769975826808,39.2038505320855],[-84.4772435815183,39.2036305318186],[-84.4775325814558,39.2033415320139],[-84.4776005824336,39.2032265318982],[-84.4777315825697,39.2030905321038],[-84.4777945828897,39.2030435318735],[-84.4778995821203,39.2030225316822],[-84.4779725827446,39.2030695321104],[-84.4781705816307,39.2031475319148],[-84.477212582059,39.2041285328023],[-84.4760545819782,39.2053755331148],[-84.4755755816491,39.2058375325349],[-84.4754945819331,39.2059165328143],[-84.4754205816886,39.2059995324091],[-84.4746555815522,39.206866532923],[-84.4746245817732,39.2071705330532],[-84.4745990071534,39.2075198779899],[-84.4745989300761,39.2075209262776],[-84.4745774756926,39.2078126327143],[-84.4745604668629,39.2079809419648],[-84.4744775814246,39.2087965328685],[-84.4743995812516,39.2096415333089],[-84.4743995576884,39.2096460099369],[-84.4743841842497,39.2098562541127],[-84.4743843038119,39.2098562637917],[-84.4744020442548,39.2098576576725],[-84.4744202826771,39.2098590917328],[-84.4752949056557,39.209927845347],[-84.475488235837,39.209943042368],[-84.4759540351113,39.2099738656952],[-84.4760709403872,39.2099845127189],[-84.4779638371814,39.2101568854871],[-84.4787686239269,39.2102388372398],[-84.4789175265656,39.2102539995137],[-84.4793875902156,39.2102982038443],[-84.4796611685507,39.2103239293698],[-84.4797536386254,39.2103327162753],[-84.480652462735,39.2104181234813],[-84.4807520238264,39.2104275832656],[-84.4811139226394,39.2104508383193],[-84.4811370608798,39.2104479358019],[-84.4812955834333,39.2104625334694],[-84.4831415849197,39.2106055334892],[-84.4836935843133,39.2106495330395],[-84.4836992350076,39.2105628832598],[-84.4837824526744,39.2105704564835],[-84.4837893647406,39.2105016116938],[-84.4838044929793,39.2103509252182],[-84.4838155575341,39.2102379768913],[-84.4838237796917,39.2101540519561],[-84.4838243504516,39.2101482216493],[-84.4838332772424,39.2100570972787],[-84.4838374371515,39.2100150190954],[-84.4838375669633,39.2100137104061],[-84.4838425915348,39.2099623892564],[-84.4838624557722,39.2097594819231],[-84.4838711105924,39.209671074245],[-84.4838721378129,39.2096711539941],[-84.4838903434077,39.2096725673077],[-84.4842685559338,39.2097019370981],[-84.4843436104708,39.2097077654601],[-84.4844088489348,39.2097128308784],[-84.4844931514448,39.209719809279],[-84.4846348452016,39.2097315393024],[-84.4848291427643,39.20974762238],[-84.484980187894,39.2097596903049],[-84.4850359423111,39.2097635264267],[-84.4851888129591,39.2097740437457],[-84.4854342847631,39.2097909316897],[-84.4855337764364,39.2097977765161],[-84.485708375789,39.2098119921701],[-84.4858898995654,39.2098267711372],[-84.4863637905824,39.2098653522219],[-84.4870354685418,39.2099200339343],[-84.4872435574228,39.2099369733836],[-84.48729736511,39.2099420319999],[-84.4873832279652,39.2099501042549],[-84.4874665790502,39.2099579401487],[-84.4876041175929,39.2099708694003],[-84.4876962222479,39.2099795283019],[-84.4877289958289,39.2099821033855],[-84.4879968908035,39.2100031528871],[-84.488078418332,39.2100092436819],[-84.4882887081972,39.2100249524188],[-84.4883747840832,39.2100314182896],[-84.4885486722391,39.2100444813686],[-84.488758423097,39.2100603291413],[-84.4889836060517,39.2100773437594],[-84.4892075657635,39.2100942644811],[-84.4893796457679,39.2101072654104],[-84.489432146533,39.2101112317908],[-84.4895668769524,39.2101214110168],[-84.4896567483244,39.2101282010103],[-84.4898814616093,39.2101451768955],[-84.4901399967059,39.2101650061126],[-84.4903534414706,39.2101813751302],[-84.4907302522303,39.2102102731626],[-84.4912401910532,39.210249379266],[-84.4913933442332,39.2102611233962],[-84.4923241023554,39.2103324934571],[-84.4928662893664,39.2103740644244],[-84.4928828803414,39.2103753364715],[-84.4928829591112,39.2103745206005],[-84.4928930393361,39.2102706207464],[-84.4928989830224,39.2102093514114],[-84.4929171861987,39.2102108300312],[-84.4929542309985,39.2102138384682],[-84.4929625872189,39.2130085332228],[-84.4928135872635,39.2145545331817],[-84.4927875877124,39.2147525335468],[-84.492747588008,39.2153685336465],[-84.4927375876637,39.2155215328647],[-84.4927287666727,39.2156244541237],[-84.4927287640428,39.2156244839023],[-84.4926857644707,39.2160421642935],[-84.4926410020214,39.2164769680642],[-84.4926165880114,39.2166635342507],[-84.4925919547152,39.2169451720961],[-84.4925727399643,39.2171279016731],[-84.4925691832182,39.2171617165626],[-84.4925053943634,39.2177683145017],[-84.4924925710248,39.2178902671752],[-84.49249111054,39.2179041525611],[-84.4924387073967,39.218424881923],[-84.4924349813496,39.2184596746053],[-84.4924281008287,39.2185239305651],[-84.4924220526279,39.218579472937],[-84.4924220341486,39.2185796381399],[-84.4924220213895,39.2185797599959],[-84.4924220030891,39.2185799315029],[-84.4924123044895,39.218669014647],[-84.4924124641733,39.2186690497484],[-84.4924125737421,39.2186690739969],[-84.4924134992752,39.2186692797584],[-84.4924133850475,39.2186704386224],[-84.4923929442709,39.2188786185037],[-84.4923217559609,39.2196036464186],[-84.4923212959912,39.2196083377888],[-84.4923022575769,39.2198022331887],[-84.4922812096057,39.2200165935814],[-84.4922307254025,39.2204771911463],[-84.492193118596,39.2208440224895],[-84.4921897028206,39.2208795531609],[-84.4921849786961,39.2209287016973],[-84.4921765213188,39.2210166858676],[-84.4889394275112,39.2208605508119],[-84.4889395542702,39.2208594232735],[-84.4889395921234,39.2208590829426],[-84.4889396865475,39.2208582451836],[-84.4881054145014,39.2207927102486],[-84.4880774769051,39.2207905154756],[-84.4879806780559,39.220782911041],[-84.4863025852011,39.2199145342956],[-84.4820735699693,39.2193384401978],[-84.4820385360515,39.2193068957527],[-84.4819304508283,39.2193795223004],[-84.4818765536193,39.2194157370942],[-84.4816153109651,39.2195912854805],[-84.4815157348399,39.2196581980907],[-84.4815086436832,39.2196629629706],[-84.4815050867302,39.2196653528126],[-84.4815045149463,39.2196657373954],[-84.4814730968574,39.2196867222425],[-84.4814321651752,39.2197140603489],[-84.4808206131735,39.2191473636056],[-84.4807308279704,39.2190641628894],[-84.4807279603528,39.2190615060874],[-84.4806815492589,39.2190216705704],[-84.4804248884643,39.2188013720644],[-84.48036241118,39.2187477457619],[-84.4802638286116,39.2186598635767],[-84.4802620847808,39.2186616503032],[-84.4799753243571,39.2184154953661],[-84.4798356227217,39.2182955895259],[-84.4795855692313,39.2180809502118],[-84.479516583779,39.2180215346475],[-84.4795162060492,39.2180212014083],[-84.4795196298461,39.218013348358],[-84.4795300770323,39.2179439192852],[-84.4795336359648,39.217920272791],[-84.4795400676229,39.2178797427897],[-84.4795412774677,39.2178721203156],[-84.4795600281233,39.2177472472926],[-84.4795885784667,39.2175570603344],[-84.4795902169537,39.217546153567],[-84.4796070167095,39.2174343415388],[-84.4796086540837,39.2174234365919],[-84.4796180534847,39.2173605225736],[-84.4796197178341,39.2173495063418],[-84.4796254515162,39.2173116264],[-84.479628719078,39.2172898085185],[-84.4796383983435,39.2172253598047],[-84.479643873295,39.2171889033684],[-84.4796456003622,39.2171762498279],[-84.4796471444202,39.2171670890292],[-84.4796623160262,39.2170661862807],[-84.4796655952439,39.2170443718024],[-84.4796787164206,39.2169571030016],[-84.4796856867252,39.2169107459606],[-84.479695115784,39.2168480260426],[-84.4797041374143,39.2167880287239],[-84.4797065719258,39.2167718329481],[-84.4797115172342,39.2167389427363],[-84.4797207377786,39.2166776616835],[-84.4797242345883,39.2166544045737],[-84.4797279233151,39.2166298611484],[-84.4797426851428,39.216531687327],[-84.479744324765,39.2165207814369],[-84.4797607272201,39.2164116980995],[-84.4797689261511,39.2163571578198],[-84.4797771272834,39.2163026138973],[-84.4797935261888,39.2161935315122],[-84.479794345426,39.2161880790268],[-84.4798099228549,39.2160844536658],[-84.4798127258259,39.2160657990445],[-84.4798159230877,39.2160445319693],[-84.4798245598421,39.2159870775471],[-84.4798263204754,39.2159753703924],[-84.4798311085025,39.2159435199187],[-84.4798359539384,39.215911281931],[-84.4798426424899,39.215866277592],[-84.4798502884391,39.2158153399715],[-84.479859015697,39.2157571947258],[-84.4798685492895,39.2156930169604],[-84.4798752924851,39.2156481035887],[-84.4798869123851,39.2155707075165],[-84.4798916167644,39.2155390143399],[-84.4799061061373,39.2154425318201],[-84.4799079991061,39.215429932205],[-84.4799092737654,39.2154214481508],[-84.4799204395377,39.2153470917261],[-84.4799243801631,39.2153208473845],[-84.4799253553885,39.2153143551707],[-84.4799407566146,39.2152117653409],[-84.4799548678003,39.2151139927038],[-84.479957137646,39.2151026832146],[-84.4799612333732,39.2150754090703],[-84.4799776142648,39.2149663242375],[-84.479978432341,39.2149608726702],[-84.479993994024,39.2148572421225],[-84.4799972125822,39.2148354196502],[-84.4799999885834,39.2148170033473],[-84.480010367944,39.2147481601025],[-84.4800159905171,39.2147099693664],[-84.4800267474492,39.2146390725765],[-84.4800301019669,39.2146162395497],[-84.480034762495,39.2145845155742],[-84.4800431248166,39.2145299931915],[-84.480053772542,39.2144590865466],[-84.4800595054792,39.2144209092405],[-84.4800722505796,39.2143336053206],[-84.4800758814095,39.2143118235638],[-84.4800909457977,39.2142081474137],[-84.4800922608636,39.2142027414262],[-84.480108643689,39.2140936574246],[-84.4801135804102,39.2140591202739],[-84.4801242438586,39.2139845038786],[-84.4801414010834,39.2138754895483],[-84.4801562544388,39.2137662658423],[-84.4801731355663,39.2136421219027],[-84.4801799576546,39.213572989729],[-84.4801800738579,39.2135718119247],[-84.4801745631648,39.2135713229943],[-84.4798302531081,39.2135407782493],[-84.4797242972479,39.2135313789354],[-84.479496434307,39.2135110068166],[-84.47902011594,39.2134684193306],[-84.4787996881862,39.2134487101524],[-84.4787794614771,39.2134469151198],[-84.4785273860254,39.2134245482314],[-84.4778910261464,39.2133680796665],[-84.4769892893128,39.2132826037303],[-84.4766964898159,39.213247800663],[-84.4764715967274,39.2132210685729],[-84.4762649325068,39.2131965034216],[-84.4762299023381,39.2131904919105],[-84.47619487215,39.2131844794883],[-84.4761598419933,39.2131784679561],[-84.4761248118425,39.2131724564132],[-84.4760933295433,39.2131670710213],[-84.4759112398253,39.2131152672896],[-84.4759012572196,39.2131124269683],[-84.4759008940976,39.2131123232272],[-84.4758616420828,39.2131011567155],[-84.4758526694342,39.2130985631919],[-84.4758188515326,39.2130885826853],[-84.4757854698938,39.2130784235495],[-84.4757719998234,39.2130742207931],[-84.4757534945901,39.213098823507],[-84.4757534454772,39.2130988892159],[-84.4757520912502,39.213100690868],[-84.4757192417564,39.2131443635159],[-84.4757063592916,39.2131548327358],[-84.4756746179907,39.2131693072371],[-84.4756320226844,39.21317672687],[-84.4755883546114,39.2131773846349],[-84.4751720907841,39.2131411293986],[-84.4748739042552,39.213098229553],[-84.4741172845302,39.2130200784422],[-84.4740877783099,39.2131960433155],[-84.4740377487214,39.2134944082729],[-84.4740296186868,39.2135428921281],[-84.4740078046474,39.2136729817766],[-84.4740051015458,39.2136891008957],[-84.4740003630007,39.2137173606245],[-84.4739869631114,39.2138543242247],[-84.4739867410285,39.2138566012537],[-84.4739701245347,39.2140264443033],[-84.4739698752127,39.2140289884949],[-84.4739637122025,39.2140919947221],[-84.4739532669303,39.2141987557126],[-84.4739522467011,39.2142091878549],[-84.4739425409718,39.2143083884922],[-84.4739364649213,39.2143704931257],[-84.4739347383744,39.21438814447],[-84.4739211636792,39.2145268923196],[-84.4739195514482,39.2145433776125],[-84.4739181163789,39.2145580479584],[-84.4739111378341,39.2146293771736],[-84.4739040655957,39.214693252113],[-84.4738972860177,39.2147544767047],[-84.4738939530073,39.2147845749087],[-84.4738717919354,39.2149847213222],[-84.4738537459663,39.2151476940971],[-84.4738488361381,39.2151920370716],[-84.473845198194,39.2152248867399],[-84.4738156188125,39.2154920233291],[-84.473804889093,39.2155889257495],[-84.4738049926943,39.2155894799115],[-84.473807753475,39.2156042167499],[-84.4738091173918,39.2156114935461],[-84.4738019715944,39.2159489266016],[-84.4737792917221,39.2161744452429],[-84.4737658633835,39.2163079556702],[-84.4737530989123,39.2164348801256],[-84.4736955207865,39.2170337098137],[-84.4736922309452,39.2170676590878],[-84.473662582873,39.2173695351987],[-84.4689965808265,39.21731053566],[-84.468994580582,39.2173305350723],[-84.4689815813401,39.2174335347012],[-84.4689485802629,39.2177245359807],[-84.4689372833157,39.2178262047597],[-84.4689283204032,39.2179045347281],[-84.467283641913,39.2179054097247],[-84.4670465464766,39.2179052484832],[-84.4666410822177,39.2179022652534],[-84.4663637381663,39.217900223936],[-84.4662555596939,39.2178994275154],[-84.4660498604382,39.2178977205119],[-84.4659898623301,39.217897223135],[-84.4659140974299,39.2178965945443],[-84.4659133907058,39.2178965884948],[-84.4656128648551,39.2178940937957],[-84.4650852529978,39.2178900886658],[-84.4645455797431,39.217885534756],[-84.4639115797695,39.2178885355538],[-84.463290430032,39.217882551408],[-84.4632890558973,39.21788253681],[-84.4632885798152,39.2178825358532],[-84.463220579155,39.2178825346189],[-84.4619685778051,39.2178885352548],[-84.4619602152128,39.2178882116977],[-84.4619455266594,39.217883472914],[-84.4618467640141,39.2178833376425],[-84.4618338451658,39.2178833199476],[-84.4610385781066,39.2178525355206],[-84.4608258822723,39.21783581406],[-84.4608278057407,39.2173562650601],[-84.4608320728204,39.2162924906522],[-84.4608320779104,39.2162913039383],[-84.4607929723791,39.2162860206628],[-84.4608125778988,39.2158685352296],[-84.4610385782821,39.2146195348985],[-84.4610305780767,39.2144585346252],[-84.4610985778244,39.2141265343882],[-84.461967577628,39.2135035346027],[-84.4626425787806,39.2129075352029],[-84.4636785787323,39.2118465345291],[-84.4629685786983,39.2118875340565],[-84.4632945785674,39.211564533596],[-84.4626775780447,39.2115545341037],[-84.4624805779769,39.2115515341929],[-84.4618765785285,39.2115425350662],[-84.4610955775536,39.211529533929],[-84.461033577746,39.2115285345106],[-84.4606571227757,39.2115226387188],[-84.4606799275107,39.2115090365449],[-84.4606825226413,39.2115074889174],[-84.4606858434439,39.2115055082587],[-84.4606877914967,39.2115043463829],[-84.4605673803448,39.2115025261241],[-84.4605275754521,39.2115019245443],[-84.4605040414377,39.2115015580559],[-84.4603258035631,39.2114987835485],[-84.4602823691706,39.2114981071405],[-84.4600538085604,39.2114945486916],[-84.4600524237304,39.211494519822],[-84.4600330125273,39.211494225065],[-84.4599392820406,39.2114927653476],[-84.4598897402398,39.2114919937147],[-84.4598753946102,39.211491771061],[-84.4597345150073,39.2114895765989],[-84.4596724443855,39.2114886100864],[-84.4596354337562,39.2114880339986],[-84.4595481710515,39.2114866746874],[-84.4592441374225,39.2114819391374],[-84.4591259402445,39.2114800980277],[-84.458843819683,39.2114757033031],[-84.4585066414181,39.2114688483672],[-84.4583971824672,39.2114666229854],[-84.4582983036914,39.2114646127098],[-84.4575302452546,39.2114489941557],[-84.4575163403764,39.2114487106168],[-84.4574868792423,39.2114483578966]]]},"properties":{"OBJECTID":28,"SNA_NAME":"Hartwell","SNA_NUMBER":18,"ACRES":784.34303274,"SQMI":79.733,"app_id":"CIN-SNA-028","canonical_slug":"hartwell","display_name":"Hartwell"}},{"type":"Feature","id":29,"geometry":{"type":"Polygon","coordinates":[[[-84.478609579956,39.1683515250133],[-84.4786795793391,39.1676045256463],[-84.4787305800243,39.1671965246311],[-84.4787645801283,39.1669285244487],[-84.4788145796196,39.1665445246103],[-84.4788215798972,39.1664955249857],[-84.4789015795662,39.1658055250902],[-84.4789915795209,39.1647815247575],[-84.4790615795145,39.164080524385],[-84.4793265794691,39.1616635234219],[-84.4793675789041,39.1614675235309],[-84.4794235793919,39.161303524012],[-84.4794965792273,39.1611435240407],[-84.4795885801543,39.1609895239118],[-84.4804765798847,39.1592555241017],[-84.4805235795922,39.159179524239],[-84.4806045803775,39.1590235242854],[-84.4806585801572,39.1588895233846],[-84.4807115799564,39.1586985230891],[-84.4807375798507,39.1585315239449],[-84.4807895792031,39.1581575231147],[-84.4807985801709,39.1580075236884],[-84.4807905798904,39.1578565226007],[-84.4807965798063,39.1578205226369],[-84.4807955792756,39.1577475229899],[-84.4807705795186,39.1576565236668],[-84.4807365794089,39.1575825226131],[-84.4799315789306,39.1564865233599],[-84.4798935785212,39.1564245234645],[-84.4797185786437,39.1564665235392],[-84.4785625787606,39.1569425225887],[-84.4782745783511,39.1570255228754],[-84.4777885780602,39.1571375227322],[-84.4774975782683,39.1571775233842],[-84.477350578914,39.1571925226747],[-84.4768135777474,39.1572845231705],[-84.4764955782205,39.1573745231013],[-84.4763835782488,39.1573995232814],[-84.4762105776588,39.1574495227855],[-84.4759855779998,39.1575325230596],[-84.4758965777914,39.1574715233773],[-84.4758185779038,39.1574455227349],[-84.4757625776451,39.1574385235951],[-84.4731735770599,39.1572705226879],[-84.4721635768359,39.1572085236247],[-84.4719495762094,39.1566175234661],[-84.4719075768058,39.1565115230549],[-84.4718525759282,39.1563235232378],[-84.471822576721,39.1561595230248],[-84.4718095773929,39.1559935236063],[-84.4718165763072,39.1556295235854],[-84.4718335764942,39.1554335237576],[-84.4718955758502,39.1548695231845],[-84.4720415765156,39.1544105230022],[-84.4720725768107,39.1543285222365],[-84.4721405769993,39.1541955226427],[-84.4722275764035,39.1540705234559],[-84.4723115766092,39.1539765224413],[-84.472429576505,39.1538675231538],[-84.4730895767759,39.1534245226989],[-84.4732635772857,39.1532845224841],[-84.4734225768083,39.153135522044],[-84.4735665774362,39.1529765230775],[-84.4736935765779,39.1528095221432],[-84.4748795772496,39.1514265224828],[-84.4749715771945,39.1512635219635],[-84.4754115769063,39.1503075224691],[-84.4756225774763,39.1499025212818],[-84.4762415767399,39.1491625219076],[-84.4763815778808,39.1490345219649],[-84.4766025779211,39.1488525215883],[-84.4768385776761,39.1486825215878],[-84.4770615775001,39.1485405211526],[-84.4790065788991,39.1475005206725],[-84.4793295787617,39.1475115210332],[-84.4794375787934,39.147521521199],[-84.4795425780307,39.147542520781],[-84.4796435779643,39.1475745215192],[-84.479737577718,39.147616520471],[-84.4798225790482,39.1476685211398],[-84.479898578055,39.1477295216787],[-84.4799835791462,39.1478215211845],[-84.4800195793069,39.1478815215844],[-84.4800315781886,39.1479005210033],[-84.4800625782552,39.1479835214989],[-84.4800745781704,39.1480695215878],[-84.4799595792652,39.1493855218328],[-84.4796285789224,39.1496715220108],[-84.4795205779447,39.1497455212797],[-84.4794035778533,39.1498085212571],[-84.4792435779179,39.1498705215585],[-84.4790155785888,39.1499195218427],[-84.4788945780284,39.1499565221968],[-84.478780577713,39.1500045215298],[-84.4786445782537,39.1500895225679],[-84.4784365784586,39.1502415218456],[-84.4782455788375,39.1504055214879],[-84.4780925781021,39.1505575224237],[-84.4790385790564,39.1510265219132],[-84.4793525788855,39.1511715215345],[-84.4797065784768,39.1513195225663],[-84.4799115782935,39.1513655216097],[-84.4801205783497,39.1513985223614],[-84.4803325797975,39.1514185220347],[-84.4805455790619,39.1514245222656],[-84.4806535785,39.1514435216901],[-84.4808275792524,39.1514895224437],[-84.4809915789521,39.1515535222683],[-84.4811445786456,39.151634521926],[-84.4827595798622,39.1527865218949],[-84.4829965796193,39.1529515219672],[-84.4829865803706,39.1530265217303],[-84.4829905792009,39.1531685224825],[-84.483016579953,39.1533095225625],[-84.4830525800432,39.1534205224822],[-84.4831025798244,39.1535275221119],[-84.4831895803342,39.1536485223634],[-84.4834285802312,39.1537925224767],[-84.4841465806475,39.1542235225164],[-84.4851375809267,39.154791523097],[-84.4863265808358,39.1553815219247],[-84.4865845815955,39.1555135229346],[-84.4870055811577,39.1557235231268],[-84.4871345819206,39.1557705217973],[-84.4873045811841,39.1558145228088],[-84.4874435819037,39.1558375222855],[-84.4876205813162,39.1558505221989],[-84.4878315818411,39.1558735223708],[-84.4884755817373,39.1558995227195],[-84.4886165813812,39.1559085225081],[-84.4887905813917,39.1559345224465],[-84.4889595813147,39.1559745223471],[-84.4891215820023,39.1560295224197],[-84.4897145830136,39.1562885224601],[-84.4901105819315,39.1564355222355],[-84.490577582203,39.1565895219153],[-84.4908775821917,39.1566755226212],[-84.4912155824756,39.1567595230253],[-84.4915085828123,39.1567985225254],[-84.4919085823663,39.1568325225962],[-84.4920955820759,39.1568375230942],[-84.4922805827232,39.1568275222969],[-84.4924955830269,39.1568325222264],[-84.492745582731,39.1568185223615],[-84.4929915827615,39.1567845222505],[-84.4930555830527,39.1567705223574],[-84.4931285823781,39.1567545224629],[-84.493258583127,39.1567075225088],[-84.4933475834217,39.1566625228713],[-84.4944895837092,39.1560455217531],[-84.494945582816,39.1561755223785],[-84.4952305841486,39.1561845217164],[-84.495562584352,39.1562075225579],[-84.4959075844352,39.1562435220981],[-84.4963245845356,39.156304522485],[-84.497537584072,39.1564675224031],[-84.4976435843143,39.156564522326],[-84.4995325854624,39.1596465229223],[-84.4995675844914,39.1597275223497],[-84.4995865847477,39.1598105221896],[-84.4995905854646,39.1598945231048],[-84.4995695847615,39.1600415221098],[-84.4994905856012,39.1608865231883],[-84.4982702920759,39.1608077496405],[-84.4981789762278,39.1608018274875],[-84.4977552978632,39.1607743519413],[-84.4975358387053,39.1607584116474],[-84.4972645846979,39.1607385236043],[-84.4967105841039,39.1607095232974],[-84.4957085843011,39.1606425238948],[-84.4954795838023,39.160627522406],[-84.4946905839454,39.1605755234824],[-84.4945780915029,39.1605740029284],[-84.4945429888587,39.1605734650753],[-84.4945237959194,39.1605720571059],[-84.494337583719,39.1605575230138],[-84.4942605834149,39.1605525229238],[-84.4936415833077,39.1605095228492],[-84.4930225829286,39.1604665239937],[-84.4927334521292,39.160448240907],[-84.4924803924566,39.1604321188069],[-84.4919160695574,39.1603961639718],[-84.4912952322296,39.1603576502398],[-84.4911956980275,39.1603514753874],[-84.4911005819683,39.1603455237315],[-84.4908955823481,39.1603325230825],[-84.4901915823638,39.1602985234496],[-84.4900475818718,39.1602765229391],[-84.4899259079627,39.1602438999484],[-84.4899144640383,39.1602402985182],[-84.489899774952,39.1602356760521],[-84.489786606507,39.1601912793041],[-84.4897795093335,39.160188078116],[-84.4897680870301,39.1601824598174],[-84.4896885825357,39.1601405227023],[-84.4894485820417,39.1599975234594],[-84.4889545830881,39.1629885236114],[-84.488863582502,39.1634765241121],[-84.4847658823691,39.1631097073673],[-84.4847333641551,39.1631060930693],[-84.4845236495456,39.1630839452147],[-84.4844708924123,39.1630783741681],[-84.4843633594269,39.1630670178641],[-84.4841487253752,39.1630443498281],[-84.4841040605722,39.1630396330873],[-84.483836647599,39.1630113909106],[-84.4838350615116,39.1630263821607],[-84.4832445802206,39.1629735237655],[-84.4832425798074,39.163364524332],[-84.4832405809756,39.163785524265],[-84.4826475807453,39.1681675251875],[-84.482548581014,39.1685685252133],[-84.4825365814229,39.168778525129],[-84.4806515804258,39.1685785254876],[-84.4805395805276,39.1685525254774],[-84.478609579956,39.1683515250133]]]},"properties":{"OBJECTID":29,"SNA_NAME":"North Avondale","SNA_NUMBER":30,"ACRES":471.4950394,"SQMI":79.733,"app_id":"CIN-SNA-029","canonical_slug":"north-avondale","display_name":"North Avondale"}},{"type":"Feature","id":30,"geometry":{"type":"Polygon","coordinates":[[[-84.5329115927344,39.1395335176535],[-84.5329195938959,39.1393875165319],[-84.532937593403,39.1390755168984],[-84.5329325936239,39.1383535167926],[-84.5329305941723,39.1381565178174],[-84.5329305936504,39.1380955170696],[-84.5329165929969,39.1379815171509],[-84.532847593151,39.1374395166145],[-84.5327425929742,39.137150516408],[-84.5326635926922,39.1369705166891],[-84.5325025925191,39.1367275173229],[-84.5324185937741,39.1365625162612],[-84.5323485928351,39.1363755170323],[-84.5323055940358,39.1362125164184],[-84.5322785927606,39.1360475170732],[-84.5321425926762,39.1335095163585],[-84.5320715934628,39.1330765157729],[-84.5320435925626,39.1329395163299],[-84.5319925930666,39.1327785155741],[-84.5319225928009,39.1326215159576],[-84.5315865920195,39.1321125166385],[-84.5312245921831,39.1315225159872],[-84.5311585916644,39.1311785150446],[-84.531271592878,39.1308825164567],[-84.5314595924573,39.1306695156859],[-84.5317565927243,39.1304265153256],[-84.531872592747,39.1303355159268],[-84.5320415926862,39.1302035148058],[-84.5322785932417,39.1299625154139],[-84.5324525923665,39.1296505159591],[-84.5325115925934,39.1295355161465],[-84.5332055922871,39.1282645150698],[-84.5332525924448,39.1281875155289],[-84.5333455930631,39.1280045152567],[-84.5334185929327,39.1278155152879],[-84.5334635926611,39.1276505144246],[-84.5334705926253,39.1272695151099],[-84.5334655921641,39.1271355156222],[-84.5334025926537,39.1264605145472],[-84.5333955933281,39.1263475144495],[-84.5333975932219,39.1261215147119],[-84.5334365935224,39.1257575141927],[-84.533491592691,39.1250605147799],[-84.5335155926599,39.1249215139283],[-84.5335335924697,39.1247505145275],[-84.5335335927824,39.1246085144028],[-84.5334975916507,39.1242355137019],[-84.5347925931261,39.1243945142078],[-84.5348585937226,39.1244025145251],[-84.5349015931286,39.1244075145204],[-84.5352085939457,39.1244425149239],[-84.5352735928357,39.1244505136739],[-84.5354945927713,39.1244765146775],[-84.5360205931626,39.1245325145877],[-84.5368075942383,39.1246165145068],[-84.5377015936171,39.1247115146748],[-84.5379115936737,39.1247245142441],[-84.5382345947941,39.124744514176],[-84.539182594546,39.1248025137996],[-84.5396875944014,39.1247845141621],[-84.5399725937216,39.1247745139898],[-84.5410875946545,39.1246775144991],[-84.5420025949261,39.1245985138761],[-84.5422595950343,39.1245805144881],[-84.5426785958086,39.1245505141232],[-84.5429495957237,39.1245305139599],[-84.5430055951592,39.1250645138947],[-84.5430205949707,39.1256215136573],[-84.5430735947441,39.1260575139528],[-84.5430875963394,39.126202514923],[-84.5431475961088,39.1268055148855],[-84.5431965955198,39.1275195143968],[-84.5432375953674,39.1280295145695],[-84.5433275960323,39.1285655143932],[-84.5434045951962,39.1290265150303],[-84.5434275955808,39.1292855148332],[-84.5435115962726,39.1299285145556],[-84.5437185956349,39.1308215156319],[-84.5439055960645,39.1315445157239],[-84.5442015970872,39.1325045154101],[-84.5446425961221,39.1333845157424],[-84.545076596657,39.1341305153303],[-84.5455825976951,39.1349275155539],[-84.546112597786,39.1357265157094],[-84.5466435972432,39.1365525161894],[-84.5471035975908,39.1373085160896],[-84.547155597276,39.1373945161986],[-84.5472335976124,39.1375565162678],[-84.5477425977381,39.1391145158314],[-84.5479155975079,39.1399885166779],[-84.5479875977727,39.1405955173325],[-84.5481605990501,39.1413545168802],[-84.5482855978205,39.1419975171538],[-84.5483725992463,39.1426225173905],[-84.5483335983757,39.1433525176067],[-84.5481895985757,39.1440435179912],[-84.5479395986771,39.1448795180575],[-84.5475175988489,39.1462235181586],[-84.5472195990441,39.1471265186955],[-84.5470755985075,39.1475105185545],[-84.5464675977109,39.1487165182359],[-84.5463315976168,39.1489145186097],[-84.5462745976102,39.1490115189267],[-84.5454005984119,39.1502315185764],[-84.544771597309,39.1511485189127],[-84.5444735977502,39.1515805192621],[-84.5440315979545,39.1522025190529],[-84.5434575975677,39.152677519631],[-84.5428735975468,39.1530085191329],[-84.5424715973322,39.1532155192781],[-84.5423195968256,39.153289519619],[-84.5421145973654,39.1533805194593],[-84.5420015972399,39.1534315193465],[-84.5417855965767,39.1534855204067],[-84.5415925971321,39.1535305193334],[-84.541000597146,39.1536675198456],[-84.540817596919,39.1537275193489],[-84.5406475970012,39.1537995194814],[-84.5404575971961,39.1539205198219],[-84.5403095969117,39.1540405195406],[-84.5401965974871,39.1541615196917],[-84.5401185972881,39.1542385201677],[-84.53997059733,39.1544795199055],[-84.5398155969093,39.1547435197768],[-84.5396815969407,39.1549465204872],[-84.5395605977076,39.1551445195925],[-84.5395055967415,39.1552375201711],[-84.5394135969691,39.1553525204897],[-84.539293596295,39.1554795193435],[-84.5391525966984,39.1556105202957],[-84.5390255970622,39.1557375202913],[-84.5389335965341,39.1558465193407],[-84.5388705968758,39.1559015204643],[-84.5388065960301,39.1559405206155],[-84.5387925970605,39.1557915198783],[-84.5387715962878,39.1556695209164],[-84.5387555961297,39.1555155194921],[-84.5387075965152,39.1552845198652],[-84.5386535964795,39.155098520513],[-84.5386145969589,39.1549915193664],[-84.5385875960927,39.1549165200467],[-84.5385405965732,39.1548255203801],[-84.5384125961322,39.1546245194719],[-84.5383545960017,39.1545495199118],[-84.5382175954431,39.1543845191452],[-84.5380865956202,39.1542325200605],[-84.5379875965892,39.1541345194728],[-84.5379105963193,39.1540785194073],[-84.5378665958812,39.1540515202064],[-84.5378395963092,39.1540185195843],[-84.5377965956285,39.1539885203734],[-84.5370075952805,39.1535305196946],[-84.5362775951804,39.1531235194799],[-84.5365825951258,39.1525675201872],[-84.5368365956064,39.1521035191426],[-84.5369545957064,39.1518885190205],[-84.5370135954878,39.1518175192497],[-84.5370835958777,39.1517515188293],[-84.537162596221,39.1516935190849],[-84.5372515963433,39.1516435195512],[-84.5373465957372,39.1516015193153],[-84.5374475957224,39.1515695195312],[-84.537588596071,39.1515415192331],[-84.5376435958898,39.1515375189492],[-84.538252596645,39.1514965198586],[-84.5383575959321,39.1514725195125],[-84.5384915959082,39.15142951915],[-84.5386105963561,39.151375519447],[-84.5387325959641,39.1513035192293],[-84.5388355969004,39.151224518544],[-84.5389235959562,39.1511345195624],[-84.538991596535,39.1510375188608],[-84.5390415961127,39.1509335191922],[-84.5390725962913,39.1508255196536],[-84.5390825962327,39.1507425191248],[-84.5390825967929,39.1506595187407],[-84.5390645962515,39.1505495192299],[-84.538931595993,39.1501455196115],[-84.5389095960353,39.1500755187434],[-84.538876596916,39.1499875194452],[-84.5383135958333,39.1484935189204],[-84.5381135954316,39.1480575184529],[-84.5378385954304,39.1475375189447],[-84.5375535953207,39.1470885192931],[-84.5372895952383,39.1467795181679],[-84.5369665952606,39.1463665188329],[-84.5361165953521,39.1454595177777],[-84.5345835949528,39.1437885182875],[-84.5343765936539,39.1435635175335],[-84.5342495947959,39.1434285178924],[-84.5339495942234,39.1431095180443],[-84.5338375938462,39.1429965175373],[-84.5337095938958,39.1428935179127],[-84.5335685946095,39.1428025172411],[-84.5334455938282,39.1427395183453],[-84.5328205931823,39.1424725176846],[-84.532604592935,39.1423795178144],[-84.5323935931017,39.1422765176467],[-84.5323075933252,39.1422255176101],[-84.5322045935995,39.1421475178537],[-84.5321135929544,39.14206051723],[-84.5320185933728,39.1419415171217],[-84.5319595930759,39.1418405184263],[-84.5319155941905,39.141733517216],[-84.5318875929132,39.1416245182509],[-84.5318755937152,39.1415125177142],[-84.5318755940907,39.1414975173384],[-84.5318795930398,39.1414005179081],[-84.5319085932315,39.1412625176712],[-84.5319505930553,39.1411555175281],[-84.5320065939968,39.1410525176266],[-84.5322005933245,39.1407935171056],[-84.5323775939761,39.1405605170503],[-84.5326745942857,39.1401885172556],[-84.5326875937161,39.140171517531],[-84.5327255936368,39.1401055174577],[-84.5327945933559,39.1399685176461],[-84.5328595933014,39.1398035171815],[-84.5329055936411,39.1396355178229],[-84.5329115927344,39.1395335176535]]]},"properties":{"OBJECTID":30,"SNA_NAME":"Camp Washington","SNA_NUMBER":4,"ACRES":796.3008737,"SQMI":79.733,"app_id":"CIN-SNA-030","canonical_slug":"camp-washington","display_name":"Camp Washington"}},{"type":"Feature","id":31,"geometry":{"type":"Polygon","coordinates":[[[-84.4045188755348,39.1497371607889],[-84.4045185559133,39.1497405258784],[-84.4043305565112,39.1501525247621],[-84.4059965568968,39.150003524893],[-84.4060235563656,39.1504275247343],[-84.4061125568835,39.1522075258569],[-84.4061385566608,39.1526495251529],[-84.4061295575385,39.1529325258338],[-84.4061625568554,39.1531325259008],[-84.4062035574471,39.1533005259535],[-84.4063475566722,39.1537995253487],[-84.406579557837,39.1543785265479],[-84.4068825572045,39.1548995263547],[-84.407290557712,39.1553715264116],[-84.4074635573431,39.1555705262127],[-84.4084675584846,39.1563725267387],[-84.4090995575624,39.1567205266374],[-84.4095715583741,39.156972526965],[-84.4101825591273,39.1572745264915],[-84.4112875583214,39.1578205260308],[-84.412831559385,39.1585835265968],[-84.4150655594213,39.1598945264607],[-84.4162775602633,39.1606065264432],[-84.4168685605943,39.1610955264513],[-84.4186655614663,39.1626165263917],[-84.4188425619029,39.1627665272606],[-84.4205965629102,39.1642515272559],[-84.4207885625853,39.1644135269347],[-84.4215835625509,39.1650075275853],[-84.4219785622647,39.1652485271062],[-84.4221795626841,39.1653715276642],[-84.4225475635201,39.1655565275029],[-84.4228935625601,39.1656755274492],[-84.4231245626082,39.1657455274377],[-84.4248305633131,39.166209527561],[-84.4251565635418,39.1662985276256],[-84.4250775641935,39.1663415275618],[-84.4250515629552,39.1663585268347],[-84.4247105637737,39.1662925275816],[-84.4244644176238,39.1664621521658],[-84.4242561939483,39.1664538183338],[-84.423730852469,39.1664327911441],[-84.4233663985131,39.1664182018267],[-84.4232939707576,39.1664153024569],[-84.4232187621319,39.1664122914799],[-84.423148790857,39.1664108451516],[-84.4231490434931,39.1664120411014],[-84.4231498641789,39.1664159351526],[-84.4231559967696,39.1664409534886],[-84.4231563172728,39.1664422609386],[-84.4231617246926,39.1664604463623],[-84.4231619885683,39.1664613339819],[-84.423164088004,39.1664683927833],[-84.4231727356186,39.1664943388958],[-84.4231759355631,39.1665105688007],[-84.4231757316278,39.1665105604693],[-84.4230171814473,39.1665043451949],[-84.4230121881924,39.1665040027123],[-84.4230087882184,39.1665037689626],[-84.4230016241652,39.1665032768659],[-84.4229839355186,39.1665020618709],[-84.4229235802644,39.166497915132],[-84.4228709317804,39.1664942983214],[-84.422819645841,39.1664907751269],[-84.4224637463659,39.166466325608],[-84.4224577295569,39.1665255042467],[-84.4223497530268,39.1665176307298],[-84.422292148691,39.1665134299572],[-84.4221430872286,39.1665025602028],[-84.4220305796657,39.1664943560315],[-84.4219196029843,39.1664862633356],[-84.4218732620984,39.1664828839297],[-84.4218376406971,39.1664802864477],[-84.4215812118687,39.1664615858489],[-84.4214244544632,39.1664501912573],[-84.4214189399488,39.1664497906677],[-84.4214187926529,39.1664497795929],[-84.4214324148949,39.1663102144073],[-84.4214390965185,39.1662417498758],[-84.4214417023053,39.166215051376],[-84.4214418180852,39.1662138673394],[-84.4212305082465,39.1662026761854],[-84.4210123725282,39.1661911228791],[-84.4209239992794,39.1661864426691],[-84.4208775854335,39.1661839840036],[-84.420723822754,39.1661758401585],[-84.4205951012833,39.1661690221725],[-84.420454954589,39.1661615985459],[-84.4204117677849,39.1661588051453],[-84.4204031621924,39.1661582484601],[-84.4204030114512,39.166158238342],[-84.4204031832759,39.166156520885],[-84.4204038359143,39.1661500345576],[-84.4204050925729,39.1661375276264],[-84.4204057306865,39.1661312721968],[-84.4204064420097,39.1661243073652],[-84.420410568155,39.1660838947556],[-84.4204136387104,39.1660538170294],[-84.420414208659,39.1660482438879],[-84.4204142488333,39.1660478503846],[-84.4204143291573,39.1660470624775],[-84.420295376547,39.1660389300207],[-84.420252868757,39.166035441457],[-84.4202372085344,39.1660343276118],[-84.4200974041994,39.1660243840869],[-84.4200857796485,39.1660235575027],[-84.4198768902138,39.1660086999839],[-84.4197729047673,39.1660013040269],[-84.4197234749287,39.1659977883922],[-84.4196578525968,39.1659931207713],[-84.4189390388973,39.1659419901308],[-84.4188693856402,39.1659370346653],[-84.4188671428456,39.1659368753537],[-84.4188640279581,39.1659905771959],[-84.4188611777849,39.1660397308928],[-84.418858065326,39.1660693155099],[-84.4188566456846,39.1660828153203],[-84.4188494855462,39.1661508866327],[-84.418842002577,39.1662145952161],[-84.4188409988426,39.1662241246267],[-84.4188299155699,39.1663334232274],[-84.418826690134,39.1663652297862],[-84.4188203685452,39.1664275586348],[-84.4188155372591,39.1664752025848],[-84.4188106931137,39.1665229692836],[-84.4188094721166,39.166535012486],[-84.4188034287546,39.1665946030819],[-84.4187972175314,39.166655846193],[-84.4187912793989,39.1667139501912],[-84.4187745810325,39.1668773361591],[-84.4187590052328,39.1670297392282],[-84.4187443928781,39.1671727072541],[-84.4187312504217,39.1673013033663],[-84.4187207320295,39.1674042143845],[-84.4187195298292,39.1674163536807],[-84.4187193092306,39.1674185756026],[-84.4187160856404,39.1674511317579],[-84.4187107823963,39.1675046841804],[-84.4187069516252,39.1675406922159],[-84.4187050782566,39.1675583063046],[-84.4186934886041,39.1676672600533],[-84.4186805523655,39.1677888744612],[-84.4186743028317,39.1678476197036],[-84.4186676314226,39.1679103300355],[-84.4186592738429,39.1679889061113],[-84.4186547062239,39.1680318433408],[-84.4186419244598,39.1681519982582],[-84.4186286710929,39.1682765876068],[-84.4186273685992,39.16828882767],[-84.4186218224393,39.1683603248936],[-84.4186207077294,39.1683727447541],[-84.4186183557517,39.1683989461175],[-84.4186070410762,39.1685250206792],[-84.4186043384557,39.1685551255858],[-84.4186020895942,39.1685801863732],[-84.4185962585043,39.1686451488184],[-84.4185960925081,39.1686469968207],[-84.4185932808882,39.1686783243901],[-84.4185826972388,39.1687962435767],[-84.4185715853219,39.1689200406393],[-84.4185624552957,39.169021760049],[-84.4185604628999,39.1690439631118],[-84.418551536221,39.169143423041],[-84.4185488904263,39.1691667073042],[-84.4185352928884,39.169286376527],[-84.4185212846591,39.1694096592581],[-84.4185205445521,39.1694161713432],[-84.4185191735183,39.169428234138],[-84.4185075814663,39.1695302528487],[-84.4185047760572,39.1695549417118],[-84.4184983337931,39.1696116412337],[-84.4184934314551,39.1696547903124],[-84.4184924076543,39.1696638001676],[-84.4184801024716,39.1697720926449],[-84.4184739793406,39.1698259829604],[-84.4184649341202,39.1699055894084],[-84.4184645467142,39.1699089944031],[-84.4183281759933,39.1698970087226],[-84.418325125672,39.1698986070981],[-84.4180776208652,39.1698776435229],[-84.4179935795308,39.1698724253531],[-84.4178962776006,39.1698663830356],[-84.4176428099243,39.1698506447496],[-84.4175806949468,39.1698467882786],[-84.4174949052319,39.1698414608013],[-84.4173162462884,39.169830366768],[-84.4171782979111,39.1698209124134],[-84.4171550411698,39.1698193191334],[-84.4171181396127,39.1698158853847],[-84.4169972788955,39.1698046382887],[-84.4168395085884,39.1697899573632],[-84.4166817395041,39.1697752762041],[-84.4165239658333,39.1697605940062],[-84.4165037338494,39.1697587118491],[-84.4164545063076,39.1697541300569],[-84.4164224728215,39.169751149946],[-84.4163662061611,39.1697459131655],[-84.4162084535211,39.1697312328962],[-84.4160810668933,39.1697193781708],[-84.4160507171934,39.1697165539459],[-84.415961983138,39.1697082961634],[-84.4159161905482,39.1697040349217],[-84.415892987898,39.1697018755671],[-84.4157352748904,39.1696871976068],[-84.4156145376459,39.1696759614538],[-84.4155775863429,39.1696725226332],[-84.4155358923964,39.1696686422491],[-84.415279259744,39.1696489299124],[-84.4150410418518,39.1696306302734],[-84.4147274546851,39.1696065411777],[-84.4146009907175,39.1695966698298],[-84.4145129591773,39.1695897986051],[-84.4144234348003,39.1695828104971],[-84.4143025119731,39.1695733717472],[-84.414260076577,39.1695702266497],[-84.4141056666738,39.169558783332],[-84.414037056145,39.1695527057782],[-84.4139534595188,39.1695453005304],[-84.4134765985896,39.1695030575733],[-84.4130969377478,39.1694694259087],[-84.412836136553,39.1694463216023],[-84.4123743593862,39.1694054129359],[-84.4122098772629,39.1693908409152],[-84.4122097414178,39.1693921442027],[-84.4122028087146,39.1694585281464],[-84.4121753784193,39.1697212027775],[-84.4121419618408,39.1700411969538],[-84.4121344728262,39.1701129194883],[-84.41213259213,39.1701309227916],[-84.4121011421367,39.1704320850969],[-84.4120879084039,39.1705588157295],[-84.4120875188487,39.1705625360838],[-84.4120572647609,39.1705631474604],[-84.4119023177299,39.1705512982776],[-84.4118587540504,39.170547967266],[-84.4113045880834,39.1705055893741],[-84.4111654809564,39.1704949513261],[-84.4110662246261,39.1704873605273],[-84.4110424164775,39.1704855399444],[-84.4106475232909,39.1704553389198],[-84.4096348981904,39.1703778897481],[-84.408902705781,39.1703218826945],[-84.4088352589528,39.1703167235532],[-84.4086786682921,39.1703047448628],[-84.408665181022,39.170303755865],[-84.4086152204733,39.1703000919217],[-84.4086144854798,39.1703000923035],[-84.4085490032555,39.1703001868451],[-84.4084558084145,39.1703003210816],[-84.4082206013258,39.1703006590815],[-84.4081323429634,39.1703007857239],[-84.4077905737101,39.1703012748301],[-84.4077774865254,39.1703012936763],[-84.4074822614814,39.1703017163635],[-84.4074031075552,39.1703018296723],[-84.4071180818545,39.1703022359711],[-84.4070409789085,39.1703023459432],[-84.4067072978687,39.1703028214064],[-84.4066478424251,39.1703029058992],[-84.4063319917583,39.1703033547707],[-84.4062792054866,39.1703034294712],[-84.4059898659868,39.1703038390251],[-84.4059174599515,39.1703039422448],[-84.4056744597836,39.1703042860103],[-84.405564517892,39.1703044408013],[-84.4053214286095,39.1703047843903],[-84.405229185152,39.1703049139208],[-84.4049925636533,39.1703052478858],[-84.4048965307356,39.1703053826282],[-84.4046928094955,39.1703056693852],[-84.4045661738287,39.1703058468929],[-84.4044743239093,39.1703059756679],[-84.404408103234,39.1703060691851],[-84.404287495509,39.1703062375134],[-84.4041101002735,39.1703064865541],[-84.4039732166129,39.1703066775822],[-84.4038147096658,39.1703068999217],[-84.4037060224346,39.170307051278],[-84.4037000338283,39.1703070594707],[-84.4036908541606,39.1703070722855],[-84.4034794825111,39.1703678918738],[-84.403421014012,39.1703847153257],[-84.4031320489533,39.1704678603998],[-84.4030274836548,39.1704979468022],[-84.402919808053,39.1705289292765],[-84.4028424503508,39.1705511863261],[-84.4027369786316,39.170581534207],[-84.4027207738278,39.1705861960257],[-84.4027206153355,39.1705862418737],[-84.4027219811606,39.1705728170848],[-84.4027260675531,39.1705326465145],[-84.4027268490721,39.1705249589713],[-84.4027275144997,39.1705184130981],[-84.4027284835787,39.1705088889419],[-84.4027312827462,39.1704813697134],[-84.4027338516533,39.1704561193775],[-84.4027407719161,39.1703880875285],[-84.4027409162899,39.1703866651832],[-84.4027460513488,39.1703361915854],[-84.4027631086985,39.1701685004454],[-84.4027779677403,39.1700224351389],[-84.4027780116194,39.1700220037408],[-84.4027815192779,39.1699875216663],[-84.4027928456767,39.1698761721982],[-84.4027975692421,39.1698297409266],[-84.4027975873827,39.1698295559239],[-84.4028041560072,39.1697687621654],[-84.4028061541679,39.1697502642774],[-84.402807296325,39.1697396948221],[-84.4028197142319,39.1696247576756],[-84.4028245279641,39.1695802044091],[-84.4028334991341,39.1694971687724],[-84.4028368392456,39.1694662474939],[-84.4028479892404,39.1693630522586],[-84.4028623365088,39.1692633337849],[-84.4027193718837,39.1692538427704],[-84.4026734719312,39.1697310385772],[-84.4026719996699,39.1697478853113],[-84.4026453420081,39.1697534493081],[-84.4026377495793,39.169756037192],[-84.4026042554976,39.1697585949625],[-84.4025561367425,39.1697557667729],[-84.4024409710071,39.1697489972256],[-84.4022594794232,39.1697383283544],[-84.4021499990393,39.1697318923479],[-84.4020783944766,39.1697258316096],[-84.40200693896,39.1697280575873],[-84.4019254974395,39.1697400609476],[-84.401873010523,39.1697522066519],[-84.4018471572284,39.1697533216495],[-84.4018319102969,39.1697529977216],[-84.4018069506191,39.1697417102025],[-84.4017945009698,39.169725376477],[-84.4017310513276,39.1695672253858],[-84.4017065764138,39.1695062217047],[-84.4016898302292,39.1694588730002],[-84.4016883803721,39.1694272356173],[-84.4016947674525,39.1693994800916],[-84.4017037566472,39.1693649280012],[-84.4017028696193,39.1693468189213],[-84.4016890597646,39.1693153751854],[-84.4016616038075,39.169290021603],[-84.4016247655698,39.1692716027724],[-84.4018105198336,39.1689928220889],[-84.3987909799938,39.1687844000144],[-84.3988380091861,39.1684998313248],[-84.3988903335026,39.1681832255488],[-84.3989703144128,39.1679383271002],[-84.3978096202589,39.1678601696714],[-84.3978270441506,39.167543531826],[-84.3978461638896,39.1673188474851],[-84.3977847838198,39.167295051841],[-84.3977162031606,39.1672905796958],[-84.3969582713737,39.1672411729074],[-84.3967378474791,39.1672268029753],[-84.3967201852477,39.1672256520239],[-84.3966963165732,39.1672243187527],[-84.3965046405074,39.1672136156353],[-84.3964528526935,39.1672102394701],[-84.3963471819062,39.167203350138],[-84.3963108707412,39.1672009831567],[-84.3959424719052,39.1671769630676],[-84.3959423258172,39.1671769537427],[-84.3959501211058,39.167096162535],[-84.3959502350513,39.1670949803631],[-84.3958598868544,39.1670890888934],[-84.3957783112409,39.1670837702545],[-84.3955848526492,39.1670711549106],[-84.3955768386745,39.1671531227624],[-84.3953838820164,39.1671405412243],[-84.3953837938961,39.1671405354564],[-84.3953837370855,39.1671405318798],[-84.3953915773574,39.1670585524676],[-84.395402040057,39.1669491380148],[-84.3954072150566,39.1668950241153],[-84.3954073278539,39.1668938419628],[-84.3952318357041,39.1668826956762],[-84.3951493866211,39.166877294466],[-84.3950560303716,39.1668711785256],[-84.3949116932047,39.1668617220337],[-84.3948065833798,39.1668548347576],[-84.394801482863,39.166854500924],[-84.394767603034,39.1668522811496],[-84.3946239720362,39.1668428695271],[-84.3944799144092,39.1668334304583],[-84.3943355483774,39.1668239701194],[-84.3942248766821,39.1668167181573],[-84.3941911777567,39.1668145096765],[-84.3941313281086,39.1668105883983],[-84.3940471248737,39.1668050699945],[-84.3940009036748,39.1668020415213],[-84.3938977848451,39.1667952839916],[-84.393775109267,39.1667872464314],[-84.3937464436541,39.1667853682928],[-84.3937220414362,39.1667837701221],[-84.3937219799741,39.1667837657197],[-84.3936439625611,39.1667810571495],[-84.393643916055,39.1667815219232],[-84.393643857518,39.1667820986174],[-84.3936407535558,39.1668127796585],[-84.3936394091357,39.1668260724234],[-84.3936197012676,39.167020873025],[-84.3936195539708,39.1670227089628],[-84.3935224355869,39.1670185948646],[-84.393380608067,39.1670101838996],[-84.3933447410892,39.1670080565164],[-84.3932848677683,39.1670045063977],[-84.3932665059148,39.1670034167989],[-84.3929948600311,39.1669873071705],[-84.3929925356982,39.1670114495294],[-84.3929901903579,39.1670358003618],[-84.3929806995884,39.1671343848833],[-84.3929793121328,39.1671487919748],[-84.3929794582203,39.1671488013035],[-84.3929856275662,39.1671491970603],[-84.3930812902182,39.1671553373908],[-84.3930988997044,39.167156467231],[-84.3930987590532,39.1671576480333],[-84.393082980027,39.1672901767204],[-84.3930821626638,39.1672970439598],[-84.393082036606,39.1672982939007],[-84.3930819552054,39.1672990962173],[-84.3930815793142,39.167302801854],[-84.3930811232519,39.1673073124901],[-84.3930724674395,39.1673927612425],[-84.3930675036593,39.1674417646961],[-84.3930664459806,39.167452214625],[-84.3930371498232,39.1677414430894],[-84.3930358322895,39.1677544497884],[-84.3929747877494,39.1677310732176],[-84.3927974632092,39.1676637668476],[-84.3926479278933,39.1676068601645],[-84.3926205786175,39.1675964521314],[-84.3924156301223,39.1675186100857],[-84.3923726746436,39.1675022920017],[-84.3923115432681,39.1674790696749],[-84.3922927311727,39.1674719226444],[-84.3921416230741,39.1674145184024],[-84.3919876508065,39.167356004709],[-84.3919478410145,39.1673408749291],[-84.391944121173,39.1673394615758],[-84.3919406831567,39.1673381553488],[-84.3918411340749,39.1672988333256],[-84.3918288243532,39.1673138240088],[-84.3918091784798,39.167337574029],[-84.3917890894773,39.1673612447779],[-84.391768995831,39.1673847435079],[-84.3917484591039,39.1674081647673],[-84.3917279177087,39.1674314131073],[-84.3917069332321,39.1674545839763],[-84.3916907096738,39.1674744155745],[-84.3916735929891,39.167493832862],[-84.3916555785475,39.1675126638232],[-84.3916366640461,39.1675308229004],[-84.3916164133006,39.167548488397],[-84.3915957056114,39.1675655612774],[-84.3915740955593,39.1675818767151],[-84.3915515877496,39.1675976058242],[-84.3915281775527,39.1676125765891],[-84.3915043057834,39.1676267827211],[-84.3914802903369,39.1676413705115],[-84.3912001205023,39.167811558146],[-84.3911308596253,39.167757244562],[-84.3910026871934,39.167666740604],[-84.3909325732138,39.1676172314231],[-84.3908696021474,39.1675727657661],[-84.3908527526959,39.1675608679783],[-84.3907063900821,39.1674575182968],[-84.3906997652366,39.167452840191],[-84.3906059238475,39.1673865770247],[-84.390572785546,39.1673631767826],[-84.3904385938105,39.1672684203203],[-84.3903796537702,39.1672270611165],[-84.3903448374329,39.1672026312909],[-84.3903093521109,39.1671979532304],[-84.3903047640003,39.167197348657],[-84.3902974996566,39.1671963903616],[-84.3902653579649,39.1671923506595],[-84.3902039299769,39.1671840562061],[-84.3899325798515,39.1671482919252],[-84.3897910675322,39.1671296397029],[-84.3896748862956,39.1671143272482],[-84.3896401990645,39.1671097549129],[-84.3896067035857,39.1671053397463],[-84.3895017217221,39.1670928260561],[-84.389465472937,39.1670885043585],[-84.3893818051696,39.1670785310239],[-84.3893677239044,39.1670768521006],[-84.3892342812138,39.1670609455334],[-84.3891569057681,39.1670517218843],[-84.3891040640799,39.1670462350587],[-84.3889258820854,39.1670277357722],[-84.3889069892387,39.1671813005233],[-84.3888932373524,39.1672930815534],[-84.3888824917826,39.1673804200004],[-84.3888678164707,39.1674997051577],[-84.3887738564493,39.168263412877],[-84.3887598066876,39.1683776061886],[-84.3880809610335,39.1683259731032],[-84.3880429561095,39.1683230823944],[-84.3872761637561,39.1682647537491],[-84.3867820602347,39.1682271662903],[-84.3865194259865,39.1682071863414],[-84.3865025564846,39.1682059029082],[-84.3864117198257,39.168198992086],[-84.3863208820277,39.1681920812114],[-84.3863011570629,39.1681905801977],[-84.3862937860157,39.1681567541029],[-84.3862933702632,39.1681548480472],[-84.3862464465912,39.1679395313063],[-84.3862267270489,39.1678490440918],[-84.386156185287,39.1675253520269],[-84.3861559938702,39.1675244730635],[-84.386359714246,39.167126023836],[-84.3864166906903,39.1670145861888],[-84.3864170909727,39.1670138030184],[-84.3863028663735,39.1669057995025],[-84.3861821337514,39.1668325928229],[-84.3860902887926,39.1668260820003],[-84.3857646488296,39.1668029984553],[-84.3857199335654,39.166799828677],[-84.3855421428969,39.1667872256937],[-84.3855419805418,39.1667872139172],[-84.3855854421804,39.1663928336682],[-84.3855934323138,39.1663203320534],[-84.385612685979,39.1661456156673],[-84.3856134790186,39.1661384191218],[-84.3856433745121,39.1658671392028],[-84.3856479456939,39.1658256604467],[-84.3856640354523,39.1656796580098],[-84.3856700708321,39.1656248963671],[-84.3856863978303,39.1654767393843],[-84.3856978027404,39.1653732455818],[-84.3857032440541,39.1653238662417],[-84.3857438287524,39.1649555777552],[-84.385744045655,39.1649536109549],[-84.3857507656743,39.1648926221879],[-84.3857508960808,39.1648914433648],[-84.38561520124,39.164880874404],[-84.3855660076931,39.164877042182],[-84.3854634673205,39.1648690541639],[-84.3854381949894,39.1648670863868],[-84.3852641961748,39.1648535312253],[-84.3849623848826,39.1648300203838],[-84.384867085367,39.1648225962102],[-84.3846540834643,39.1648060024497],[-84.3845605364866,39.1647987144284],[-84.3844957076523,39.1647936644903],[-84.3844353869888,39.1647889647342],[-84.3843961818734,39.1647859103627],[-84.3842056376201,39.164771065527],[-84.3842054694371,39.1647710520414],[-84.3842268867898,39.1645863564471],[-84.3842305736816,39.1645545616226],[-84.3842371795493,39.1644975995708],[-84.384255784489,39.1643287981978],[-84.3842589310287,39.1643002476314],[-84.384280083938,39.1641083321136],[-84.3842968873603,39.1639558761538],[-84.3842970122004,39.1639547478788],[-84.3841854274521,39.1639099386839],[-84.3839150115798,39.1638013448135],[-84.3839148126912,39.1638012651525],[-84.383920443193,39.1637636516593],[-84.3839277912777,39.1637136044333],[-84.3839394194122,39.1636379128724],[-84.3839395968456,39.1636367603176],[-84.3839184922656,39.163632833321],[-84.3837793789963,39.1636094389303],[-84.3836084212976,39.1635804915636],[-84.383466147267,39.1635563985065],[-84.3832835797057,39.1635256155732],[-84.3831161314497,39.1634973979696],[-84.3829413694712,39.1634677806911],[-84.3827826718746,39.163440884656],[-84.3827667820138,39.1634381918531],[-84.3827517885589,39.1634356511801],[-84.3826435696261,39.1634173103386],[-84.3826012215034,39.1634101338778],[-84.3825480421668,39.1634011203921],[-84.3825462168223,39.163400811247],[-84.3825437868517,39.163400656977],[-84.3824574439029,39.1633860081397],[-84.3822786623921,39.1633556775546],[-84.3820693476043,39.1633201659245],[-84.3820572305036,39.1633181100721],[-84.3819504089428,39.1632999873799],[-84.3810613450579,39.1631491439765],[-84.3810605730711,39.1631490132394],[-84.3810574176647,39.1631484778702],[-84.3810570002795,39.1631484071544],[-84.3811406235546,39.1629055277948],[-84.3811411765989,39.1629039213569],[-84.3810075870309,39.1629986133166],[-84.3810071895063,39.1629988954692],[-84.3810486119778,39.162832164516],[-84.3810497758373,39.1628274775744],[-84.3810501624649,39.1628259233911],[-84.3810468111124,39.1628288339085],[-84.3810452852967,39.162830158795],[-84.3810452253573,39.162830211124],[-84.3806550934969,39.1631694574218],[-84.3806540303152,39.1631703819661],[-84.380654766154,39.1631694212841],[-84.3806545966501,39.1631694015079],[-84.3803912988038,39.1630841190424],[-84.3803903613173,39.16308381529],[-84.3805021628927,39.162974136081],[-84.3806249620147,39.1628603302545],[-84.3806258135352,39.1628595406881],[-84.3805406722382,39.1628208116413],[-84.3804805098532,39.1627934454256],[-84.3804798045363,39.1627931243944],[-84.3805672841728,39.1626800012364],[-84.3805964649662,39.1626370217308],[-84.3806515377345,39.1625645760171],[-84.3806522040591,39.162563699354],[-84.3804521778619,39.1624736780003],[-84.3804458742652,39.1624708411594],[-84.3803248033234,39.1624163531634],[-84.3803080866858,39.1624088296757],[-84.3802460990303,39.1623807496161],[-84.3801974058825,39.1624508806596],[-84.3801792333892,39.1624763716478],[-84.3800819464005,39.1624643807397],[-84.380080412519,39.1624641929709],[-84.3800791758746,39.1624640409282],[-84.3800774689723,39.1624638316374],[-84.3800728812342,39.1624632690062],[-84.3800664310221,39.1624624788829],[-84.3798992767726,39.1624419905874],[-84.3798297386377,39.1624334671944],[-84.3797082213909,39.1624185719799],[-84.3795814302397,39.1624030305047],[-84.3795778956954,39.1624025976473],[-84.3795284235285,39.1623965329416],[-84.3793567840537,39.1623754939711],[-84.379271822467,39.1623650803179],[-84.3792676030032,39.1623645693512],[-84.3792492390151,39.1623623486422],[-84.379228995207,39.1623599007062],[-84.3791468669545,39.1623499672323],[-84.3788088227699,39.1623090825261],[-84.3787837174648,39.162306046534],[-84.3787830312413,39.1623059630463],[-84.3787827920644,39.1623059344852],[-84.3788006674059,39.1622054901472],[-84.3788161709862,39.1621183694195],[-84.3788289589658,39.1620465159175],[-84.3788342787238,39.1620166211701],[-84.3788512221464,39.1619214113886],[-84.3788567300957,39.1618904612269],[-84.378875422328,39.1617854283754],[-84.3788767514867,39.1617779583043],[-84.3788862820774,39.161724399138],[-84.3788995147581,39.1616494443965],[-84.3789099449353,39.1615903574553],[-84.3789152178683,39.1615604886882],[-84.3789197701418,39.1615347031994],[-84.3789451848107,39.1613907374786],[-84.3789475291895,39.1613774323227],[-84.3789580786057,39.1613175703873],[-84.378965038375,39.1612780714661],[-84.3789658623605,39.1612733945582],[-84.3789807226909,39.1611890682945],[-84.3789873759241,39.1611513078548],[-84.3789954632597,39.1611054152103],[-84.379006552096,39.1610424865455],[-84.3790126235741,39.1610069925255],[-84.3790190581779,39.1609693671705],[-84.3790279459649,39.1609173996483],[-84.3790351724493,39.1608751528642],[-84.3790423327109,39.1608332864717],[-84.3790591973549,39.1607346748515],[-84.3790656059728,39.1606972048845],[-84.3790888803014,39.160561123272],[-84.3790925324242,39.16053976724],[-84.3790927406107,39.1605385502244],[-84.3790540463286,39.1605426000796],[-84.3790072376518,39.1605474994905],[-84.3790018953625,39.1605480581714],[-84.3789968439168,39.1605485869119],[-84.3789740483516,39.1605509726848],[-84.3789574606412,39.1605527091658],[-84.3788937122266,39.1605593813468],[-84.3788929167411,39.1605562488561],[-84.3788882772576,39.1605379860411],[-84.3788873976264,39.1605344332474],[-84.3788864336301,39.1605305385407],[-84.378884426357,39.1605224242512],[-84.3788837723993,39.1605197805106],[-84.3788798943668,39.1605041128425],[-84.3788698559649,39.1604635513379],[-84.3788599251214,39.1604234196672],[-84.3788392878945,39.160340032519],[-84.3788124099009,39.1602314248677],[-84.3788111137317,39.1602261867502],[-84.3787935494933,39.1601641529811],[-84.3787932274768,39.1601630166354],[-84.3788590334615,39.1601505078495],[-84.3789168435202,39.1601366986938],[-84.3789794101907,39.1601175677393],[-84.3790234475575,39.1601006173588],[-84.3790513708358,39.1600895232489],[-84.3790792780463,39.1600778284276],[-84.3791062877241,39.160065548079],[-84.3791092910764,39.1600641244932],[-84.3791332836202,39.1600527525772],[-84.3791365668766,39.160051106414],[-84.3791377694181,39.1600505039834],[-84.3791381337209,39.1600503214849],[-84.3791453843249,39.1600466874074],[-84.3791458057217,39.1600464760529],[-84.3791223049591,39.1599955946525],[-84.3791221331126,39.1599951406317],[-84.379121534096,39.1599935564751],[-84.3791191867329,39.1599873533075],[-84.3791125916007,39.1599699213727],[-84.3791122566317,39.1599690366158],[-84.3790730821345,39.1598654999523],[-84.3790555534855,39.1598191754184],[-84.3790026660873,39.1596793966904],[-84.3789990485244,39.1596698353639],[-84.3789817490029,39.1596241125768],[-84.3787532719834,39.1596718693956],[-84.3787355738356,39.1596755681887],[-84.3786942219161,39.159684216425],[-84.3786931562292,39.1596844400174],[-84.3786907068776,39.1596849410073],[-84.3786905123649,39.1596849810993],[-84.3788799482085,39.1582522700494],[-84.3788799540418,39.158252228509],[-84.3788847687101,39.1581757405733],[-84.3789581322876,39.1581622406884],[-84.3790189031256,39.1581510648459],[-84.3790223103722,39.1581276954452],[-84.3790287774965,39.1580833309923],[-84.3790288617203,39.1580825854043],[-84.3790290472342,39.1580809533962],[-84.379029150236,39.1580800444234],[-84.3790295248316,39.1580767407056],[-84.3790302690814,39.1580701648848],[-84.3790311539849,39.1580623569243],[-84.3790319001869,39.1580557675569],[-84.3790322880158,39.158052352802],[-84.3790327570796,39.1580482105274],[-84.3790335144421,39.1580415191665],[-84.3790344425654,39.158033336592],[-84.3790352206097,39.1580264664985],[-84.3790362702472,39.1580172016599],[-84.379037058584,39.158010240399],[-84.3790380118002,39.1580018276637],[-84.3790389079832,39.1579939222127],[-84.3790397937045,39.1579861016249],[-84.3790398265357,39.1579858145759],[-84.3790400679494,39.1579836762028],[-84.3790421559886,39.1579652458171],[-84.3790435587167,39.1579528686201],[-84.3790442346739,39.1579468984745],[-84.3790572452703,39.1578320664487],[-84.3790592208986,39.1578146262771],[-84.3790596180295,39.1578111266776],[-84.3790762819029,39.1576640365274],[-84.37908360313,39.1575994164337],[-84.3790853737088,39.1575837869833],[-84.3790942915771,39.1575050836636],[-84.3790978963852,39.1574732624095],[-84.3791133486421,39.1573368722962],[-84.3791252401703,39.1572319188952],[-84.3791250551021,39.1571301921393],[-84.3791249753632,39.1570859544847],[-84.3791257469698,39.1570784546972],[-84.3791263951824,39.1570721399181],[-84.3791306988935,39.1570302738345],[-84.3791366232589,39.1569726257557],[-84.3791421648258,39.1569187104025],[-84.3791480415407,39.1568615316128],[-84.3791535186095,39.1568082344861],[-84.3791593007663,39.1567519780461],[-84.3791594643183,39.1567503905421],[-84.3791642942247,39.1567034045727],[-84.379169002588,39.1566575864624],[-84.3791694938939,39.1566528050191],[-84.3791749602754,39.1565996287966],[-84.3791780384639,39.1565696694203],[-84.3791805704584,39.1565450356778],[-84.3791829244371,39.1565221410411],[-84.3791861102464,39.1564911428728],[-84.3791942248936,39.1564121858536],[-84.3791952331941,39.1564023720731],[-84.3792079965245,39.1562780943541],[-84.3792092068728,39.1562650598387],[-84.3792104450621,39.1562517248402],[-84.3792138404266,39.1562151470036],[-84.3792247370941,39.1560977534135],[-84.3792398299521,39.1559351707892],[-84.3792472404033,39.1558553304817],[-84.3792547896091,39.155774014794],[-84.3792547939964,39.1557739624651],[-84.3792668316731,39.1556442796937],[-84.3792695274519,39.155502452407],[-84.3792702366462,39.1554954762066],[-84.3792707597559,39.1554903266398],[-84.3792724001193,39.1554742019416],[-84.3792761864049,39.1554369690459],[-84.3792899030514,39.1553020891353],[-84.3792957502146,39.1552445936523],[-84.3793020162714,39.1551829855361],[-84.3793033357001,39.1551700069138],[-84.379304090902,39.1551625875776],[-84.3793154569786,39.1550495615956],[-84.3793230081657,39.1549744726531],[-84.379339162575,39.1548138261471],[-84.3793392505536,39.154812961566],[-84.3793418143296,39.154737449792],[-84.3793418543597,39.154736263431],[-84.379319228,39.1547346920852],[-84.3792901995889,39.1547326766829],[-84.3792900650962,39.1547326671496],[-84.3792973304509,39.1546490945444],[-84.3792978936333,39.1546426739215],[-84.3793008400475,39.154609046007],[-84.3793025443931,39.154589601897],[-84.3793049375287,39.1545622890278],[-84.3793118016597,39.1544839676266],[-84.3793130031053,39.1544702557014],[-84.3793134686614,39.154464944887],[-84.3793168736739,39.1544260927652],[-84.3793266983894,39.1543139828379],[-84.3793268021592,39.1543127999489],[-84.3793068962538,39.1543115638327],[-84.3792514406878,39.1543081197601],[-84.3792512934721,39.1543081104329],[-84.3792552094465,39.1542680255768],[-84.3792608641619,39.1542101295608],[-84.3792724279336,39.1540917322255],[-84.3792765080561,39.1540499535355],[-84.3792851756725,39.1539612216136],[-84.3792954976365,39.153894635519],[-84.379297365522,39.1538947710304],[-84.37935438558,39.1538989177259],[-84.3794144956138,39.1539032891164],[-84.3794149714739,39.1539001387255],[-84.3794247061614,39.1538356137059],[-84.3794248060197,39.1538346741493],[-84.3794286264791,39.1537984227728],[-84.3794434381752,39.1536579082461],[-84.3794573007432,39.153526390239],[-84.37946310029,39.1534713660389],[-84.3794660053142,39.1534438124076],[-84.3794666477228,39.1534377157586],[-84.3794677942349,39.1534189212932],[-84.3794681544289,39.1534130031109],[-84.37946822694,39.1534118198271],[-84.3794678454228,39.153411789971],[-84.3794554452702,39.1534108097471],[-84.3794508936437,39.1534104501406],[-84.379445857289,39.1534100524394],[-84.3794405646296,39.1534096336644],[-84.3794141269014,39.153407543876],[-84.3793797826706,39.1534048289925],[-84.3793481995738,39.1534023324398],[-84.3793174433244,39.1533999017657],[-84.3792833403205,39.1533972063701],[-84.3792537576164,39.1533948674826],[-84.3792316836808,39.1533931231922],[-84.379222383264,39.1533923873348],[-84.37922021241,39.1533922161875],[-84.3791868996198,39.1533899908919],[-84.3791563632647,39.1533879503475],[-84.3791209440861,39.1533855843746],[-84.3790873449475,39.1533833393639],[-84.3790784046486,39.1533827418188],[-84.3790536635168,39.1533810893701],[-84.3790228280912,39.15337902931],[-84.3789920853959,39.1533769749471],[-84.3789602321296,39.15337484667],[-84.3789274781363,39.1533726590973],[-84.3788962729128,39.1533705743619],[-84.3788883863912,39.1533700471243],[-84.3788625613239,39.1533683211974],[-84.3788471766666,39.153367293761],[-84.3786962293279,39.1533572083741],[-84.378652364906,39.1533542781087],[-84.3785461236728,39.1533471794336],[-84.3784505767323,39.1533407958035],[-84.3783794150076,39.1533360407247],[-84.3783062767664,39.153331154538],[-84.3781740772605,39.153322320813],[-84.3779907610457,39.1533100720144],[-84.3779393336159,39.1533066359718],[-84.3778774639477,39.1533013489787],[-84.3776777733556,39.1532842859414],[-84.377559933091,39.1532742161922],[-84.3775425052634,39.1532727270186],[-84.3775096745114,39.1532710844919],[-84.3774815807347,39.1532696797071],[-84.3774529954825,39.1532678107506],[-84.3774201350234,39.1532656623194],[-84.3772280868182,39.153253106801],[-84.3771946328451,39.1532509192606],[-84.3768207829742,39.1532264756415],[-84.3765634894471,39.153209652843],[-84.3765373733929,39.1532079455253],[-84.3762851144716,39.1531914505898],[-84.3761978183197,39.1531857425026],[-84.3758696713335,39.153164284668],[-84.3758493643706,39.1531633553854],[-84.3758475478383,39.1531632352061],[-84.3758340681437,39.1531623423381],[-84.3758104949387,39.15316078203],[-84.375789659883,39.1531594035736],[-84.3757701243201,39.1531581104099],[-84.3757473382448,39.1531566022279],[-84.375729018725,39.1531553893969],[-84.3757177949382,39.1531546465301],[-84.3757124234871,39.1531543522966],[-84.3756923758102,39.1531532521081],[-84.3756720418773,39.1531521358235],[-84.3756530418252,39.153151092564],[-84.3756293042376,39.1531497898602],[-84.3756099148161,39.1531487258618],[-84.3755959397391,39.1531479590096],[-84.3755949384555,39.1531479040265],[-84.3755737318756,39.1531467396709],[-84.3755536158378,39.1531456360592],[-84.3755369915333,39.1531447237415],[-84.3755170272881,39.1531436275792],[-84.3754990818523,39.1531426429207],[-84.3754781337234,39.1531414932884],[-84.3754720321623,39.1531411585947],[-84.3754611432081,39.1531405607541],[-84.3754407119519,39.1531394396961],[-84.3754204637907,39.1531383282873],[-84.3754021695194,39.1531373240278],[-84.3753792790954,39.1531360679383],[-84.3753605954306,39.153135042039],[-84.3753425132448,39.1531340496571],[-84.3753234714895,39.1531330043152],[-84.3753223079565,39.1531329402408],[-84.3753213263852,39.1531328867385],[-84.3752619899668,39.1531296296785],[-84.3752615936321,39.1531296081571],[-84.3752288468248,39.1531278104598],[-84.3751190546096,39.1531217842076],[-84.3750130753682,39.1531159313566],[-84.3750156743454,39.153087511549],[-84.3749434143543,39.1530823856011],[-84.3737813235156,39.1529999493096],[-84.3727896483314,39.1529295922146],[-84.3727976963312,39.1528599549003],[-84.3728064176272,39.1527844907814],[-84.3728151522909,39.1527089210285],[-84.3728244387928,39.1526285688847],[-84.3728327228022,39.1525568906009],[-84.372833964174,39.1525461514019],[-84.3728348030521,39.1525388947463],[-84.3728468947512,39.1524342713104],[-84.3728485545076,39.1524199078547],[-84.372854654772,39.1523671199811],[-84.372862738511,39.1522971784434],[-84.3728721565109,39.1522156853076],[-84.3728888504238,39.1520712418902],[-84.3728895876437,39.1520648608417],[-84.3728993911114,39.1519800304924],[-84.3729075819801,39.151909161894],[-84.3729033945586,39.1519089159824],[-84.3729032241913,39.1519089061202],[-84.3729109546755,39.1518430391783],[-84.3729978709501,39.1518530229626],[-84.3730064120554,39.1517748911736],[-84.3730385669704,39.1514919221053],[-84.3730515034183,39.1513780668922],[-84.373076807802,39.1511553859898],[-84.3730869360703,39.1510680798329],[-84.3730873424117,39.151064047618],[-84.3730884398748,39.1510531647769],[-84.3730897131272,39.1510405410745],[-84.37309061398,39.1510316165711],[-84.3730907352764,39.1510306100009],[-84.3730931121885,39.1510109406999],[-84.3730954967688,39.1509912118091],[-84.373098380883,39.1509673437813],[-84.3731010888032,39.1509449409163],[-84.3731035604743,39.1509244853164],[-84.3731043948319,39.1509175819204],[-84.3731044831847,39.1509168155473],[-84.3731052206512,39.1509107489399],[-84.3731060682981,39.1509037363086],[-84.3731068599403,39.15089718409],[-84.3731076316839,39.1508907970752],[-84.3731084811397,39.1508837654937],[-84.3731087447627,39.1508815862303],[-84.3731093230698,39.1508767989055],[-84.3731103081715,39.1508686478975],[-84.3731110751871,39.1508623006028],[-84.3731118081217,39.1508562376725],[-84.3731128547995,39.1508475748048],[-84.3731137186045,39.150840430367],[-84.3731146343631,39.1508328472056],[-84.3731151844248,39.150828302705],[-84.3731154602763,39.1508260178275],[-84.3731170360076,39.1508129774828],[-84.3731227616102,39.1507655971057],[-84.3731260420795,39.1507384520573],[-84.373132286207,39.1506867772638],[-84.3731384488748,39.1506357804336],[-84.3731410144434,39.1506145502603],[-84.3732287533551,39.1506205039185],[-84.3733423922756,39.1506279996404],[-84.3734651192699,39.1506360944399],[-84.373589079686,39.1506442709928],[-84.3737115493835,39.1506523480661],[-84.3738373425383,39.1506606452053],[-84.3739611013268,39.1506688075014],[-84.374081183189,39.15067672726],[-84.3742060409449,39.1506849616333],[-84.3743274756333,39.150692970094],[-84.3744504403652,39.1507012050719],[-84.3745207067791,39.1507059112163],[-84.3745734051499,39.1507094408201],[-84.3746963699394,39.1507176755373],[-84.3748146857269,39.1507251014153],[-84.3749472546191,39.1507338437147],[-84.3750651608789,39.1507416183387],[-84.3751941966085,39.1507501273701],[-84.3753678284391,39.1507604747254],[-84.3754915104526,39.1507688672908],[-84.3756152075563,39.1507772603816],[-84.3757383274006,39.1507856149263],[-84.375870366565,39.1507945737746],[-84.3759852059133,39.1508023664484],[-84.3761075479739,39.1508106674133],[-84.376236109472,39.1508193901916],[-84.3763569851268,39.1508275911856],[-84.3764762668476,39.1508356845011],[-84.3766029956501,39.1508442824622],[-84.3767227817037,39.1508524097097],[-84.3768498606467,39.1508610305669],[-84.3769695853103,39.1508691531481],[-84.3770946124597,39.1508776357615],[-84.3772146745129,39.1508857805597],[-84.3773409084966,39.1508943442823],[-84.3774592595545,39.1509023732714],[-84.3775748910087,39.150910217324],[-84.3777046098143,39.1509190170483],[-84.3778818809824,39.1509256085307],[-84.378006862865,39.1509330808791],[-84.378097037326,39.150938470644],[-84.3781293945924,39.1509404053716],[-84.3782499085113,39.1509476092505],[-84.3783773023407,39.1509552241331],[-84.3785060557266,39.1509629204653],[-84.3786261803149,39.1509701014299],[-84.3787481940856,39.1509773940185],[-84.378871231306,39.1509847482823],[-84.3789953798889,39.150991946554],[-84.3791192535897,39.1509994662991],[-84.3792332998238,39.151006390148],[-84.3796723090644,39.1510330392888],[-84.379765478954,39.151036843002],[-84.3797141312797,39.1508244525276],[-84.379666327107,39.1506359936497],[-84.3796225610679,39.1504171750513],[-84.3795980373054,39.1503129072979],[-84.3797047625681,39.1503190168069],[-84.3802375200604,39.1503543189228],[-84.3803692521163,39.1503630478709],[-84.3804834674644,39.150370616452],[-84.3805034962043,39.1503719431595],[-84.3805800906944,39.1503770178319],[-84.3806352559895,39.1503806677528],[-84.3807670144821,39.1503893859109],[-84.3808988273458,39.1503981021368],[-84.3810283185815,39.1504066729732],[-84.3811622751441,39.150415713623],[-84.3812940140814,39.1504246035923],[-84.3814257553655,39.1504334933744],[-84.3815574943694,39.1504423830443],[-84.3817331467478,39.1504542332969],[-84.3819966284386,39.150472012633],[-84.3822601090819,39.1504897904886],[-84.3822589521753,39.1504966712705],[-84.3822659532478,39.1504971576868],[-84.3824285088688,39.1505084320172],[-84.3824355377516,39.1505089197738],[-84.3826041276385,39.1505206130685],[-84.3827727187381,39.1505323060992],[-84.3829413098698,39.1505439979842],[-84.3830281064393,39.1505498577303],[-84.3830624176982,39.1502086033279],[-84.3831028169604,39.1498617989867],[-84.3831921801538,39.1498676493499],[-84.3835761984656,39.1498941910352],[-84.3837218529055,39.1499042577429],[-84.3838743541694,39.1499147977761],[-84.3840337613726,39.1499258146521],[-84.3841900582377,39.1499366160575],[-84.3843460502784,39.1499473969789],[-84.3844970156551,39.1499578296102],[-84.3846506428334,39.1499684467343],[-84.3848091610836,39.1499794004123],[-84.3849645075917,39.149990136037],[-84.3851219964993,39.1500010186255],[-84.3852679585923,39.1500111045257],[-84.3853154340245,39.1500143853039],[-84.3854177127983,39.1500214529415],[-84.3854318725664,39.1498877388177],[-84.385446360928,39.1497509190092],[-84.385460848125,39.1496141010171],[-84.3854775181251,39.1494609070098],[-84.3854849576499,39.1493925353683],[-84.3854928563368,39.1493240697633],[-84.3855089325851,39.1491805396034],[-84.3855242495708,39.149043778376],[-84.3855385996519,39.1489018160832],[-84.3855540379018,39.1487413656109],[-84.3855698474882,39.1485770744424],[-84.3855780358398,39.1484919770768],[-84.3855831989994,39.1484383125036],[-84.3859053213061,39.1484598243265],[-84.3859911555733,39.1484655686272],[-84.3859759354924,39.1485998650333],[-84.3860662868339,39.1486067116126],[-84.3865046861543,39.1486374576764],[-84.386540522721,39.1486400181952],[-84.3866007229646,39.1486443194579],[-84.3866389524312,39.1486470509447],[-84.3866961917209,39.1486511408485],[-84.3867304203004,39.1486535869176],[-84.3868029096386,39.1486587657024],[-84.3868848592868,39.1486646212134],[-84.3869434330164,39.1486688064097],[-84.387027752378,39.1486748304856],[-84.3871803017197,39.1486857293586],[-84.3872060775228,39.1486875713411],[-84.3873261361797,39.1486961489781],[-84.3874791887716,39.1487070834169],[-84.3876281153041,39.1487177235248],[-84.387767588529,39.1487276875304],[-84.3878741687268,39.1487353019314],[-84.3879063858877,39.1487376029074],[-84.3879716723875,39.1487422675418],[-84.3880158331854,39.1487454218752],[-84.3880741195306,39.1487495859541],[-84.3881331826566,39.1487538058306],[-84.3881770211787,39.1487569374198],[-84.3881841872979,39.1487574126801],[-84.3882460928976,39.1487615240421],[-84.3883072473452,39.1487655854352],[-84.3883633488663,39.1487693110245],[-84.3884180234243,39.148772941796],[-84.388476757473,39.1487768415969],[-84.3885293941794,39.1487803370197],[-84.3885330224585,39.1487805779571],[-84.38858818853,39.1487842411881],[-84.3886356332265,39.1487873922543],[-84.3886376676203,39.1487875276042],[-84.3887045983783,39.1487919722313],[-84.3887136945609,39.1487925754972],[-84.3887790696154,39.1487971724633],[-84.3887903428259,39.1487979655102],[-84.3888466508822,39.1488019253661],[-84.3889217665332,39.1488072069112],[-84.3889965865797,39.1488124679956],[-84.3890534302522,39.1488164649765],[-84.3890677547864,39.1488174722773],[-84.3891413297394,39.1488226454339],[-84.3891440355856,39.1488228356082],[-84.3892070769965,39.1488272685314],[-84.3892878559633,39.1488329477099],[-84.389360893042,39.1488380835409],[-84.3894344344234,39.1488432543563],[-84.3894758997857,39.1488461700455],[-84.3894812859634,39.1488465480913],[-84.3894849345116,39.1488467679457],[-84.389506298425,39.1488480542177],[-84.3895845705797,39.1488527667231],[-84.3895917563996,39.1488531992288],[-84.3896568275084,39.1488571167963],[-84.3896702255788,39.1488579228818],[-84.3896700953404,39.1488591044131],[-84.3896698405686,39.1488614214317],[-84.3896700028345,39.1488614314012],[-84.3897358066808,39.148865573946],[-84.3898115497258,39.1488703419338],[-84.3898845074631,39.1488749336245],[-84.3899580888041,39.1488795646598],[-84.3900371967199,39.14888454435],[-84.3901097267972,39.1488891095335],[-84.390184681695,39.148893827056],[-84.3902102802013,39.1488954379046],[-84.3902592749618,39.1488985215938],[-84.3903336445505,39.1489032026113],[-84.3904070891786,39.1489078247795],[-84.3904437535562,39.1489101327363],[-84.3904835509464,39.1489126373751],[-84.3905577014788,39.148917303801],[-84.3906292452551,39.1489218072561],[-84.3906364698626,39.1489222615898],[-84.3906958477984,39.1489259984038],[-84.3907705813997,39.1489307020384],[-84.3908127074336,39.1489333532969],[-84.3908396231439,39.1489351065092],[-84.3909064939523,39.1489394616486],[-84.3909159109692,39.1489400748273],[-84.3909952091678,39.1489452399731],[-84.3910680137325,39.1489499811837],[-84.3911211288123,39.1489534406023],[-84.3911442865297,39.1489549486961],[-84.3912202347807,39.1489598953231],[-84.3912869769845,39.1489642424304],[-84.3912964809486,39.148964861368],[-84.391342738447,39.1489678739212],[-84.3913681046112,39.1489695775039],[-84.3914415763392,39.1489745130262],[-84.3915163846688,39.1489795384219],[-84.3915175960539,39.1489796195723],[-84.3915910840442,39.148984556537],[-84.391669080258,39.1489897956229],[-84.3916928548318,39.1489913926539],[-84.391742628535,39.1489947360133],[-84.3918179434911,39.1489997952965],[-84.3918251874928,39.1490002816759],[-84.3918694348755,39.1490030276843],[-84.3918943281488,39.1490045721831],[-84.3919626088051,39.1490088100079],[-84.3919742133995,39.1490095306652],[-84.392035091077,39.1490133080973],[-84.3920445768808,39.1490138966362],[-84.3920695826209,39.1490154491732],[-84.3921834250802,39.1490225140488],[-84.3922009165576,39.1490235990269],[-84.3923105156983,39.1490304005559],[-84.3924125496245,39.1490367325947],[-84.3925269995086,39.1490438349734],[-84.3925703023095,39.1490465222506],[-84.3926411883202,39.1490504369407],[-84.392656580229,39.1490512867222],[-84.3927398034072,39.1490558820513],[-84.3928550397162,39.1490642551956],[-84.3929421536317,39.1490705852618],[-84.3929482091817,39.1490710252003],[-84.3929766052452,39.149073088923],[-84.3930959586543,39.1490817613211],[-84.3932141225584,39.1490903476018],[-84.3932648058142,39.1490940304534],[-84.3933048350949,39.1490968015421],[-84.3933113549652,39.149097252801],[-84.3934205744144,39.1491048127209],[-84.393547635435,39.1491136074697],[-84.3935750435021,39.149115505179],[-84.3936652482338,39.1491217481882],[-84.3937598305141,39.1491282953485],[-84.3937758160436,39.1491294019827],[-84.3938482314456,39.1491344145063],[-84.3939061023084,39.1491384193697],[-84.3939358915863,39.149140481726],[-84.3940162612107,39.1491459687918],[-84.3941391504163,39.1491543580149],[-84.3942523864456,39.1491620885034],[-84.3943564225521,39.1491691907224],[-84.3944593550724,39.1491762180764],[-84.3944685582331,39.1491768795116],[-84.3945785406993,39.1491847898826],[-84.394593101372,39.149185836794],[-84.3946964602858,39.1491932696295],[-84.3948046063386,39.1492010476148],[-84.3949122921181,39.1492087915755],[-84.3949305406145,39.1492101827261],[-84.3949433011091,39.1492111553981],[-84.3950041526135,39.1492154074332],[-84.3950244221606,39.1492168241037],[-84.3950422478599,39.1492180698776],[-84.3950592272562,39.1492192564993],[-84.3951151690522,39.1492231652486],[-84.3951692663889,39.1492269455418],[-84.3951848093792,39.1492280312847],[-84.3952966617277,39.1492358473443],[-84.3954196006826,39.1492444380285],[-84.3954318396221,39.1492452930326],[-84.3955340832484,39.1492524253025],[-84.3956209833409,39.1492584874603],[-84.3956629846589,39.1492614327283],[-84.3957052085627,39.149264393263],[-84.395765872561,39.1492687254516],[-84.3957694643638,39.1492689847797],[-84.3957812263445,39.1492698313273],[-84.3959089504335,39.149279031623],[-84.3960227004297,39.1492872250109],[-84.3960255652804,39.1492874313462],[-84.3961260994063,39.14929467214],[-84.3961292213464,39.1492946715433],[-84.3961439465246,39.1492957236796],[-84.3961864293295,39.1492987572921],[-84.3962148189506,39.1493022475161],[-84.3962578799926,39.1493075421692],[-84.3963042614578,39.1493132447165],[-84.396379995437,39.1493183671759],[-84.3964096514532,39.1493203734145],[-84.3965043009717,39.149326774887],[-84.3965150379758,39.1493275011728],[-84.3966278727387,39.1493351331996],[-84.3967258180734,39.1493417580899],[-84.3967424777059,39.1493428848248],[-84.3968673015307,39.1493513278189],[-84.3969874744472,39.149359455735],[-84.3969888933676,39.1493595514532],[-84.3970848181745,39.1493660388086],[-84.3970988370335,39.1493673726807],[-84.3971985932507,39.1493768651653],[-84.3972327157946,39.1493801117723],[-84.3972360073369,39.1493803498392],[-84.3973242550195,39.1493867247491],[-84.3974419398584,39.1493952253784],[-84.397551128654,39.1494031125918],[-84.3975622368815,39.1494039155981],[-84.3976770580739,39.1494122096725],[-84.3976921464916,39.1494132989162],[-84.3978021759171,39.1494212469192],[-84.3979035481292,39.1494285697691],[-84.3979219489687,39.1494298984911],[-84.3980404188865,39.1494384559431],[-84.3981633374453,39.1494473341861],[-84.3981818148268,39.1494486688221],[-84.3982436642209,39.1494525775662],[-84.398273914906,39.1494544898013],[-84.398324933494,39.1494577135583],[-84.3984044124305,39.1494627544677],[-84.3985012168011,39.1494688928846],[-84.3985265182102,39.1494704977583],[-84.3985999221712,39.149475152363],[-84.3986512702935,39.1494784084231],[-84.3986646419693,39.1494792562522],[-84.398769989183,39.1494859375178],[-84.3988098202379,39.1494884630849],[-84.3988897420252,39.1494935315498],[-84.3989510980685,39.1494974218682],[-84.3990147654254,39.1495014590056],[-84.3991417338877,39.1495095103425],[-84.3992599544364,39.1495170065544],[-84.3993011115823,39.1495196165505],[-84.3993750850739,39.1495261164998],[-84.3994781267209,39.1495351702881],[-84.3994981441862,39.1495364146138],[-84.3996150452046,39.1495436789],[-84.3996508934902,39.1495459063248],[-84.3997280320076,39.1495506999572],[-84.3998303007154,39.1495570540819],[-84.3998396661735,39.1495576367492],[-84.3999488709039,39.14956442223],[-84.4000074663275,39.1495680625987],[-84.4000485467922,39.1495706159228],[-84.4000562489353,39.1495710942826],[-84.4001652601363,39.1495778674145],[-84.4001829246754,39.1495789654759],[-84.4002814600459,39.1495850875596],[-84.4003616227262,39.1495900690744],[-84.4003923119398,39.1495919753737],[-84.4004786606976,39.1495973410604],[-84.4004978471167,39.149598533062],[-84.4005377742858,39.1496010132143],[-84.4005898487591,39.1496042493054],[-84.4006009991912,39.1496049414077],[-84.4006925423377,39.1496103046844],[-84.4007107313463,39.1496113697414],[-84.4008151345196,39.1496174852861],[-84.4008791750991,39.1496212368754],[-84.4008959463389,39.1496222062137],[-84.400898583716,39.1496032149022],[-84.4009052599961,39.1495551415043],[-84.4009063071411,39.1495476072766],[-84.4009068116781,39.1495439706697],[-84.4009094501816,39.1495249784382],[-84.4009113262116,39.1495114668885],[-84.4009125310555,39.1495027894067],[-84.4009138086194,39.1494935917555],[-84.4009139781779,39.1494923735238],[-84.4011973367918,39.1495110303783],[-84.4012151259789,39.1495122019228],[-84.4012171603935,39.1495123361515],[-84.4012485549826,39.1495225252843],[-84.4014823103218,39.1495297925071],[-84.4017111748938,39.1495448601618],[-84.4017335128235,39.149546330939],[-84.4017810009309,39.1495494579128],[-84.4018484540445,39.1495538981246],[-84.4020099497932,39.1495649840096],[-84.4020553721714,39.1495681015087],[-84.402358516645,39.1495889087242],[-84.4024015485988,39.1495918625813],[-84.402659473715,39.1496095654373],[-84.4027207715881,39.1496137727748],[-84.4027521584291,39.1496159273926],[-84.4028272577394,39.1496210812973],[-84.4031027777523,39.1496399909919],[-84.4032128357798,39.1496475441744],[-84.4034737128909,39.1496654481519],[-84.4036142211878,39.1496750914566],[-84.4037296086271,39.1496830098597],[-84.4038076074989,39.1496883624005],[-84.4041748020859,39.1497135606885],[-84.4041880981109,39.1497144730961],[-84.4043966923709,39.1497287871504],[-84.4044075234246,39.1497295192722],[-84.4044502402147,39.1497324505181],[-84.4045188755348,39.1497371607889]]]},"properties":{"OBJECTID":31,"SNA_NAME":"Madisonville","SNA_NUMBER":23,"ACRES":1526.48509136,"SQMI":79.733,"app_id":"CIN-SNA-031","canonical_slug":"madisonville","display_name":"Madisonville"}},{"type":"Feature","id":32,"geometry":{"type":"Polygon","coordinates":[[[-84.4788695773267,39.1318505182912],[-84.4789115763717,39.1315565182688],[-84.4789505759407,39.1313925181997],[-84.479007576876,39.1312305183016],[-84.4790805772996,39.131072518751],[-84.4791705762317,39.130920518943],[-84.4792755775927,39.1307735176469],[-84.4795515778206,39.1304955179123],[-84.4793245762645,39.1305205177654],[-84.4791975767021,39.13054051834],[-84.4790555765458,39.1305555174238],[-84.4789125765739,39.1305575181596],[-84.4766985761512,39.1303245182102],[-84.4767185763869,39.1300595187228],[-84.4767535764628,39.1297325183212],[-84.4767605758598,39.1296175179908],[-84.4767585758482,39.1294115176232],[-84.4769745767667,39.1291295177491],[-84.4771975763482,39.1288945187159],[-84.4775175762096,39.1284855172505],[-84.4781605763824,39.1278005184442],[-84.4784315766463,39.1274855177883],[-84.4786825767262,39.1271945177672],[-84.479382576144,39.1264185167688],[-84.4805445769365,39.1251925165242],[-84.4816115774876,39.1253125171461],[-84.4821115766729,39.1253555172164],[-84.4830875769262,39.1254665166973],[-84.4845205786127,39.1255585171985],[-84.4851335774546,39.1256015166508],[-84.4862385788734,39.1256845164875],[-84.487909579212,39.1257875167042],[-84.4879765796309,39.1251575166516],[-84.4880135796787,39.1248515163477],[-84.4882925789352,39.1222095160761],[-84.4882995788962,39.1221475155162],[-84.4884625788395,39.1205265162965],[-84.4884605794216,39.1204915152031],[-84.4884415789374,39.1204225155372],[-84.4884085788305,39.1203575151181],[-84.4883405792723,39.120370515748],[-84.4882705796902,39.1203675160347],[-84.4882045787025,39.1203485157898],[-84.4877275786577,39.1200705153037],[-84.4875525786303,39.1199645151799],[-84.4873295789067,39.119813515417],[-84.4871115786751,39.1196425160082],[-84.4869855774784,39.1195345153406],[-84.4868255790721,39.1193825156227],[-84.4866805782594,39.1192225152207],[-84.4865155784066,39.1190105151957],[-84.4864865784683,39.1189865161372],[-84.4864575785376,39.1189435153944],[-84.4863855780448,39.1188635158892],[-84.4862985783194,39.1187935152657],[-84.4861665778905,39.1187525157274],[-84.4860055778218,39.1186945160089],[-84.4858205775087,39.1186125158812],[-84.4856175785828,39.1185005152149],[-84.4855645772465,39.1184615151362],[-84.4854725780303,39.1183705156262],[-84.4854115771927,39.1182965153282],[-84.4853425785318,39.1181935156243],[-84.485202578305,39.1179005151943],[-84.4851725770086,39.117845515257],[-84.485161578019,39.1177875155928],[-84.4851695775819,39.1177285156406],[-84.4851925776105,39.1176695155366],[-84.4852435776318,39.1176255153807],[-84.4852785780293,39.1175795159911],[-84.4853185779485,39.1175545157874],[-84.4857995780679,39.1170925154339],[-84.4868785778261,39.1160175147463],[-84.4872185780744,39.1156525156703],[-84.4875375780755,39.1152765146694],[-84.4877925776905,39.1149505153475],[-84.4880535785055,39.1145875146392],[-84.489008579102,39.1133395146989],[-84.4913145787547,39.1103265139593],[-84.4915675795926,39.1100175134344],[-84.4923105783167,39.1091115133012],[-84.4930575791757,39.1082455131788],[-84.4931565795746,39.1081265131054],[-84.4934455794504,39.1077795126066],[-84.4934945791581,39.1079685139625],[-84.4936115799428,39.1080855140021],[-84.4935995787133,39.1082505135486],[-84.4935705793264,39.1084155135889],[-84.4935345793215,39.1085505136675],[-84.4930875803166,39.1094005136467],[-84.4929745795374,39.1096615136163],[-84.4929505800649,39.1097665128762],[-84.4929435796056,39.1098725136563],[-84.4929455791723,39.1099265137565],[-84.4930045794229,39.1099515134684],[-84.4930545797126,39.1099865134432],[-84.493106580279,39.1100425134308],[-84.4932095789695,39.1103635134999],[-84.493272579169,39.1104465135649],[-84.4933335795324,39.1104515137947],[-84.4935735794941,39.1104005139518],[-84.4950345806693,39.1105065134249],[-84.4971195813021,39.1106395134378],[-84.4971425811024,39.1106375141386],[-84.4971615804663,39.1106265131478],[-84.4971725807163,39.1106055134674],[-84.4972555807384,39.1099635128141],[-84.4981445809527,39.1100215129908],[-84.4981445803587,39.110187513609],[-84.4990375809612,39.1102555132991],[-84.4988675806999,39.1117215137082],[-84.4988735812097,39.1117395136322],[-84.4988665814589,39.1117635133713],[-84.4997385815517,39.1117715140605],[-84.4997315813067,39.11182351417],[-84.4997375819145,39.1118705135945],[-84.4997535814054,39.1119165133348],[-84.4997805811929,39.1119595138476],[-84.4998925816453,39.1120775140351],[-84.4998725820176,39.112167513128],[-84.4997995812771,39.1126335134102],[-84.4997815813065,39.1126895137736],[-84.4997775821972,39.1127465141485],[-84.4997885814181,39.1128035143045],[-84.4998125818978,39.1128575140425],[-84.4998505822548,39.112907513102],[-84.4998995815798,39.1129505141828],[-84.4999275815365,39.1129685137399],[-84.500072581437,39.1130295138905],[-84.500207581263,39.1130675138591],[-84.5003475817279,39.1130895134237],[-84.5004885815795,39.1131115135897],[-84.5008905811316,39.1131145145406],[-84.5010735816568,39.1131175141966],[-84.5011375823365,39.1131185129637],[-84.5012895826968,39.1131355143263],[-84.5024575822121,39.1131985137927],[-84.5019345819653,39.1139525142273],[-84.5019165829866,39.113978513427],[-84.5016305822731,39.1144105141437],[-84.5013965828687,39.1148235144205],[-84.5012945830979,39.1150605141313],[-84.5012215813156,39.1152745143664],[-84.5010755828161,39.1157635140793],[-84.5009925823742,39.1160435139753],[-84.500907582141,39.1164065148449],[-84.500842582317,39.1166835151494],[-84.5006165824602,39.1174465152154],[-84.500549581922,39.1177135150989],[-84.500493582556,39.1179715148023],[-84.5004185831516,39.1182255147838],[-84.5003385820052,39.118825514914],[-84.5002965821236,39.1190355148514],[-84.5001895822777,39.1194385145805],[-84.5001295822326,39.1197825157257],[-84.5001275832138,39.1198655158055],[-84.5001435826964,39.1199765155166],[-84.5001705815858,39.1200575158544],[-84.5008605821938,39.1214755156028],[-84.501046581998,39.1218645157575],[-84.5012025819217,39.1221885155036],[-84.501236583438,39.1223195160851],[-84.5012865831106,39.1227355152038],[-84.5012635822523,39.1234365150861],[-84.5012785834901,39.1236285161049],[-84.5012915833684,39.123710515675],[-84.5013265825182,39.1238775157149],[-84.5013795822457,39.1240415153646],[-84.5018915827197,39.1251585163532],[-84.5019385837779,39.1252935162304],[-84.5019675830941,39.125431515677],[-84.5019775839258,39.125571516464],[-84.5019765835084,39.1256275162919],[-84.501836583897,39.1266915158264],[-84.5000515828213,39.1265665163817],[-84.4996755833568,39.1265435167081],[-84.4992095834242,39.1265065164677],[-84.4983795821112,39.1264615165171],[-84.4979735824273,39.1264365165041],[-84.4975945812277,39.1264095162437],[-84.4974555820217,39.1263995162582],[-84.4971895815352,39.1263825158084],[-84.4971065815897,39.1266235167012],[-84.4969815816724,39.1269435167524],[-84.496847581682,39.1272395161139],[-84.4967105824828,39.1275195170044],[-84.4965825810893,39.1277445164502],[-84.4964385815262,39.1279735170188],[-84.4955425825885,39.1296525178514],[-84.4954265825058,39.1299185175794],[-84.4941565816917,39.1327145179021],[-84.4939005818855,39.1333085180102],[-84.4936865819634,39.1336865180873],[-84.4934005814392,39.1341495176862],[-84.4930715813996,39.1346825183468],[-84.4927125813238,39.13503951781],[-84.4923405808101,39.1353805183993],[-84.4918425812669,39.1357935191856],[-84.4914755802677,39.1360625185007],[-84.4910065802275,39.1363365184257],[-84.4902005813447,39.1367375186834],[-84.4895535805309,39.1370465193903],[-84.4888155805375,39.1373635189543],[-84.488398580329,39.1375405191814],[-84.4879625795976,39.137747519749],[-84.4873415795441,39.1380455190374],[-84.4867505800841,39.1383565187997],[-84.4863665790193,39.1385695193518],[-84.4860315792172,39.1387955197432],[-84.4856845796792,39.1390395189264],[-84.4854575790907,39.1392145188119],[-84.485181579423,39.1394385195636],[-84.4848035785567,39.1397795191581],[-84.4845595791811,39.1399845193812],[-84.484231578916,39.140364519529],[-84.4838355787588,39.140784519881],[-84.4834235783705,39.1412315203896],[-84.482835578819,39.1402795200495],[-84.4824935784631,39.1397155202159],[-84.4823285783878,39.1394095195821],[-84.4821805785014,39.1390985193318],[-84.4821145777992,39.1389755195909],[-84.4817785775673,39.1378935194294],[-84.4817205782301,39.1376465194096],[-84.4816485779138,39.1374305195307],[-84.4815595781491,39.1372185196822],[-84.4814665778458,39.1370365191487],[-84.480737578193,39.1359085194212],[-84.4806025774283,39.1357135196215],[-84.4804495779302,39.1355275184034],[-84.4803025771785,39.1353715185136],[-84.4801185780036,39.1352025188819],[-84.4796755770943,39.1348685189163],[-84.4792855766439,39.1346315181689],[-84.4787925771867,39.1343165187528],[-84.4785915771021,39.1340215191043],[-84.4786565772054,39.1335435185952],[-84.4786935776045,39.1330755188305],[-84.478787576674,39.1323815189419],[-84.4788695773267,39.1318505182912]]]},"properties":{"OBJECTID":32,"SNA_NAME":"Walnut Hills","SNA_NUMBER":46,"ACRES":939.9410342,"SQMI":79.733,"app_id":"CIN-SNA-032","canonical_slug":"walnut-hills","display_name":"Walnut Hills"}},{"type":"Feature","id":33,"geometry":{"type":"Polygon","coordinates":[[[-84.4994905856012,39.1608865231883],[-84.4995695847615,39.1600415221098],[-84.4995905854646,39.1598945231048],[-84.4995865847477,39.1598105221896],[-84.4995675844914,39.1597275223497],[-84.4995325854624,39.1596465229223],[-84.4976435843143,39.156564522326],[-84.497537584072,39.1564675224031],[-84.4963245845356,39.156304522485],[-84.4959075844352,39.1562435220981],[-84.495562584352,39.1562075225579],[-84.4952305841486,39.1561845217164],[-84.494945582816,39.1561755223785],[-84.4944895837092,39.1560455217531],[-84.4933475834217,39.1566625228713],[-84.493258583127,39.1567075225088],[-84.4931285823781,39.1567545224629],[-84.4930555830527,39.1567705223574],[-84.4929915827615,39.1567845222505],[-84.492745582731,39.1568185223615],[-84.4924955830269,39.1568325222264],[-84.4922805827232,39.1568275222969],[-84.4920955820759,39.1568375230942],[-84.4919085823663,39.1568325225962],[-84.4915085828123,39.1567985225254],[-84.4912155824756,39.1567595230253],[-84.4908775821917,39.1566755226212],[-84.490577582203,39.1565895219153],[-84.4901105819315,39.1564355222355],[-84.4897145830136,39.1562885224601],[-84.4891215820023,39.1560295224197],[-84.4889595813147,39.1559745223471],[-84.4887905813917,39.1559345224465],[-84.4886165813812,39.1559085225081],[-84.4884755817373,39.1558995227195],[-84.4878315818411,39.1558735223708],[-84.4876205813162,39.1558505221989],[-84.4874435819037,39.1558375222855],[-84.4873045811841,39.1558145228088],[-84.4871345819206,39.1557705217973],[-84.4870055811577,39.1557235231268],[-84.4865845815955,39.1555135229346],[-84.4863265808358,39.1553815219247],[-84.4851375809267,39.154791523097],[-84.4841465806475,39.1542235225164],[-84.4834285802312,39.1537925224767],[-84.4831895803342,39.1536485223634],[-84.4831025798244,39.1535275221119],[-84.4830525800432,39.1534205224822],[-84.483016579953,39.1533095225625],[-84.4829905792009,39.1531685224825],[-84.4829865803706,39.1530265217303],[-84.4829965796193,39.1529515219672],[-84.4827595798622,39.1527865218949],[-84.4811445786456,39.151634521926],[-84.4809915789521,39.1515535222683],[-84.4808275792524,39.1514895224437],[-84.4806535785,39.1514435216901],[-84.4805455790619,39.1514245222656],[-84.4803325797975,39.1514185220347],[-84.4801205783497,39.1513985223614],[-84.4799115782935,39.1513655216097],[-84.4797065784768,39.1513195225663],[-84.4793525788855,39.1511715215345],[-84.4790385790564,39.1510265219132],[-84.4780925781021,39.1505575224237],[-84.4782455788375,39.1504055214879],[-84.4784365784586,39.1502415218456],[-84.4786445782537,39.1500895225679],[-84.478780577713,39.1500045215298],[-84.4788945780284,39.1499565221968],[-84.4790155785888,39.1499195218427],[-84.4792435779179,39.1498705215585],[-84.4794035778533,39.1498085212571],[-84.4795205779447,39.1497455212797],[-84.4796285789224,39.1496715220108],[-84.4799595792652,39.1493855218328],[-84.4800745781704,39.1480695215878],[-84.4800625782552,39.1479835214989],[-84.4800315781886,39.1479005210033],[-84.4800195793069,39.1478815215844],[-84.4799835791462,39.1478215211845],[-84.479898578055,39.1477295216787],[-84.4798225790482,39.1476685211398],[-84.479737577718,39.147616520471],[-84.4796435779643,39.1475745215192],[-84.4795425780307,39.147542520781],[-84.4794375787934,39.147521521199],[-84.4793295787617,39.1475115210332],[-84.4790065788991,39.1475005206725],[-84.4775335779239,39.1474015214228],[-84.4774115775759,39.1473765211345],[-84.4772935767543,39.1473395221246],[-84.4772025778616,39.1472935217848],[-84.4770775775149,39.1472195217538],[-84.4767775775774,39.1469795210867],[-84.4766405773134,39.1469075218195],[-84.476525577867,39.1468665217146],[-84.4763805768785,39.1468325220386],[-84.4747515770298,39.1467155215677],[-84.4743095764647,39.1466875216503],[-84.4744015770924,39.1458715211092],[-84.4744175763398,39.1457315214568],[-84.4786635779518,39.1453605211023],[-84.4803985779784,39.1447555202982],[-84.4824175787434,39.1440505202393],[-84.4837365794438,39.1424605201225],[-84.483831579581,39.1423225197267],[-84.4837605791328,39.1420235199607],[-84.4836805791185,39.1417825205594],[-84.4835995793156,39.1415895202618],[-84.4835315791536,39.1414355198307],[-84.4834235783705,39.1412315203896],[-84.4838355787588,39.140784519881],[-84.484231578916,39.140364519529],[-84.4845595791811,39.1399845193812],[-84.4848035785567,39.1397795191581],[-84.485181579423,39.1394385195636],[-84.4854575790907,39.1392145188119],[-84.4856845796792,39.1390395189264],[-84.4860315792172,39.1387955197432],[-84.4863665790193,39.1385695193518],[-84.4867505800841,39.1383565187997],[-84.4873415795441,39.1380455190374],[-84.4879625795976,39.137747519749],[-84.488398580329,39.1375405191814],[-84.4888155805375,39.1373635189543],[-84.4895535805309,39.1370465193903],[-84.4902005813447,39.1367375186834],[-84.4910065802275,39.1363365184257],[-84.4914755802677,39.1360625185007],[-84.4918425812669,39.1357935191856],[-84.4923405808101,39.1353805183993],[-84.4927125813238,39.13503951781],[-84.4930715813996,39.1346825183468],[-84.4934005814392,39.1341495176862],[-84.4936865819634,39.1336865180873],[-84.4939005818855,39.1333085180102],[-84.4941565816917,39.1327145179021],[-84.4954265825058,39.1299185175794],[-84.4955425825885,39.1296525178514],[-84.4964385815262,39.1279735170188],[-84.4965825810893,39.1277445164502],[-84.4967105824828,39.1275195170044],[-84.496847581682,39.1272395161139],[-84.4969815816724,39.1269435167524],[-84.4971065815897,39.1266235167012],[-84.4971895815352,39.1263825158084],[-84.4974555820217,39.1263995162582],[-84.4975945812277,39.1264095162437],[-84.4979735824273,39.1264365165041],[-84.4983795821112,39.1264615165171],[-84.4992095834242,39.1265065164677],[-84.4996755833568,39.1265435167081],[-84.5000515828213,39.1265665163817],[-84.501836583897,39.1266915158264],[-84.5019185836871,39.1270415168463],[-84.5019195835246,39.1271175164288],[-84.5018845825005,39.127477516716],[-84.5017815837943,39.1283955162051],[-84.5017135838132,39.1289825167012],[-84.501498583529,39.1309555170381],[-84.5013185841613,39.1326205174516],[-84.5012635833267,39.1330945178682],[-84.5010245846721,39.1351805179849],[-84.5009475841238,39.1358905185257],[-84.5009225835897,39.1361315173844],[-84.5008715831456,39.1366245185044],[-84.5006705845209,39.1385375183354],[-84.5006565837238,39.1386485184028],[-84.5005295835417,39.1397445186514],[-84.5004075843559,39.1408975193857],[-84.5002935844285,39.1418995196874],[-84.5005805834033,39.141909519231],[-84.5030605848144,39.1420595183965],[-84.5032245855065,39.1420685188683],[-84.5057615865138,39.1422165186828],[-84.5073465862063,39.1423055189579],[-84.5085075870045,39.1423805192345],[-84.5093315867609,39.1424145191191],[-84.5101355863892,39.1432265195402],[-84.5104505867192,39.1435455190434],[-84.5115925876626,39.1447175189736],[-84.5116525878749,39.1447905188967],[-84.5117325883826,39.1448495194068],[-84.5117945872012,39.1448815194108],[-84.5118985875507,39.1449135194787],[-84.5124945881297,39.1450075190916],[-84.5132515881635,39.1451575193335],[-84.5133255888458,39.1452235194153],[-84.5133835889451,39.1452985192502],[-84.5134245884216,39.1453795195903],[-84.5134655886467,39.1455145193434],[-84.5134765877388,39.1456245194079],[-84.5134695877153,39.1457355195301],[-84.5134315884172,39.1459315193304],[-84.513387588087,39.146071519988],[-84.5133405885914,39.1461665195647],[-84.51313858787,39.1465515191025],[-84.5129885883586,39.1468395191305],[-84.5126025886501,39.1475455193632],[-84.5124855886434,39.1477655202153],[-84.5121075875623,39.1485015199566],[-84.5119905883471,39.1486825202011],[-84.5118765876935,39.1488305195585],[-84.5118235878868,39.1489145200968],[-84.511526587771,39.1493415198908],[-84.5114135876704,39.1494515195389],[-84.5112015876601,39.1496915198937],[-84.5105385878674,39.1503685202336],[-84.509981587567,39.1508975201347],[-84.5091225869227,39.1517315206174],[-84.5090065870557,39.1517945209022],[-84.5081775876765,39.1522505213931],[-84.5080375868929,39.1523285212324],[-84.5079755867576,39.1523755201531],[-84.5074585876363,39.1529155215307],[-84.5071725866967,39.1532445216022],[-84.5070375870923,39.1534345210747],[-84.5066005877706,39.1541535214152],[-84.5062095866399,39.1549815220153],[-84.5061875871571,39.1550405214723],[-84.5060275862104,39.1553675213247],[-84.5058175870311,39.1556835219946],[-84.5055715867654,39.1560915222618],[-84.5053505873798,39.1564435216394],[-84.5052075868832,39.1567935221703],[-84.505156586866,39.1568975226427],[-84.505130587021,39.1569775218206],[-84.5051155864259,39.1570595220914],[-84.5051105867263,39.1571425216643],[-84.5051135868249,39.1571985215859],[-84.505074587285,39.158062521853],[-84.5049565867015,39.1589205220504],[-84.5045055868447,39.1603465225415],[-84.5045054091373,39.1603465409306],[-84.5045055465958,39.160346247524],[-84.5042346986591,39.1603735057956],[-84.504234586888,39.1603735230448],[-84.5040984726194,39.1604019113717],[-84.5037654650877,39.1604713402171],[-84.5032365861969,39.1605815226077],[-84.5031820251371,39.1605980509887],[-84.5031819264495,39.1605980806251],[-84.5029624608788,39.1606641915556],[-84.5025466819224,39.1607689699517],[-84.5023416469424,39.160820639385],[-84.5021317281015,39.160874316452],[-84.5016635860232,39.1609925234698],[-84.5015574320702,39.1610108588207],[-84.5015538023132,39.1610113773862],[-84.5015506426343,39.1610117400704],[-84.5014064840932,39.1610223823387],[-84.5014046342023,39.1610224485035],[-84.5014017310702,39.1610224724767],[-84.5012925816915,39.1610205222953],[-84.5011515341789,39.1610052737326],[-84.5011443927037,39.1610041968038],[-84.5002815674282,39.1609431830584],[-84.4997235856755,39.1609035228737],[-84.4994905856012,39.1608865231883]]]},"properties":{"OBJECTID":33,"SNA_NAME":"Avondale","SNA_NUMBER":1,"ACRES":1394.99898215,"SQMI":79.733,"app_id":"CIN-SNA-033","canonical_slug":"avondale","display_name":"Avondale"}},{"type":"Feature","id":34,"geometry":{"type":"Polygon","coordinates":[[[-84.4564375747362,39.182295528647],[-84.456337574472,39.1820605285951],[-84.4561865744656,39.181517529181],[-84.4561135749218,39.1812705289724],[-84.4560925749099,39.1812115289957],[-84.4560935741507,39.1811715288876],[-84.45600457433,39.180910528207],[-84.4558945738783,39.1806485291361],[-84.4557655736844,39.1803915283505],[-84.4556185742813,39.1801405288669],[-84.4552985732784,39.1796705282777],[-84.4549405738598,39.178902528109],[-84.4548975730918,39.1787385290937],[-84.4548735738365,39.178572528553],[-84.4548695727816,39.1784055287429],[-84.4548835740688,39.1782395284034],[-84.4548975737115,39.1781565283105],[-84.4549995737656,39.1779505284608],[-84.4578485750097,39.1781175275331],[-84.4583684403021,39.1781478395704],[-84.45839510491,39.1781496175944],[-84.4584303159567,39.178151964921],[-84.4584551736126,39.1781536220688],[-84.4584587805552,39.1781538630094],[-84.4584597860821,39.1781539298266],[-84.4584605236949,39.1781539786418],[-84.4584743842957,39.1781549033245],[-84.4584911976875,39.178156024127],[-84.4585076318345,39.1781571197949],[-84.4585246771965,39.1781582564983],[-84.458535551327,39.1781589811166],[-84.458545846742,39.1781596677515],[-84.4585477870634,39.1781597971724],[-84.4585483495549,39.1781598345277],[-84.4585489445452,39.1781598749383],[-84.458558051162,39.178160481632],[-84.4585627610535,39.1781607958499],[-84.4585675683661,39.1781611165317],[-84.4585713144609,39.1781613659315],[-84.4585732756601,39.1781614968016],[-84.4585736746261,39.1781615234026],[-84.4585738358374,39.1781615341958],[-84.4585757738447,39.1781616636554],[-84.4585812549801,39.1781620288222],[-84.4585912662324,39.1781626959237],[-84.4585991713236,39.1781632228894],[-84.458608211862,39.1781638261898],[-84.4586130585911,39.1781641489073],[-84.4586147913176,39.1781642647131],[-84.4586359944975,39.178165678085],[-84.458741437479,39.1781727068072],[-84.4587418635567,39.178169677619],[-84.458741872163,39.1781696126008],[-84.4587575743206,39.1781705286784],[-84.4587655747075,39.1780825278168],[-84.4587975748065,39.177778528484],[-84.4588085740011,39.1776725279179],[-84.4588217829204,39.1775263229266],[-84.4588218139287,39.1775259818205],[-84.4588243123124,39.1774987894411],[-84.458829047923,39.1774472454773],[-84.4588299518854,39.1774373983709],[-84.4588300122653,39.1774367405137],[-84.458833274238,39.1774012270088],[-84.4588415832885,39.1773107674638],[-84.4588439547312,39.1772849602799],[-84.4588440745092,39.177283650889],[-84.4588519850115,39.1771975409492],[-84.4588520390991,39.177196948071],[-84.4588582255619,39.1771295965777],[-84.4588592574978,39.1771183606522],[-84.4588601927608,39.1771081832462],[-84.4588619646003,39.1770888977997],[-84.45886439067,39.177062476103],[-84.4588651029889,39.1770547243817],[-84.4588652556612,39.1770530585356],[-84.4588717194293,39.1769826992844],[-84.4588739040756,39.1769589126188],[-84.4588739237569,39.1769587050537],[-84.4588905741749,39.1767815282015],[-84.4589565425805,39.1761992938538],[-84.4589576452118,39.1761895983634],[-84.4589589102837,39.1761784630155],[-84.4589706474769,39.1760754503135],[-84.4589764605797,39.1760180919246],[-84.4589913388149,39.1758712901454],[-84.4589914705348,39.1758699940675],[-84.45903757438,39.1754165280422],[-84.4590996887107,39.1748574929654],[-84.4591124455811,39.1747429471683],[-84.4591195938623,39.1746787635669],[-84.4591476552982,39.1744086923382],[-84.4592065744829,39.1738425273102],[-84.4593065749376,39.1728655274298],[-84.4593595737825,39.172318526717],[-84.4593801504383,39.1721329183407],[-84.4593945502048,39.1720038474182],[-84.4594077674172,39.1718853806625],[-84.4594366021786,39.1716115731969],[-84.4595008685805,39.1710013038697],[-84.4595272876559,39.1707466197015],[-84.4595540140454,39.1704889741025],[-84.459561278503,39.1704189408953],[-84.4595613149377,39.1704185870828],[-84.4596395748159,39.1696675267543],[-84.4597361801244,39.1687840497985],[-84.4597523079237,39.1686370923896],[-84.4597558383457,39.1686049278443],[-84.4597829712228,39.1683576846393],[-84.4598071282852,39.1681375536268],[-84.4598174734303,39.168043280628],[-84.4598258962724,39.1679665332766],[-84.4617855755326,39.1680075259273],[-84.4618445750553,39.1680085263958],[-84.4623405751207,39.1680195260597],[-84.4623685299571,39.168019352209],[-84.4624138699307,39.1680202987842],[-84.4624150991549,39.1680202987088],[-84.4630586118966,39.168033350286],[-84.4633368846038,39.1680386475348],[-84.4646183203539,39.1680630358723],[-84.4656898905784,39.1680834184545],[-84.4657887143198,39.1680852980053],[-84.4658783766317,39.168087132734],[-84.465962844733,39.1680888608206],[-84.4659668808217,39.168088943776],[-84.4659816226382,39.1680892453099],[-84.4659823617347,39.1680801649736],[-84.465984853962,39.1680495945614],[-84.4660455751703,39.1680505258679],[-84.466052576545,39.1674455256203],[-84.4660535763558,39.167355525267],[-84.4662405751641,39.1673175255448],[-84.4664545758882,39.167290525898],[-84.4667105756786,39.1672745250514],[-84.4669215758277,39.1672745256668],[-84.4682415767628,39.1673465258313],[-84.4684225759208,39.1673715260408],[-84.4685625765114,39.1674045254887],[-84.470156576585,39.1679105257035],[-84.4714945782401,39.1681725255517],[-84.4716715773476,39.1682025254039],[-84.4718515783934,39.1682175252018],[-84.4720325777049,39.1682175256607],[-84.4732285783764,39.1682445258318],[-84.4749715790877,39.1682855259237],[-84.4753575791121,39.168294525467],[-84.4758175784473,39.1683025253142],[-84.4759785791941,39.1683055255149],[-84.4761615788712,39.1683085254841],[-84.478609579956,39.1683515250133],[-84.4805395805276,39.1685525254774],[-84.4806515804258,39.1685785254876],[-84.4825365814229,39.168778525129],[-84.4823605815462,39.1717465257895],[-84.4822965810212,39.1721575258159],[-84.4825415803315,39.1722265262044],[-84.4827635815502,39.1722755255988],[-84.4831035821922,39.1723655253128],[-84.4847785823394,39.1727235258949],[-84.4853399840565,39.1728066785742],[-84.4853732317995,39.1728124778715],[-84.4855999066947,39.1728520186093],[-84.4858330438691,39.172892685366],[-84.4860639641003,39.1729329652396],[-84.4860728609242,39.1729345176257],[-84.4862771908302,39.1729549173026],[-84.4865163561159,39.1729787935097],[-84.4867527529974,39.1730023931806],[-84.4869752398347,39.1730246043254],[-84.4871832454509,39.173045369233],[-84.4872261891929,39.173049655764],[-84.4873416643324,39.173056816305],[-84.4873487702772,39.1730572567873],[-84.4873525203715,39.1730574889682],[-84.4873582104701,39.1730578419828],[-84.4874165133451,39.1730614571163],[-84.4874585739049,39.1730640656808],[-84.4881395827944,39.1731395258203],[-84.4896745841809,39.1732085259674],[-84.4902805844666,39.1732185262972],[-84.4911754347962,39.173178597969],[-84.4911745902304,39.17317914497],[-84.491172286163,39.1731806378681],[-84.491147948625,39.1731964108383],[-84.4910433473828,39.17326419981],[-84.4909986085375,39.1732931949126],[-84.4910004939471,39.1732931859752],[-84.4911412093187,39.1732925409486],[-84.4911515993696,39.1732924932334],[-84.4911971642069,39.1732922840719],[-84.4912771017515,39.1732919172816],[-84.491309252236,39.1732917698802],[-84.4914288310189,39.1732912215776],[-84.4914274423245,39.1732924194486],[-84.4912889263515,39.1734119435932],[-84.4912864752203,39.1734136390444],[-84.4908696639981,39.173701976933],[-84.4908058263038,39.173746137753],[-84.4906853317589,39.1738771047165],[-84.4905712165145,39.1740011377478],[-84.4904396629165,39.1741441237067],[-84.4903859857185,39.1742024658597],[-84.4902035658632,39.1744007369198],[-84.4901740599305,39.1744328067837],[-84.4898857103523,39.1748081465885],[-84.4896153682241,39.1751600439711],[-84.4896160528425,39.1751603881302],[-84.4896375967291,39.1751712227531],[-84.489686361102,39.1751957454495],[-84.4897277250111,39.1752165468225],[-84.4898274874808,39.1752667161165],[-84.4898268260315,39.1752675582029],[-84.4897536398429,39.1753607770619],[-84.489440370319,39.1757597884757],[-84.486430582634,39.1789735269671],[-84.4862905825666,39.1792785275103],[-84.4861475828262,39.1795665265554],[-84.4863255823975,39.1799445271503],[-84.4858735825625,39.1805545277809],[-84.4857445827086,39.1808175274885],[-84.4843695824951,39.1833795280322],[-84.4843335821022,39.1836975279057],[-84.4841165826529,39.183675527253],[-84.4841025822184,39.1837445278],[-84.4839465824024,39.1837305279158],[-84.4838915822737,39.1837255281156],[-84.4833405817342,39.1847915276862],[-84.483014582079,39.1855325282579],[-84.4827765825804,39.1860685283212],[-84.482675582261,39.1863225291264],[-84.4824935823621,39.1863075290238],[-84.4820575824625,39.1862725284961],[-84.4767845810289,39.1857395288048],[-84.4768065802712,39.1855155283417],[-84.4768315808262,39.1852665285197],[-84.4768955801493,39.1847235287608],[-84.4769415813292,39.1842825278024],[-84.4679175776864,39.1840275282825],[-84.4678895781948,39.1855225289522],[-84.4650115771065,39.185377528912],[-84.4650115771722,39.185999529273],[-84.4649955766,39.1861645296708],[-84.4649565769509,39.1863555290874],[-84.464896576939,39.186543528801],[-84.4648645775715,39.1866225291165],[-84.4640485777588,39.1883585292336],[-84.4638235771303,39.1887205299695],[-84.4635635772782,39.1891275298446],[-84.4633915766603,39.1894165300413],[-84.4632165769371,39.1892945293081],[-84.4628715766248,39.1890205298127],[-84.4625435767434,39.1887305299069],[-84.4616155757207,39.1878925297933],[-84.4610225766158,39.187344529875],[-84.4610045759458,39.1873205302689],[-84.4603245766194,39.1866925298523],[-84.4587445757801,39.1852525301248],[-84.4583465744615,39.1849225299359],[-84.4580745752269,39.1847155296376],[-84.4578445746935,39.1845415294493],[-84.45734957428,39.1841605295047],[-84.4571875746324,39.1840115289237],[-84.4570425749684,39.183851529219],[-84.4569175738188,39.1836825287692],[-84.4568115744018,39.1835055292555],[-84.4567525750539,39.1833805298039],[-84.4567375748302,39.1833485293382],[-84.4564375747362,39.182295528647]]]},"properties":{"OBJECTID":34,"SNA_NAME":"Bond Hill","SNA_NUMBER":2,"ACRES":1149.11248709,"SQMI":79.733,"app_id":"CIN-SNA-034","canonical_slug":"bond-hill","display_name":"Bond Hill"}},{"type":"Feature","id":35,"geometry":{"type":"MultiPolygon","coordinates":[[[[-84.419964563881,39.1935005334732],[-84.4199855645699,39.1933235328159],[-84.4200185633469,39.1930525329898],[-84.4201025644566,39.1922005320934],[-84.4201695646991,39.1914765321475],[-84.4201485644815,39.1914245323822],[-84.4201305648483,39.1914015321636],[-84.4200505645575,39.1913425322441],[-84.4199845640145,39.1912755330548],[-84.4203645642885,39.1874255316481],[-84.4204385638878,39.1869545311509],[-84.4204875637157,39.1867045315047],[-84.4205025638032,39.1865635312511],[-84.4205025639692,39.1864225315315],[-84.4204835637418,39.1862545315493],[-84.4204425636013,39.1860875318571],[-84.4203305632356,39.1859265314071],[-84.4185015628855,39.1832515306569],[-84.4186845627534,39.181699530823],[-84.4177395625292,39.1815165301592],[-84.4180655631185,39.1802725300628],[-84.4179745625943,39.1802175310148],[-84.4178975623909,39.1801515298384],[-84.4178355623169,39.1800755299664],[-84.4177315633994,39.1799185304726],[-84.417633562602,39.1797945300717],[-84.4174615624803,39.1796115306818],[-84.4173505619111,39.1795255302873],[-84.4172635622177,39.1794665298944],[-84.4172295624974,39.1794685298398],[-84.417093562096,39.1794495300997],[-84.4169725631655,39.1794475301885],[-84.4167865620332,39.1794585308357],[-84.4166025627143,39.1794825302104],[-84.4163105624887,39.1795425299721],[-84.415395561872,39.179741530292],[-84.4148535610919,39.1798525305026],[-84.4145735621751,39.1798985306861],[-84.4146595608974,39.1789445303092],[-84.4151135614921,39.1789665301126],[-84.4151495611922,39.1789715309889],[-84.4152215613082,39.1789735308944],[-84.415293562473,39.1789625301749],[-84.4153595618344,39.178939529851],[-84.415418560973,39.1789055303132],[-84.415464562258,39.1788625299221],[-84.415498561415,39.1788125304963],[-84.4155165612453,39.178757530703],[-84.4155545611967,39.1783155300221],[-84.4156115611116,39.1777595306345],[-84.4156735618226,39.1770575303066],[-84.4156895613697,39.1769435298075],[-84.4157225614492,39.1768315298732],[-84.4157735617182,39.1767245296335],[-84.4158395616502,39.1766225299679],[-84.4161255614875,39.1763385301827],[-84.4161905617863,39.1762495293613],[-84.4162645618253,39.1760935299159],[-84.4163035623547,39.175959529978],[-84.4163695623829,39.1753135296386],[-84.4164092010534,39.1749208906985],[-84.4165115981274,39.1749277692114],[-84.4165143272574,39.1749279664886],[-84.4165180886858,39.1749282395128],[-84.4165262830919,39.174928833931],[-84.4165474887972,39.1749303720539],[-84.4165642812195,39.1749315893559],[-84.4165679023022,39.1749318520833],[-84.4165809251971,39.1749327964942],[-84.4166259195879,39.1749360588908],[-84.4166602920117,39.174938551635],[-84.4166678972174,39.174939103521],[-84.4169107311354,39.1749567120471],[-84.4169857531785,39.1749621522379],[-84.4169856325827,39.174963332743],[-84.4169845268973,39.1749741882819],[-84.4169843305839,39.174976115168],[-84.4169710021096,39.1751069322394],[-84.4169686939516,39.1751295936721],[-84.4169667252172,39.1751489121797],[-84.4169614702445,39.1752004850457],[-84.416957584074,39.1752386265617],[-84.4169472478462,39.1753400791381],[-84.4169409911666,39.1754014831825],[-84.4169330252932,39.1754796696242],[-84.4169192170681,39.1756151852296],[-84.4169193701678,39.1756151962145],[-84.4169766202259,39.1756193479599],[-84.41708506001,39.1756272109264],[-84.4173009363905,39.1756428648402],[-84.4175488241612,39.1756608390369],[-84.4177924599463,39.175678503684],[-84.4179657507314,39.1756910681257],[-84.4180006559632,39.1756935994227],[-84.4180836993856,39.1756996198756],[-84.4182412658664,39.1757110437649],[-84.4184082146148,39.1757231474998],[-84.4186220780421,39.1757386529569],[-84.4186621029846,39.1757415543788],[-84.4188336009189,39.1757539877071],[-84.4188656993003,39.1757563146982],[-84.4190424005035,39.1757691247582],[-84.4190762085565,39.1757715756755],[-84.4191476267492,39.1757767533518],[-84.4193378092903,39.1757905400481],[-84.419431221087,39.1757973115046],[-84.4195710233214,39.1758074453876],[-84.4196864450128,39.1758158129828],[-84.4197991537564,39.175823982995],[-84.4200248531763,39.1758403432537],[-84.4200433972901,39.1758416869349],[-84.4203068821848,39.1758607855291],[-84.4204013311129,39.1758676318409],[-84.4204715606122,39.1758727220669],[-84.4208770637224,39.1759021126335],[-84.4208769513144,39.175903293909],[-84.4208764068024,39.1759090369146],[-84.4208658546807,39.1760202594804],[-84.4208474911397,39.1762138090761],[-84.4208444304166,39.1762460769542],[-84.4208392648353,39.1763005227572],[-84.4208263238525,39.176436920174],[-84.4208084230787,39.1766255975686],[-84.4208048653847,39.1766631049009],[-84.4207941943478,39.1767755755045],[-84.4207943392773,39.1767755839167],[-84.4208266863954,39.1767774197128],[-84.4209560968937,39.1767847633438],[-84.4210052853875,39.1767875545616],[-84.4210107310647,39.1767878635205],[-84.4210556031391,39.176790409949],[-84.4213549671521,39.1768073965215],[-84.4213831822176,39.1768089978689],[-84.4220981507319,39.1768495650632],[-84.4224493797543,39.1768694916222],[-84.4224515501572,39.176869615129],[-84.4224531555626,39.1768616957261],[-84.4224548538438,39.1768533206778],[-84.4224717524566,39.1767636582984],[-84.4224949082242,39.1766407947247],[-84.4225605411221,39.1762925563232],[-84.4225753823869,39.1762138085448],[-84.4225777184061,39.1762014116527],[-84.4226168158177,39.1759939606302],[-84.4226201771177,39.1759771516441],[-84.4226239147816,39.1759603904798],[-84.4226280266427,39.1759436825792],[-84.4226325128486,39.1759270333459],[-84.4226373723653,39.1759104473019],[-84.4226426018691,39.1758939299084],[-84.4226482026648,39.1758774865496],[-84.4226541702223,39.1758611209046],[-84.4226605035569,39.1758448392968],[-84.4226649997133,39.1758339698391],[-84.4226672016345,39.1758286462482],[-84.4226742611315,39.1758125472198],[-84.4226816809893,39.1757965458332],[-84.4226894578842,39.1757806475494],[-84.422697590807,39.1757648577911],[-84.4227060763847,39.175749180218],[-84.4227149113184,39.175733621192],[-84.422724094525,39.1757181834338],[-84.4227303916018,39.1757080661926],[-84.4227336227301,39.1757028742057],[-84.4227434925117,39.1756876953662],[-84.4227537017527,39.1756726541586],[-84.4227641722928,39.1756578554937],[-84.4227642458985,39.1756577533611],[-84.4227751227582,39.1756429975151],[-84.4227863278513,39.1756283921006],[-84.4227978601438,39.1756139416399],[-84.4228097139242,39.1755996489304],[-84.4228218870508,39.1755855203147],[-84.4228343738368,39.1755715594909],[-84.422847173199,39.1755577691798],[-84.4228602795244,39.1755441557814],[-84.4228736882589,39.1755307220742],[-84.4228823933664,39.1755223083484],[-84.4228873972114,39.1755174725994],[-84.4228988880627,39.1755067547747],[-84.4229013995627,39.1755044119749],[-84.4229132607411,39.1754937330598],[-84.4229156942297,39.1754915429217],[-84.4229302743932,39.1754788700576],[-84.4229451366807,39.1754663970425],[-84.4229703991486,39.1754461597466],[-84.4230762552633,39.1753637775131],[-84.4233852976091,39.1751232642195],[-84.4234317125585,39.1750871418498],[-84.4237513850503,39.17483835213],[-84.4237929814421,39.1748059784153],[-84.4238325512932,39.1747751835198],[-84.4239182306275,39.1747085017596],[-84.4240184015934,39.1746305413465],[-84.4241354102585,39.1745394766309],[-84.4241937727826,39.1744940537987],[-84.4242249188114,39.1744698145596],[-84.4242562733233,39.1744454114743],[-84.4242927054771,39.1744170570304],[-84.4243009657261,39.1744106282775],[-84.4243191622917,39.1743967113132],[-84.4243197552864,39.1743962581811],[-84.4243388632571,39.1743821449913],[-84.4243582851582,39.1743682941884],[-84.4243780153029,39.1743547094705],[-84.4243980468234,39.1743413936545],[-84.4244045457926,39.1743372250027],[-84.42441837295,39.1743283531596],[-84.424438989104,39.1743155898636],[-84.4244598884913,39.174303109285],[-84.4244810642438,39.1742909142408],[-84.4245025106998,39.1742790093297],[-84.4245127303826,39.1742735427599],[-84.4245242198095,39.1742673964872],[-84.424546187093,39.1742560811933],[-84.4245684045004,39.1742450653837],[-84.4245908651885,39.1742343527757],[-84.4246135623386,39.1742239479874],[-84.4246364890333,39.1742138520343],[-84.4246596396111,39.1742040695153],[-84.4246830060469,39.1741946032666],[-84.4246954838409,39.1741897614492],[-84.4247065803158,39.1741854561241],[-84.4247149843707,39.1741823361469],[-84.4247303566822,39.1741766299848],[-84.4247543271458,39.1741681285855],[-84.424778483657,39.1741599538616],[-84.4248028216373,39.1741521076911],[-84.4248273307971,39.1741445947495],[-84.4248520041945,39.1741374151519],[-84.424875009395,39.174131075038],[-84.4248768349617,39.1741305717153],[-84.4249018162307,39.1741240672565],[-84.4249269387703,39.1741179028296],[-84.4249521956881,39.174112080351],[-84.4249775800916,39.1741066017371],[-84.4250030827741,39.1741014689423],[-84.4250120438387,39.174099794822],[-84.4250165238047,39.1740989582215],[-84.4250286968433,39.1740966838833],[-84.4250544142003,39.1740922466941],[-84.4250802279774,39.1740881601919],[-84.4251061277616,39.1740844245494],[-84.4251321089745,39.1740810416445],[-84.4251696661995,39.1740767890453],[-84.4255471424558,39.1740378140693],[-84.42562831651,39.1740294323401],[-84.4258703783988,39.1740044380976],[-84.4258709532155,39.1740043780972],[-84.4259478344083,39.1739964395352],[-84.4261603983261,39.1739744906239],[-84.4264627480859,39.1739432699477],[-84.4265551000036,39.1739337333351],[-84.4266483903347,39.1739240999708],[-84.4266508351094,39.173923847626],[-84.4266763089805,39.1739212170305],[-84.4267227919411,39.1739164165182],[-84.4267335730447,39.1739156869189],[-84.4268189861795,39.1739175783781],[-84.4268191053614,39.1739112017857],[-84.4268191351401,39.1739096281357],[-84.4268192037138,39.173905965311],[-84.426819523103,39.1738889057769],[-84.4268200623473,39.1738603178316],[-84.4268209293542,39.173835029329],[-84.4268210424413,39.1738317234639],[-84.4268222029262,39.1738083573364],[-84.42682246336,39.1738031217732],[-84.4268243251028,39.1737745127594],[-84.4268261868193,39.1737459028449],[-84.4268268038368,39.1737394873483],[-84.4268289325545,39.1737173647416],[-84.4268316782876,39.1736888266381],[-84.4268348671887,39.1736603667679],[-84.4268384969115,39.1736318995747],[-84.4268425674803,39.1736034259588],[-84.4268434810657,39.1735970613975],[-84.4268466403669,39.1735750369986],[-84.4268515948978,39.1735466333921],[-84.4268739036282,39.1733986826204],[-84.4268858067182,39.1733197406151],[-84.426898453102,39.173235865869],[-84.4269203443861,39.1730906817945],[-84.4269549611251,39.1728610954535],[-84.4269665073505,39.1727892818091],[-84.426971161992,39.1727603299582],[-84.4269931612234,39.17262977369],[-84.4269981415332,39.1726023147988],[-84.4269985927737,39.1725995637404],[-84.42700267628,39.1725746903165],[-84.427006329413,39.1725470813819],[-84.4270095393551,39.1725193933136],[-84.427011867685,39.172491720793],[-84.4270133120085,39.1724639764624],[-84.4270143131679,39.1724361538989],[-84.4270144326934,39.1724083459826],[-84.4270141204945,39.1723812146858],[-84.4270141137482,39.1723806309463],[-84.4270129108248,39.1723528450008],[-84.4270111219903,39.1723290196985],[-84.4270108262701,39.1723250737024],[-84.4270078624312,39.1722974026078],[-84.4270044577788,39.1722697388367],[-84.4270006146842,39.1722421688461],[-84.4269954491217,39.1722146199254],[-84.426990285934,39.1721871574616],[-84.426983802651,39.1721598025247],[-84.4269811943903,39.1721495311462],[-84.4269768809041,39.1721325404673],[-84.4269690822496,39.1721054650702],[-84.4269608427619,39.1720783960953],[-84.4269517263931,39.1720515146809],[-84.4269426829273,39.1720272918229],[-84.4269336418136,39.1720031545208],[-84.4269237214241,39.171979117421],[-84.4269129241302,39.1719552669806],[-84.4269016883759,39.1719315094189],[-84.4268926884653,39.171913391047],[-84.4268900188779,39.1719080167494],[-84.4268785123343,39.1718857809775],[-84.4268779109448,39.1718846178591],[-84.4268825669811,39.1718843828333],[-84.4269311283142,39.1718819344498],[-84.4270197283585,39.1718774666378],[-84.4270435446639,39.1718788315158],[-84.4270628569256,39.1718799378488],[-84.4270735750084,39.1718805517578],[-84.4270997239221,39.1718820508622],[-84.4271019915886,39.1718821807726],[-84.4272170583086,39.1718887735055],[-84.4272459072927,39.1718904259347],[-84.4272861073904,39.1718927294809],[-84.4273163255743,39.1718944609552],[-84.4274498849612,39.1719021129972],[-84.4275841979773,39.1719098091248],[-84.4277005110725,39.1719164725689],[-84.4277273266167,39.1719180091072],[-84.4278036494649,39.1719223817849],[-84.4280348289204,39.1719356258481],[-84.4281529808447,39.1719423952264],[-84.4284739148156,39.1719606290605],[-84.4287384337856,39.1719756573126],[-84.4294662377526,39.1720170037938],[-84.4297743050321,39.1720345038249],[-84.4299733404922,39.1720458335051],[-84.4302191666946,39.1720598251259],[-84.4306962141306,39.1720869768213],[-84.4306966130187,39.172083041794],[-84.430697222216,39.1720770291495],[-84.4306974442261,39.1720748297016],[-84.4307043753384,39.1720064009303],[-84.4307049298859,39.1720009270961],[-84.4307113064371,39.171937972158],[-84.4307120911294,39.1719302158478],[-84.4307182363653,39.1718695434041],[-84.4307251674371,39.17180111463],[-84.4307320973383,39.1717326858743],[-84.4307390283831,39.1716642570984],[-84.4307459594143,39.1715958283216],[-84.4307528892751,39.171527399563],[-84.4307598202794,39.1714589707844],[-84.4307667501132,39.1713905420241],[-84.4307736810904,39.1713221132435],[-84.4307806120542,39.1712536844621],[-84.4307946312436,39.1711152637348],[-84.430797245352,39.1710894541375],[-84.4307996817503,39.1710653918468],[-84.4308065082724,39.1709964917714],[-84.4308081467421,39.1709799562559],[-84.4308149295895,39.1709114893892],[-84.430821712399,39.170843021621],[-84.4308284963522,39.1707745538326],[-84.43083527916,39.1707060869632],[-84.4308420619298,39.1706376191922],[-84.4308488446865,39.1705691514204],[-84.4308556286116,39.170500684529],[-84.4308624113418,39.1704322167554],[-84.4308691940835,39.1703637498815],[-84.4308759779442,39.1702952820868],[-84.4308827606348,39.1702268143105],[-84.4308895433368,39.1701583474339],[-84.4308963271579,39.1700898796365],[-84.4309031098088,39.1700214118575],[-84.4309098924712,39.1699529449782],[-84.4309145592668,39.1699058383464],[-84.4309676697241,39.1693697391039],[-84.4309874448175,39.1691701270254],[-84.4310287064296,39.1687536263745],[-84.4310678326189,39.1683586727727],[-84.4310679421708,39.1683575627104],[-84.4309034907355,39.1682640569362],[-84.4307518969573,39.1681811327555],[-84.4305984668633,39.1681002806301],[-84.4304942332008,39.1680473939074],[-84.4304432485727,39.1680215249797],[-84.43028665274,39.1679450679961],[-84.4302862878657,39.1679448893624],[-84.430127634017,39.1678703981792],[-84.4299673339126,39.167798073168],[-84.4299177374206,39.1677765868378],[-84.4298054379334,39.1677279369097],[-84.4297846595566,39.1677193014066],[-84.4296419929392,39.167660010242],[-84.4294770515988,39.1675943148073],[-84.4290554831298,39.1674394885802],[-84.4290008904448,39.1674195608143],[-84.4289436055881,39.1673995913019],[-84.428885882725,39.1673804039118],[-84.4288277370174,39.1673620028961],[-84.4288091324209,39.1673564413443],[-84.4287559922012,39.1673405528486],[-84.4286775231315,39.1673173053455],[-84.4286001393256,39.1672938298089],[-84.4284485096396,39.1672539632788],[-84.4282977368901,39.1672144012618],[-84.4280586994111,39.1671512665425],[-84.4276013143577,39.1670304605645],[-84.4275642878681,39.1671139757175],[-84.427561299063,39.1671207171633],[-84.4273331525293,39.1670599732317],[-84.4268103667605,39.1669207820307],[-84.4265215350347,39.1668439535133],[-84.4265213881287,39.1668439145072],[-84.426530902745,39.1667482525344],[-84.426531017015,39.1667471009527],[-84.4256757165176,39.1665149107688],[-84.4256573632356,39.1665099283979],[-84.4255527674046,39.1665057399983],[-84.4248724927204,39.1664784963489],[-84.4248718380595,39.1664784702729],[-84.4247480600408,39.1664735119964],[-84.424621167478,39.1664684295766],[-84.4244649262682,39.1664621716569],[-84.4244645010441,39.1664621552866],[-84.4244644176238,39.1664621521658],[-84.4247105637737,39.1662925275816],[-84.4250515629552,39.1663585268347],[-84.4250775641935,39.1663415275618],[-84.4251565635418,39.1662985276256],[-84.4254895643965,39.1664005274034],[-84.4258125634957,39.1664725275452],[-84.4260055641279,39.166529527841],[-84.4270475644846,39.166811527039],[-84.4272125653071,39.1668555277499],[-84.4273955640047,39.1668975280345],[-84.4288865651927,39.1673295280482],[-84.4306305656434,39.1679455273083],[-84.4317395655841,39.1685955275168],[-84.432471566128,39.1691605274624],[-84.4328335657626,39.1694835278265],[-84.4331175663945,39.1697705272586],[-84.4339985676387,39.1708345277776],[-84.4341115669736,39.1707655274968],[-84.4353445668982,39.169976527787],[-84.4357251152033,39.1697919056706],[-84.4357094892685,39.1699228152648],[-84.435704350653,39.1699658709781],[-84.435685648416,39.1701225556729],[-84.435679227082,39.1701763628903],[-84.4356794009732,39.1701763726023],[-84.4356830480867,39.1701765775324],[-84.4357328811673,39.1701789579426],[-84.4357295668412,39.1702625276487],[-84.4360415675353,39.1702745284324],[-84.4360645675782,39.1701765275391],[-84.4361455663889,39.1700665274346],[-84.4362605670962,39.169957527393],[-84.4363705673449,39.1698475277023],[-84.4365315679135,39.1697085279973],[-84.4369711051447,39.1694384436864],[-84.437254115259,39.1693107672062],[-84.437568713644,39.1691688381638],[-84.4379289356227,39.1690063246607],[-84.4381616176653,39.1689013497784],[-84.4381614527579,39.1689026310647],[-84.4381529108672,39.1689687447266],[-84.4381531097903,39.1689686549056],[-84.4387862713674,39.1686829992381],[-84.4397029528329,39.1682694200259],[-84.4402814857691,39.1680083976456],[-84.4404467010529,39.1679338547235],[-84.4402815678091,39.1705645280308],[-84.4401495677833,39.1706445283158],[-84.4401505639721,39.1707141974491],[-84.4400743071747,39.1707516196694],[-84.4400752891012,39.1707523456758],[-84.4401784574449,39.1708286589917],[-84.4402225971395,39.1708608804163],[-84.4402681308177,39.1708941191702],[-84.4401925685194,39.1717805275504],[-84.4400715685589,39.1727295283744],[-84.4401045683676,39.172731528058],[-84.4401049319491,39.1727316580287],[-84.4401048718544,39.1727319131182],[-84.4401051606171,39.1727320164092],[-84.4401090315503,39.1727334049877],[-84.440113639002,39.172735056955],[-84.4401138494253,39.172735131823],[-84.4401423663386,39.1727453579018],[-84.4402717119374,39.1727917378922],[-84.4402985137964,39.172801348402],[-84.4405869922806,39.1729047892502],[-84.4410003977478,39.1730530237681],[-84.4410540895673,39.1730722763139],[-84.4414173047567,39.1732021145569],[-84.4417859201767,39.1733338822403],[-84.4418473886162,39.1733556405879],[-84.4419302143836,39.1733849593994],[-84.4423294864062,39.1735262917055],[-84.4426931678052,39.1736550243946],[-84.4427536404915,39.1736767944433],[-84.443119586303,39.173808534203],[-84.4432595152502,39.1738589070985],[-84.4434647089249,39.173932775746],[-84.4435519535768,39.1739621040753],[-84.4436595696085,39.1739985279058],[-84.4436775903753,39.1740068954379],[-84.443715558701,39.174024949719],[-84.4437712526308,39.1740629210794],[-84.4437721964823,39.1740635648009],[-84.4437713929683,39.1740641864471],[-84.4437609642166,39.1740722522474],[-84.4437507995437,39.1740801144982],[-84.4433281936493,39.1744021000436],[-84.4433104605667,39.1744152725588],[-84.4431344911128,39.1745254956019],[-84.4430759243918,39.1745621800893],[-84.4430637033642,39.1745699451776],[-84.4429475701325,39.1746425287328],[-84.4429483558577,39.1746432309722],[-84.4429379128397,39.1746498661321],[-84.4429387077333,39.1746505231676],[-84.442938742084,39.1746505514245],[-84.4430233824489,39.174720474581],[-84.4430645047303,39.174756968547],[-84.4430781089402,39.1747690421243],[-84.4431013004101,39.1747896236994],[-84.4431087196051,39.1747962083236],[-84.443258292634,39.1749289475837],[-84.4432985073135,39.1749646349554],[-84.4433042805934,39.1749697586762],[-84.4433087615597,39.1749737354395],[-84.4433187820197,39.1749826281026],[-84.4433337320435,39.1749958963664],[-84.443407015362,39.1750609314435],[-84.4434105434282,39.1750640628041],[-84.4434815757208,39.1751271001722],[-84.4435854157526,39.1752192525865],[-84.4437185879177,39.1753374354851],[-84.4437600415815,39.1753773880399],[-84.4437651436592,39.1753741463077],[-84.443765569799,39.1753745284024],[-84.4441695705644,39.1757465282255],[-84.444202569385,39.175720527935],[-84.4442054723334,39.1757228191978],[-84.4442209055796,39.1757363450499],[-84.444220118791,39.1757368186531],[-84.4441894337286,39.1757552783676],[-84.444190267142,39.1757559879088],[-84.4443576079816,39.1758984931661],[-84.4443963366164,39.1759314732231],[-84.4443962308947,39.1759325471958],[-84.4443946709265,39.1759484617358],[-84.4443939378022,39.1759559370815],[-84.4443857088907,39.1760398337062],[-84.4443728241661,39.1761712167553],[-84.444359729564,39.1763047224912],[-84.4443580955322,39.1763213915146],[-84.4443581470113,39.1763263480022],[-84.4443580182069,39.1763276755452],[-84.4443415935153,39.1764975099087],[-84.4443318860325,39.1765978837271],[-84.444330739434,39.1766097449052],[-84.4443262117604,39.1766565507183],[-84.4443247240377,39.1766719396575],[-84.4443239285113,39.1766799215139],[-84.4443237791591,39.1766814269],[-84.4443218231256,39.1767010602322],[-84.444321276818,39.1767065439187],[-84.4443210032351,39.1767092911752],[-84.4442994897123,39.1769252379528],[-84.4442867777064,39.1770528338425],[-84.4442643072012,39.177278382474],[-84.4442807176557,39.1772801454918],[-84.444285475693,39.1772806568012],[-84.4444045432309,39.1772869844938],[-84.4444223955358,39.1772879331377],[-84.4446534982593,39.1773002140661],[-84.4450717264113,39.1773224377405],[-84.4451089497673,39.1773244156724],[-84.4455918766918,39.1773532264371],[-84.4459485705102,39.1773845286664],[-84.4463565707389,39.1774185279084],[-84.4467835714199,39.1774665283784],[-84.4471105705174,39.1775045288683],[-84.4476525710228,39.1776055284635],[-84.4485555716097,39.1778025291773],[-84.4491865715128,39.1779755291732],[-84.4498328636911,39.1781854200732],[-84.4498383336707,39.1781876797625],[-84.4499573171678,39.1782360794611],[-84.4500675579025,39.1782838349305],[-84.4502133415567,39.1783505293352],[-84.450302688358,39.1783925630566],[-84.4505536619542,39.1785189390904],[-84.4505710054548,39.1785282332964],[-84.4507463456056,39.1786243237438],[-84.4507737388593,39.1783602446639],[-84.4516833271219,39.1784063679314],[-84.451718896271,39.1777003505348],[-84.4517845411159,39.1777050070606],[-84.4518799585306,39.17771144573],[-84.4520000726538,39.1777195518624],[-84.4521728820889,39.1777312139276],[-84.4523588473839,39.1777438139095],[-84.452386639796,39.1777456977656],[-84.452700466709,39.1777669607744],[-84.4527516114452,39.1777704967202],[-84.4527789282184,39.1777723848858],[-84.452814698016,39.1777748587546],[-84.4529491200096,39.1777841520361],[-84.452963702508,39.1777850661217],[-84.4549995737656,39.1779505284608],[-84.4548975737115,39.1781565283105],[-84.4548835740688,39.1782395284034],[-84.4548695727816,39.1784055287429],[-84.4548735738365,39.178572528553],[-84.4548975730918,39.1787385290937],[-84.4549405738598,39.178902528109],[-84.4552985732784,39.1796705282777],[-84.4556185742813,39.1801405288669],[-84.4557655736844,39.1803915283505],[-84.4558945738783,39.1806485291361],[-84.45600457433,39.180910528207],[-84.4560935741507,39.1811715288876],[-84.4560925749099,39.1812115289957],[-84.4561135749218,39.1812705289724],[-84.4561865744656,39.181517529181],[-84.456337574472,39.1820605285951],[-84.4564375747362,39.182295528647],[-84.4562725736946,39.1823115282332],[-84.4559545747968,39.1823725287728],[-84.4556315735955,39.1824225294292],[-84.4553065743402,39.1824595288375],[-84.4550795741169,39.1824675291791],[-84.4548915739709,39.1824625298181],[-84.4544925744205,39.1824375293297],[-84.4542195735323,39.1824205296158],[-84.4542705735401,39.18258452922],[-84.454380572889,39.1830305295658],[-84.4528913684219,39.1829732909816],[-84.4527723357684,39.1829621445305],[-84.4527275124973,39.1829593833106],[-84.4515565725146,39.1828525293613],[-84.4502495720545,39.1827505298347],[-84.4490745718308,39.1826565297644],[-84.447825571747,39.1826125293038],[-84.446632571712,39.1825375297865],[-84.445509571121,39.1824635299562],[-84.4454139121745,39.1824575224869],[-84.4454152276605,39.1824427743441],[-84.4454153326488,39.1824415904604],[-84.4449664882228,39.18241729946],[-84.4449656566306,39.1824293733994],[-84.4444585705199,39.1823975297762],[-84.4427097470407,39.1822974174986],[-84.4424219036394,39.182277094081],[-84.442369479399,39.1822733929573],[-84.4411300926104,39.1821858770368],[-84.4406167819589,39.1821496275129],[-84.4392241876021,39.182051271528],[-84.4391465266734,39.1820457860638],[-84.439144832387,39.1820637191996],[-84.4391444346025,39.1820679308494],[-84.4391387588061,39.1821280156824],[-84.4391363119125,39.1821539154893],[-84.4391320131182,39.1821994206322],[-84.4391309763082,39.182210387002],[-84.4391299129351,39.1822216493461],[-84.4391290007826,39.1822313017658],[-84.4391289384108,39.1822319362164],[-84.4391272446871,39.1822498900651],[-84.4391254759693,39.1822686083204],[-84.4391236133363,39.1822883282634],[-84.4391216725716,39.1823088667258],[-84.439119836897,39.1823283051038],[-84.4391181051336,39.1823465587223],[-84.4391166744145,39.1823617096462],[-84.4391165558151,39.1823630334061],[-84.439116361427,39.1823650927536],[-84.4391162215952,39.1823665700397],[-84.4391129618943,39.1824010664255],[-84.4391081981777,39.182451497935],[-84.4391026028533,39.1825107254608],[-84.4390970110049,39.1825699114813],[-84.4390913897338,39.1826294160484],[-84.439085470838,39.1826920637971],[-84.4390797616444,39.1827524942654],[-84.4390741580944,39.1828118030152],[-84.4390684005356,39.1828727469632],[-84.4390625585985,39.1829345771096],[-84.4390567877628,39.182995669944],[-84.4390509602194,39.1830573511819],[-84.439045372703,39.1831164875671],[-84.4390397341796,39.1831761672103],[-84.4390329176505,39.1832483265687],[-84.4390253312643,39.1833286258768],[-84.439018066444,39.1834055176062],[-84.4390179938125,39.1834062837752],[-84.4389656831847,39.1839599637182],[-84.4389112278055,39.1845363478671],[-84.4388877473166,39.184784869476],[-84.4388847706844,39.1848163742738],[-84.4388814374615,39.1848516548436],[-84.4388815824595,39.1848516650343],[-84.4389332811242,39.1848552744712],[-84.438937140351,39.1848555442429],[-84.4389369301553,39.1848577444107],[-84.4389365253857,39.1848613263709],[-84.438934730605,39.1848804469005],[-84.4389316563645,39.1849131967203],[-84.4389234427662,39.185000691113],[-84.4389037630966,39.1852103230019],[-84.4389021518458,39.1852274942879],[-84.4389008659645,39.1852411849529],[-84.4388853916414,39.18540602868],[-84.4388684367871,39.1856000843567],[-84.4388263916466,39.1860813110317],[-84.43881892558,39.1861770668522],[-84.4388071695276,39.186327853068],[-84.4387784249144,39.1866089348414],[-84.4387665265403,39.1867252824449],[-84.438749152755,39.1869427388],[-84.4387412802392,39.1870412683866],[-84.4387123064552,39.1873501076451],[-84.4387122867294,39.1873504836944],[-84.4386755256886,39.1877383415843],[-84.4385934299158,39.1878893273572],[-84.4385874790513,39.1879498834262],[-84.4385691425008,39.1881365053387],[-84.4385554329956,39.1882760255029],[-84.4385551364584,39.1882790416212],[-84.4385460868929,39.1883711396349],[-84.4385430477872,39.188402069707],[-84.4385357913553,39.1884678896386],[-84.4385293005354,39.1885267554234],[-84.4385256515711,39.1885629422445],[-84.4385208269263,39.1886107761968],[-84.4385169069619,39.1886496462372],[-84.4385160577853,39.1886580623103],[-84.4385123669536,39.1886946624907],[-84.4385121252168,39.1886970632068],[-84.4385118197161,39.1887000902867],[-84.4385114369189,39.1887038827115],[-84.4385061395368,39.188756404388],[-84.4385055286336,39.18876246215],[-84.4385054668609,39.1887630767675],[-84.4374705686786,39.1887075305582],[-84.4349405677742,39.1885765314309],[-84.4333381759853,39.1885203287702],[-84.4332816088532,39.1885176899252],[-84.4332679514279,39.1885170552503],[-84.4331078411824,39.1885095580643],[-84.4330917271107,39.1885088039238],[-84.4329874725574,39.1885039249277],[-84.4329332319176,39.1885013868063],[-84.4329096691598,39.1885005684331],[-84.4327554531889,39.1884930662629],[-84.4327342314714,39.1884921629023],[-84.4325806219005,39.1884846909432],[-84.43255334024,39.1884834064583],[-84.4323852253006,39.1884754920047],[-84.4323777129824,39.1884753873758],[-84.4322108923942,39.1884677637599],[-84.432202949213,39.1884674004991],[-84.4320506077036,39.188460439215],[-84.432038344004,39.1884598784939],[-84.4318988689911,39.1884535037337],[-84.431884114079,39.1884528295075],[-84.4318577272678,39.1884516236629],[-84.431719961038,39.1884453274534],[-84.43168005507,39.1884435033291],[-84.4315575515247,39.1884379042599],[-84.4315010973065,39.1884353239376],[-84.4314734191155,39.1884340593162],[-84.4314129446378,39.1884312954028],[-84.431328368221,39.1884274289137],[-84.4312955035607,39.1884259271295],[-84.4312863072602,39.1884255071803],[-84.4311497142866,39.1884192637458],[-84.4311154596763,39.1884176976499],[-84.4310816595062,39.1884161528118],[-84.4310636297274,39.1884153284639],[-84.4309743955027,39.1884112491228],[-84.4309708551623,39.1884110873026],[-84.4309215651389,39.1884088343552],[-84.4308350470718,39.1884048799902],[-84.430801428901,39.1884033428537],[-84.4307300065411,39.1884000778253],[-84.4307114157156,39.1883992285216],[-84.4306235262564,39.1883952103253],[-84.4305313167437,39.1883913900907],[-84.4304466542397,39.188387125248],[-84.4302308935956,39.1883773244943],[-84.4300428074804,39.1883687811616],[-84.429848125366,39.18835993819],[-84.4298473471633,39.1883585410629],[-84.4298362768943,39.1883576746392],[-84.4298239488403,39.1883567084022],[-84.4297287904401,39.1883524626554],[-84.4297138710606,39.1883517422354],[-84.4296181592583,39.1883471172701],[-84.4291012077452,39.188323723251],[-84.4291010767522,39.1883237173201],[-84.4291075025697,39.1882462159983],[-84.4291118184215,39.1881941670936],[-84.4291214410619,39.1880818005057],[-84.4291306495925,39.1879877915577],[-84.4291307670987,39.1879865894659],[-84.4291293192096,39.1879866919293],[-84.4290981372457,39.1879889070215],[-84.4290995663717,39.1879525313346],[-84.4289592114151,39.1879987773382],[-84.4287532532365,39.1880134091935],[-84.4287290356446,39.1880151299806],[-84.4284787558385,39.1880329101698],[-84.4284245654603,39.1875635308719],[-84.4274005665196,39.1876955310966],[-84.4274055807643,39.1877273081967],[-84.4273889653536,39.1877287384229],[-84.4273889868939,39.1877292282112],[-84.4273890176869,39.1877299286808],[-84.4273890392519,39.1877304193698],[-84.4273956809697,39.1878794297028],[-84.4273957298562,39.187880620919],[-84.4274047538381,39.1881011935605],[-84.4274048038822,39.1881023847574],[-84.4274050886264,39.1881091772011],[-84.427405140985,39.1881103683596],[-84.4274109671848,39.1882450527563],[-84.4274074875235,39.1882450763274],[-84.4273957450697,39.1882451542791],[-84.4273229102448,39.188242003428],[-84.4272295662627,39.1877245316393],[-84.4262943710616,39.1878175722295],[-84.4262583311563,39.1878205087341],[-84.4261995156996,39.1878255253715],[-84.4261271490161,39.1878313661319],[-84.4260120350991,39.1878408934404],[-84.425988221498,39.1878428646356],[-84.4258128903108,39.1878575477463],[-84.4257236310299,39.1878647633858],[-84.4254135674867,39.1878904246772],[-84.4253743301279,39.187893671659],[-84.4252362964746,39.1879050958584],[-84.4249493092397,39.1879288457528],[-84.4249155809255,39.1879335004405],[-84.4248476156116,39.1879428794943],[-84.4248150769011,39.1883009492427],[-84.4248093181239,39.1883610056651],[-84.4247705320273,39.1887654545619],[-84.4247574397359,39.1889006141455],[-84.424754777485,39.1889177134063],[-84.4247522174366,39.1889369796864],[-84.4247501006513,39.1889563242079],[-84.4247479838647,39.1889756687293],[-84.4247463080226,39.1889950068362],[-84.4247450754198,39.1890144222838],[-84.4247442837621,39.189033831317],[-84.4247434897355,39.1890531538931],[-84.4247432741441,39.1890651056753],[-84.4247355659104,39.1892535315426],[-84.4235635647648,39.1886145315704],[-84.4234665652803,39.1903875315995],[-84.4233975650134,39.1911075316836],[-84.4233745642326,39.191347531996],[-84.4233815655968,39.1913955321817],[-84.4234005645685,39.1914405322515],[-84.4234269551892,39.19147516988],[-84.423426889835,39.1914757854473],[-84.423412226534,39.1916136864536],[-84.4233827289741,39.1918910743473],[-84.4233534441101,39.1921664701819],[-84.423294815426,39.1927177979644],[-84.4232874009844,39.1927875188239],[-84.4232668703934,39.1929805791166],[-84.4232453250132,39.1931831843237],[-84.4232256192988,39.1933684877067],[-84.4232146889568,39.1934712678558],[-84.4231388882944,39.1934652829502],[-84.4226525965215,39.1934268849288],[-84.4224055995237,39.1934073804567],[-84.4220561169979,39.1933797830001],[-84.4214337275928,39.193331031199],[-84.4213527928298,39.193324691368],[-84.4212800423334,39.193318494364],[-84.4211869199162,39.1933111398847],[-84.4210778818342,39.193302528868],[-84.4205827444712,39.1932634235313],[-84.4205821738221,39.1932691480335],[-84.4205752797535,39.1933383518907],[-84.4204475635791,39.1933335327395],[-84.4204415651689,39.1935085327316],[-84.419964563881,39.1935005334732]]],[[[-84.4164647858023,39.1743715407875],[-84.4164646129576,39.1743727581954],[-84.4164635036449,39.1743830164237],[-84.4164645615949,39.1743725301893],[-84.4164647858023,39.1743715407875]]],[[[-84.4165305681847,39.174164653068],[-84.4165306840597,39.1741646574604],[-84.4165300571719,39.1741658220034],[-84.4165278800532,39.1741698629348],[-84.4165273785256,39.1741709127811],[-84.4165250856801,39.1741757187741],[-84.4165275618909,39.1741695294146],[-84.4165305681847,39.174164653068]]]]},"properties":{"OBJECTID":35,"SNA_NAME":"Pleasant Ridge","SNA_NUMBER":37,"ACRES":1082.71197044,"SQMI":79.733,"app_id":"CIN-SNA-035","canonical_slug":"pleasant-ridge","display_name":"Pleasant Ridge"}},{"type":"Feature","id":36,"geometry":{"type":"Polygon","coordinates":[[[-84.5000995880025,39.1995085308387],[-84.4998705888662,39.1994055306731],[-84.4998125884466,39.1993865304158],[-84.4997025876142,39.1993765300809],[-84.4995245891432,39.1993675302399],[-84.4992315890967,39.1992035299195],[-84.4990735883657,39.1990065297218],[-84.4988375882748,39.1988535299355],[-84.4986455884901,39.1988385304144],[-84.4984775872359,39.198829529785],[-84.4983865875408,39.1987575298503],[-84.4982375870689,39.1985365299037],[-84.4981175875633,39.1985265299928],[-84.4979975878618,39.1985215297122],[-84.4978915870354,39.1984595295237],[-84.4979155876979,39.198358530188],[-84.4979355883353,39.1982285301692],[-84.4978635884444,39.1980845302813],[-84.497680587071,39.1979885304006],[-84.4975415872274,39.1979745294473],[-84.4974545883132,39.1979695308274],[-84.4973205883047,39.1979025303452],[-84.497210587659,39.1978015302617],[-84.4971385875585,39.197719529914],[-84.4971145872467,39.1976045297963],[-84.4971385875294,39.1975325299019],[-84.4972585879836,39.1973025301615],[-84.4972915875576,39.1971725299478],[-84.4972865877107,39.1970715298759],[-84.4971955875124,39.1969225298443],[-84.4970665875178,39.1968265293587],[-84.4968785868063,39.1967885299706],[-84.4966965872841,39.196749529594],[-84.4965615872673,39.1966875299197],[-84.4964465873112,39.1965865295791],[-84.4964605880907,39.1965055304167],[-84.496446587286,39.1964095290734],[-84.4963885867197,39.1963275297737],[-84.4962595876352,39.1962405295775],[-84.49611058687,39.1961445297934],[-84.4959475870424,39.1960205291334],[-84.4959185869814,39.1958905299531],[-84.4958945869148,39.1957175301646],[-84.4958125870156,39.1954725302841],[-84.495721587632,39.195314529776],[-84.4956875867305,39.195232529997],[-84.4956495865262,39.1950305293256],[-84.4956445858232,39.1947475298624],[-84.4955825874873,39.1946175287282],[-84.4954575866726,39.1944935297968],[-84.4954045871044,39.1944165293698],[-84.4952655873085,39.1942575294768],[-84.495183586455,39.1942095295927],[-84.4950635863226,39.194027529523],[-84.4949575865496,39.1939555290691],[-84.4948715861001,39.1939215292846],[-84.4946845868944,39.1939125301529],[-84.4944965859809,39.1938975291405],[-84.4943915867649,39.1938785295808],[-84.4943005859753,39.1937965289072],[-84.4942375865043,39.1937295290632],[-84.4941465856344,39.1936525298256],[-84.4940555863071,39.1936285292668],[-84.4939635859904,39.1935565296967],[-84.493877586604,39.1934365297195],[-84.4938395856472,39.1933305292855],[-84.493843585875,39.1932105296546],[-84.4938635861633,39.1931245297786],[-84.4939685852468,39.1930185288771],[-84.4940745863313,39.1928845286379],[-84.494242586152,39.1926445291753],[-84.4943145871055,39.1923995292246],[-84.4943285856898,39.1921495290841],[-84.494285585851,39.1919285285663],[-84.4942085864272,39.1917515289009],[-84.4939445862613,39.1913385292001],[-84.4937955859446,39.1911535285533],[-84.4935205860643,39.1909415286708],[-84.4932575855799,39.1907535296545],[-84.4930325857719,39.190641528667],[-84.4927515862253,39.1906095291321],[-84.4925205855768,39.1905665283779],[-84.4923075859547,39.1905535291882],[-84.4921455853083,39.1905415289303],[-84.4919265849313,39.1905165296127],[-84.4917145847619,39.1905035283974],[-84.4915645853394,39.1904665288994],[-84.4914765855214,39.1904035284172],[-84.4913205854211,39.1902665285537],[-84.4914955851657,39.190103529206],[-84.4915705846416,39.1899845292127],[-84.4916705849277,39.1898035289261],[-84.491745585002,39.1896165289818],[-84.4917835851856,39.1894665292865],[-84.4918605851377,39.1890385284974],[-84.4918555859782,39.1889135287174],[-84.4918557699964,39.1889130768511],[-84.4918945761353,39.1888802289258],[-84.4919677605561,39.1888182807086],[-84.4921734837868,39.1886441423093],[-84.4922178333027,39.1886066011851],[-84.4922805801463,39.1886123326607],[-84.4926035145114,39.1885005952574],[-84.4932376440597,39.1882811784508],[-84.4933148630923,39.188254459223],[-84.4933861384367,39.1882162919158],[-84.4936980706951,39.1880450425674],[-84.4937803235337,39.1879998854731],[-84.4939090351479,39.1879292230172],[-84.494223130831,39.1876495397919],[-84.4943915857014,39.1875595280954],[-84.4947415861036,39.1873145280532],[-84.4950445854872,39.1870305272787],[-84.4951985855151,39.186790527959],[-84.4952795854114,39.1865505279492],[-84.4953795856227,39.1862435283643],[-84.4955825861246,39.1857415279801],[-84.4958895859195,39.1852615275438],[-84.4961100491978,39.1849493109522],[-84.4963107144543,39.1849645992026],[-84.496383515232,39.1849701463891],[-84.4965501836984,39.184982844081],[-84.4967907773498,39.1850011736317],[-84.4968290545138,39.1849585452963],[-84.4971317047314,39.18462148455],[-84.4973536963267,39.1843742494965],[-84.4974373550469,39.1842810771676],[-84.497656176554,39.1840373713053],[-84.4976568083771,39.1840366684421],[-84.49759594559,39.1839919771344],[-84.4975948211053,39.1839911513413],[-84.4976118956667,39.1839854187667],[-84.4976761915677,39.1839638314066],[-84.4977334808091,39.1840051963784],[-84.4977870677064,39.1839892715743],[-84.4978638111718,39.1839758960812],[-84.4979336839809,39.1839481261428],[-84.4980424546415,39.1839048959686],[-84.4980561372771,39.1838994587168],[-84.4981327985667,39.183868990311],[-84.4983937383809,39.1837652814973],[-84.4984232506124,39.1837487304384],[-84.4984363988463,39.1837413579458],[-84.4984992818106,39.1837060926521],[-84.49851953514,39.1836947350738],[-84.4986699744373,39.1836103675798],[-84.4986815397583,39.1836038819036],[-84.4986824411644,39.1836033771192],[-84.4985744058306,39.1835240691471],[-84.4984513895403,39.1834337636184],[-84.4984307540081,39.1834186143589],[-84.4984065369901,39.1834008372491],[-84.498392858815,39.1833907958471],[-84.4983851116408,39.1833851087167],[-84.498252090285,39.1832874581284],[-84.4982146421663,39.1832599670387],[-84.4989055871733,39.1828415266639],[-84.5009905874535,39.1815485272245],[-84.501085726378,39.1814226073959],[-84.501142089748,39.1813881702801],[-84.5012575044535,39.1812829555743],[-84.5013055878172,39.1812515264672],[-84.5018915869563,39.180922526699],[-84.5021665872304,39.1807965265578],[-84.5021895875244,39.1807875266242],[-84.5024915868848,39.1806705267099],[-84.5027192686646,39.1805943341812],[-84.5027934696239,39.1805852124127],[-84.5028779183376,39.1805748306308],[-84.5031247174883,39.1805444917549],[-84.5032026538245,39.1805349105722],[-84.5033812842613,39.1805129510891],[-84.503596984373,39.1804864334152],[-84.5038025992463,39.1804611554594],[-84.5040162675085,39.1804348874427],[-84.5041871230778,39.1804138818584],[-84.5042385647922,39.1804075581052],[-84.5044443499422,39.1803822580414],[-84.5046465898387,39.180357393702],[-84.5047115266228,39.180349409305],[-84.504806892241,39.1803106021283],[-84.5048158219176,39.1803069680528],[-84.5048971640535,39.1802738669603],[-84.5049044423882,39.1802709056493],[-84.5050147397612,39.1802260214236],[-84.5051491961395,39.1801713056109],[-84.5052041429093,39.1801391759434],[-84.5052671855918,39.1801023119869],[-84.5053908670533,39.1800299905735],[-84.5053952247589,39.1800274428341],[-84.5054215906572,39.1800120246514],[-84.5054505152225,39.1799951133841],[-84.5054876532179,39.1799734072331],[-84.5055665196107,39.1799054663015],[-84.5056762273019,39.179810957933],[-84.5057194160579,39.1797737513234],[-84.505737707495,39.1797503184311],[-84.5057414835026,39.1797454813283],[-84.5057446653472,39.1797414050504],[-84.5057485362883,39.17973644647],[-84.5057507129644,39.1797336571121],[-84.5057551746729,39.1797279404683],[-84.5057608224939,39.1797207058166],[-84.5057636960825,39.1797170241096],[-84.5057727267456,39.179705454714],[-84.505787482259,39.1796865511213],[-84.5058018658703,39.1796681242907],[-84.5058165275138,39.1796493394498],[-84.505824435767,39.1796392085676],[-84.5058387300304,39.1796208968058],[-84.5058531180375,39.179602462684],[-84.5058674111546,39.1795841518391],[-84.5058825519324,39.1795647550192],[-84.5058968092926,39.1795464898398],[-84.5059110051903,39.1795283023081],[-84.5059258354552,39.1795093027961],[-84.5059404256008,39.1794906110788],[-84.5059555730237,39.1794712051234],[-84.5059637369816,39.1794607463421],[-84.5059649520907,39.1794591899878],[-84.5059693188307,39.1794535948132],[-84.5059716563518,39.1794506008403],[-84.5059721812379,39.1794499277103],[-84.5059735087203,39.1794467926242],[-84.5059755334997,39.1794420083227],[-84.5059792392433,39.179433251179],[-84.5059801545387,39.1794310873143],[-84.5059816229815,39.1794276182143],[-84.5059825958234,39.1794253209043],[-84.5059834980819,39.1794231869987],[-84.5059854360771,39.1794186069278],[-84.5059905821039,39.1794064487472],[-84.5060159563125,39.1793464920346],[-84.5060827010566,39.1791887824911],[-84.506125588949,39.1791135253541],[-84.5061535889851,39.1790255257353],[-84.5062245888688,39.1788665261226],[-84.5063515887368,39.1785585262385],[-84.5063596052586,39.1785344762546],[-84.5063855329983,39.1784732096953],[-84.5063860470729,39.1784719961368],[-84.5063887613594,39.1784470070928],[-84.50641558862,39.1783665259859],[-84.5064435888676,39.1782075257262],[-84.5064575888915,39.1780205250846],[-84.5064365888217,39.1778455250823],[-84.5063385885267,39.1775045254051],[-84.5063181082592,39.1774222378847],[-84.5063164339089,39.1774013829516],[-84.5062971715464,39.1771614540338],[-84.5062854691491,39.1770156926375],[-84.5062849049706,39.1770086636098],[-84.5062767926091,39.1769076317363],[-84.5062753429277,39.1769042140043],[-84.5062548070459,39.1768558130795],[-84.506176254593,39.1766706790173],[-84.5061762248185,39.1766706092525],[-84.5061760597213,39.1766702192622],[-84.5061759641753,39.1766699947581],[-84.5061714203923,39.1766592854052],[-84.506169398551,39.1766545188261],[-84.506168929409,39.1766534132766],[-84.5061684193591,39.1766522129263],[-84.5061680010498,39.1766512254325],[-84.506167700656,39.1766505161172],[-84.506113501923,39.1765227776026],[-84.5060215880705,39.1762255251569],[-84.5058955887413,39.1758515255504],[-84.5058745889768,39.1757365254118],[-84.5058465880483,39.1756655252255],[-84.5057825882485,39.1755825251229],[-84.5057145881274,39.1755165252699],[-84.5056985883891,39.1755005258664],[-84.505674635906,39.1754831052073],[-84.5057143255962,39.1754490864884],[-84.5057149674164,39.1754485365788],[-84.5056487520572,39.1753856035423],[-84.5063005887363,39.1748165256349],[-84.5079025891327,39.1733985245381],[-84.508055588805,39.1736725250322],[-84.5083505895467,39.1741995247321],[-84.5091755901065,39.1756965258012],[-84.5094535895286,39.176301526093],[-84.5096515889339,39.1769785258984],[-84.5097085891111,39.1771145253702],[-84.509783588896,39.1772455258257],[-84.5098755899606,39.1773695253374],[-84.5099615890851,39.177462525466],[-84.5100735902853,39.1775445257716],[-84.5102775900599,39.177668524915],[-84.5109655896898,39.1780295257168],[-84.5119205908989,39.1785395262126],[-84.5122285908852,39.1786835256053],[-84.5124185899857,39.1787625253771],[-84.5128495905291,39.1789035259966],[-84.5131505903915,39.1789955256565],[-84.5138875914083,39.1791575258115],[-84.5145165909807,39.1792965260652],[-84.5147935921909,39.1793525252217],[-84.5150315911644,39.1794165256698],[-84.5152625913795,39.179493525564],[-84.5154545919335,39.1795685256817],[-84.5157005914398,39.1796835251965],[-84.5157605911639,39.1797155258297],[-84.5164795912203,39.1802435257629],[-84.5182705926281,39.1815625264645],[-84.5184195929214,39.1816455267987],[-84.518609593231,39.1817305255776],[-84.5188105933388,39.1817995259474],[-84.5189845930092,39.1818445258854],[-84.5191255929102,39.1818705261012],[-84.5193015928186,39.1818905260632],[-84.5194795925107,39.181897526101],[-84.5196575932829,39.1818935261372],[-84.5198705925829,39.181872525958],[-84.5200785937739,39.1818345262886],[-84.5202475927404,39.1817905261974],[-84.5204105933729,39.18173452596],[-84.5206285931547,39.1816395262019],[-84.5210475929253,39.1822455258633],[-84.5214955936247,39.1828805254974],[-84.522411593824,39.1842895264669],[-84.523260594359,39.1855685260175],[-84.5234195937296,39.1858745269974],[-84.5235925938389,39.1862565265059],[-84.5237295942123,39.1866075268863],[-84.5238465943823,39.1869635271187],[-84.5239435941786,39.187323526222],[-84.5240135950692,39.1876495275713],[-84.524072594969,39.1880015270736],[-84.5241105945391,39.1883485273375],[-84.5241255948237,39.1886665275101],[-84.5241225949151,39.1890155270349],[-84.524097593999,39.189363527323],[-84.5240705954058,39.1895855270676],[-84.5239355950661,39.1905135276887],[-84.5238435942277,39.1915415277925],[-84.5236975945369,39.1931845276967],[-84.5235685957072,39.1942955278998],[-84.5234805953824,39.1952055276603],[-84.5233685954193,39.1962115290933],[-84.5233215946266,39.1964615287459],[-84.5232525950071,39.19670952877],[-84.5231855950877,39.1969005284268],[-84.5230805959356,39.1971405287364],[-84.5229715953823,39.1973495286889],[-84.5228305943219,39.1975775294786],[-84.5227445947452,39.1977015283534],[-84.5212825953908,39.1996605296202],[-84.5211535942537,39.1998865287628],[-84.5210305953063,39.2001455294928],[-84.5209765944854,39.2002765291453],[-84.5209255947596,39.2005815298419],[-84.5208985943877,39.2008875298265],[-84.520897595569,39.200973529153],[-84.5208935947666,39.2011955298263],[-84.5208972964626,39.201222561823],[-84.520897035752,39.2012225564524],[-84.5207917341819,39.201220267289],[-84.5206849436152,39.2012179453939],[-84.5205279617334,39.2012145322688],[-84.520520976767,39.2012143799878],[-84.5203145938453,39.2012098922919],[-84.520157031471,39.2012064662473],[-84.5201183233867,39.201205624626],[-84.5199870218045,39.2012027692247],[-84.519730660857,39.2011971935008],[-84.5196381056257,39.2011951805917],[-84.5195455619742,39.2011931674074],[-84.5193621664756,39.2011891780507],[-84.51935722787,39.2011890702777],[-84.5193389022366,39.2011886719842],[-84.5193382081203,39.2011988881461],[-84.5193343504279,39.2012525760437],[-84.5193342653834,39.2012537668737],[-84.5193145943099,39.2012525297117],[-84.5187708017395,39.2012191915048],[-84.5185875900722,39.2012078570947],[-84.518587514657,39.2012078520995],[-84.5185877766539,39.2012003663514],[-84.5185878178574,39.20119918079],[-84.5185862406421,39.2011990604602],[-84.5185821573247,39.2011988548812],[-84.518303701563,39.2011848591872],[-84.5182531061523,39.201182316247],[-84.5182510685914,39.2011822552779],[-84.5181947788812,39.2011805889385],[-84.5181872325476,39.2011803651891],[-84.5181024346366,39.2011778548233],[-84.5181001073519,39.2011777862763],[-84.5179705939617,39.2011695292039],[-84.5177935943235,39.2011545291751],[-84.5176505935302,39.2011585295286],[-84.5175085935016,39.2011765295093],[-84.5173715930671,39.2012075297411],[-84.5172537743834,39.2012549535492],[-84.517248365923,39.2012567919537],[-84.5172316689329,39.2012627406469],[-84.5172266045894,39.2012645451363],[-84.5171977525371,39.2012753994616],[-84.5171810549594,39.201282094204],[-84.51716927334,39.2012868176447],[-84.5171409914353,39.2012985333324],[-84.5171129764632,39.2013106327133],[-84.5170852375019,39.2013231093227],[-84.5170770560029,39.2013269394288],[-84.5170577826275,39.2013359621192],[-84.5170306197608,39.2013491846584],[-84.5170050456387,39.201362122783],[-84.5170037580836,39.2013627740777],[-84.5169772044369,39.2013767266543],[-84.5169509691081,39.2013910377045],[-84.516921724655,39.2014076283799],[-84.5168633541849,39.2014519541942],[-84.5168596955254,39.2014547217545],[-84.5168462214226,39.2014649113468],[-84.5168255932671,39.201477530098],[-84.5165075937973,39.2017135301902],[-84.5161165933849,39.2020035300841],[-84.5160835934225,39.2020285292537],[-84.5160325931078,39.2020665293464],[-84.5144325931508,39.2020305300656],[-84.5144321607588,39.2020423869063],[-84.5144304968347,39.2020423527212],[-84.5144125640718,39.2023290492225],[-84.5144088417111,39.2023885587363],[-84.5144021417282,39.2024956695479],[-84.5137115922576,39.2024515308194],[-84.5137540631901,39.2015624506531],[-84.5137546102004,39.20155369945],[-84.5137590304754,39.2014830502333],[-84.5137614628097,39.2014441658872],[-84.5137705895993,39.2012982708771],[-84.5137849386317,39.2010689056035],[-84.5137849521379,39.2010686900249],[-84.5137850124021,39.201067722183],[-84.5137819158921,39.201067481289],[-84.5137777226259,39.2010671558116],[-84.5137875922847,39.2008605298621],[-84.5135445929375,39.2008505296728],[-84.5133895926868,39.2008445298423],[-84.5132265931579,39.2008375297042],[-84.5126065931024,39.2008195291338],[-84.5116995919452,39.2007855301231],[-84.5115925928281,39.2007765305319],[-84.5114175924496,39.2007535301439],[-84.511211591862,39.200709529719],[-84.5110135919675,39.2006485294666],[-84.5109085924883,39.2006055297096],[-84.5108555912203,39.2005845299945],[-84.5107055912567,39.2005105299962],[-84.5106595922814,39.2004835305931],[-84.5072105900602,39.2001645303885],[-84.5031185897919,39.1997865301362],[-84.5014135894745,39.1996295300086],[-84.5000995880025,39.1995085308387]]]},"properties":{"OBJECTID":36,"SNA_NAME":"Winton Hills","SNA_NUMBER":50,"ACRES":1340.97044158,"SQMI":79.733,"app_id":"CIN-SNA-036","canonical_slug":"winton-hills","display_name":"Winton Hills"}},{"type":"Feature","id":37,"geometry":{"type":"MultiPolygon","coordinates":[[[[-84.5739276045186,39.1276105125716],[-84.5740116052685,39.1269685127991],[-84.574114605045,39.126495512996],[-84.5741396047009,39.126380512543],[-84.5741726056112,39.1261785129351],[-84.5741886046123,39.1260385128258],[-84.5741836047703,39.125869512708],[-84.5741596038714,39.1257295129631],[-84.5740486045404,39.1255585135308],[-84.5739756051627,39.125403513252],[-84.5739236036471,39.1252435130703],[-84.5738976045043,39.1251075127156],[-84.5738866038185,39.1249705132479],[-84.5738936046351,39.1248065127216],[-84.5739166052703,39.1246695121717],[-84.5739906050217,39.1244925127467],[-84.5742046045833,39.123990512274],[-84.5742486049634,39.1238285121366],[-84.5743376040402,39.1234475129],[-84.5744676048932,39.1220975121214],[-84.5746526049606,39.120441511739],[-84.5746716038406,39.1204075122927],[-84.5747026047343,39.1203795115879],[-84.5747376044411,39.1203615120488],[-84.5747886043625,39.1203505119021],[-84.5757076046389,39.1204065122028],[-84.5766556043539,39.1204665115832],[-84.5775736049101,39.1205165114036],[-84.5777276047629,39.1188565108268],[-84.5779096056115,39.1170175117392],[-84.5769976049412,39.1169545112128],[-84.577095605335,39.1159935109182],[-84.5771476041173,39.1153415099336],[-84.5772606048791,39.1140255102355],[-84.5774586042467,39.1119335102173],[-84.5776346039665,39.1100215097648],[-84.5787826042819,39.1097905097793],[-84.5789616051292,39.1097615097731],[-84.5790856049407,39.1097675089363],[-84.5793616051269,39.1066645084908],[-84.5794066040659,39.1061875085925],[-84.5795966054988,39.1035215083985],[-84.5796706053425,39.1024855080474],[-84.5797276050656,39.100689507719],[-84.5797366035453,39.1003865074817],[-84.5797696047771,39.0993875078855],[-84.5797396044212,39.0992345073028],[-84.5797096049184,39.099121506819],[-84.5796476038237,39.0989545079981],[-84.5795816043473,39.0988195076642],[-84.5793476035151,39.0985075079608],[-84.5790576041419,39.0981725070186],[-84.5788746048441,39.0979235077969],[-84.5788346046694,39.0978425078737],[-84.5788126039121,39.0977575069223],[-84.578809603678,39.0977005074469],[-84.5788186031921,39.0976135077058],[-84.5788476040904,39.0975305074464],[-84.5788986033158,39.0974425072196],[-84.5789296039977,39.0973695068997],[-84.5789426043779,39.0972935074032],[-84.5791526034822,39.0966075069249],[-84.5798136036968,39.0968475070673],[-84.5799506039648,39.0968895070936],[-84.5799976046679,39.096904507308],[-84.5802674974226,39.0969704812182],[-84.5802617502234,39.0970284261547],[-84.5802595700257,39.0970504246915],[-84.5802531379708,39.0971152812325],[-84.580237988556,39.0972680543645],[-84.5802238643345,39.0974159254157],[-84.5802201802975,39.0974544851442],[-84.5801971703175,39.0976953766178],[-84.5801942892356,39.0977255449039],[-84.5801874227779,39.0977974184707],[-84.5801852135699,39.0978205492383],[-84.5801840860664,39.097832356964],[-84.5801338932554,39.0983331430476],[-84.5801190979319,39.0984807017369],[-84.5801084454359,39.0985869514844],[-84.5801069085821,39.0986022797349],[-84.5801029398808,39.0986418537355],[-84.580103077744,39.0986420188549],[-84.5801891544391,39.0987450587707],[-84.5801963798705,39.0987667406629],[-84.5802046000876,39.098791405177],[-84.5802531592655,39.0989371172775],[-84.5802928803033,39.0990563080782],[-84.580332734654,39.0991758965372],[-84.5803323955184,39.0991759638975],[-84.5800467708559,39.0992329768387],[-84.5800447234584,39.0992333857264],[-84.5800249507406,39.099424433511],[-84.5800105699628,39.099578440715],[-84.5799962673809,39.0997316139441],[-84.5799952477884,39.0997425367029],[-84.5799940462819,39.0997554026788],[-84.5799939823346,39.0997560949288],[-84.5799886940998,39.0998127214702],[-84.5799837856157,39.0998652963995],[-84.5799741621265,39.0999664700727],[-84.5799709537509,39.1000002024488],[-84.5799528249306,39.100190817923],[-84.579943845495,39.1002852266904],[-84.5799438276251,39.1002854045172],[-84.5799422848306,39.1003016294091],[-84.5799369997132,39.100357190852],[-84.5799351156659,39.1003795913291],[-84.5799189190968,39.1005721273713],[-84.5799021339293,39.1007717066332],[-84.579888210853,39.100937262389],[-84.5798829517095,39.1009932360375],[-84.579870672496,39.1011239278563],[-84.5798183836087,39.1016804646516],[-84.5798134963404,39.1017324751254],[-84.579813172384,39.1017358724756],[-84.579808173968,39.1017883480812],[-84.5798046438325,39.1018254011664],[-84.5797815562003,39.1021045972532],[-84.5797551685468,39.1024237094023],[-84.579750519655,39.1024716996301],[-84.5797505133216,39.1024717592127],[-84.5797506628731,39.1024717718462],[-84.5801337115166,39.1025039534635],[-84.5803884361862,39.1025248384123],[-84.5810375537517,39.1025780563577],[-84.5812176403254,39.1025934374396],[-84.5813773247017,39.102607075383],[-84.5813811047409,39.1026073778116],[-84.5813920704139,39.102608253979],[-84.5815620374243,39.1026218412154],[-84.5817215696978,39.1026345938891],[-84.5819042296856,39.1026491951248],[-84.5820871076542,39.1026638128811],[-84.5820924042678,39.1026642493222],[-84.5821013189271,39.1026649847719],[-84.5822644673296,39.1026784331061],[-84.5822732741558,39.1026791587668],[-84.5823572631154,39.1026860822771],[-84.5823780716702,39.1026877969385],[-84.5824628477904,39.1026947855181],[-84.5824937291098,39.1026973310009],[-84.5824960894809,39.102697530059],[-84.5826081002004,39.1027069673609],[-84.5827788975472,39.1027213578488],[-84.5828162542044,39.1027245058855],[-84.582900606043,39.1027316126017],[-84.5829563819098,39.10273631177],[-84.5831146819604,39.1027496487412],[-84.5831404863759,39.1027516780201],[-84.5833027369554,39.1027644328188],[-84.5833593045247,39.1027688805844],[-84.5833878444527,39.102771123729],[-84.5834873760964,39.1027789482311],[-84.5835475207335,39.1027836766857],[-84.5836615078354,39.1027926368239],[-84.5837450529143,39.1027992050948],[-84.583828851274,39.102805851647],[-84.5841883116647,39.1028343614999],[-84.5842036066864,39.1028355758125],[-84.5843393733008,39.102846342982],[-84.5845031647666,39.102859333297],[-84.5846199747417,39.1028685976267],[-84.5848604263386,39.1028883536811],[-84.5850364998709,39.1029027684651],[-84.585228960476,39.1029185234777],[-84.585309426884,39.1029251108898],[-84.585727988525,39.1029593750577],[-84.5857325895601,39.1029597517703],[-84.5859604804299,39.1029784062133],[-84.5860248937786,39.1029836791637],[-84.5862605413135,39.1030029682755],[-84.5862675512636,39.1030035421735],[-84.586640994878,39.1030341101757],[-84.586670094243,39.103036492015],[-84.5868859248105,39.1030541571365],[-84.5871946131166,39.1030787100797],[-84.5872422502234,39.1030824986737],[-84.5873310910888,39.1030895645674],[-84.5873662358783,39.1030923599355],[-84.5874554824792,39.1030994580711],[-84.5874567449551,39.1030995632757],[-84.5875955155963,39.1031110591438],[-84.5876403983819,39.1031147782603],[-84.5877261098982,39.103121878609],[-84.5878451554602,39.1031317409686],[-84.5878661431045,39.1031334793547],[-84.5880070620454,39.1031451531746],[-84.5881426854472,39.1031563888369],[-84.5882284063383,39.1031634895479],[-84.5882839221088,39.1031680881326],[-84.5884297855499,39.1031801715085],[-84.5885683316392,39.1031916486395],[-84.5885717515069,39.1031919311964],[-84.588741489437,39.1032059553974],[-84.5887712202746,39.103208411829],[-84.5887918484854,39.1032101168817],[-84.5889330925976,39.1032217864223],[-84.5890698886012,39.1032330881675],[-84.589175496561,39.1032418128347],[-84.5892118040288,39.1032448128453],[-84.589357651773,39.1032568620033],[-84.5893722946213,39.1032578378067],[-84.5893916697244,39.1032591292421],[-84.5894028132099,39.1032598716978],[-84.5895617097073,39.10327046258],[-84.589561720688,39.1032703650688],[-84.5895794759275,39.1031050053847],[-84.5895806572487,39.1030940084195],[-84.5895824382065,39.1030774258586],[-84.589598594772,39.102926963185],[-84.5896003573936,39.1029105422417],[-84.5896009280939,39.102905228383],[-84.5896021800328,39.1028935723789],[-84.5896060309288,39.1028585350733],[-84.5896097306194,39.1028248700866],[-84.589616241778,39.1027656349244],[-84.5896848051407,39.1021549639728],[-84.5896972583464,39.1020440492657],[-84.5897084203066,39.10194463539],[-84.5897372422931,39.1016879323702],[-84.5897422148978,39.1016436345781],[-84.5897426640085,39.1016396393416],[-84.5897474577278,39.1015876462226],[-84.5897897775365,39.1011286226323],[-84.5897943936547,39.1010785555472],[-84.5897958331272,39.1010629378523],[-84.5897964768092,39.1010583299976],[-84.5898040571719,39.1010041114822],[-84.5898397936888,39.1007484604586],[-84.5898435139025,39.100709187863],[-84.5898663217454,39.1004683687883],[-84.5898920453058,39.1002373798039],[-84.589892632919,39.1002320917671],[-84.589900589282,39.1001604464964],[-84.5899453587085,39.0997573156348],[-84.5899533632699,39.0996852333789],[-84.5899573372876,39.0996494477569],[-84.5900071585329,39.0996089281904],[-84.5901378609435,39.0995026264552],[-84.5902581437263,39.0994047976785],[-84.590440961548,39.0992561089671],[-84.5905656408851,39.0991551189454],[-84.5906570127672,39.0990814341569],[-84.5906570500237,39.09908140375],[-84.5907110328632,39.0990378704537],[-84.5907334163061,39.0990391434023],[-84.5907816292469,39.0990418866037],[-84.5908337989989,39.0990448539258],[-84.5910072661473,39.0990547201897],[-84.5910228606756,39.0990556074116],[-84.5911111609097,39.0990607464323],[-84.5911500080326,39.0990630079583],[-84.591364357577,39.0990754841171],[-84.5915226269694,39.0990846958541],[-84.5915612320054,39.0990869426908],[-84.5916448099653,39.0990924008249],[-84.5917476485954,39.0990991492836],[-84.5917506504624,39.0990713797393],[-84.5917612270366,39.0989666644671],[-84.5917862108574,39.0987193081045],[-84.5917983026209,39.0985995972506],[-84.5918247040369,39.0983613852448],[-84.5919338081723,39.0983610652059],[-84.5919342591229,39.0983610642723],[-84.5920042023657,39.0983643291723],[-84.5922080836611,39.0983738453861],[-84.5923364600504,39.0983798375062],[-84.5924072509622,39.0983831418197],[-84.5926297213423,39.0983941921616],[-84.592991271048,39.0984121502362],[-84.5930167284782,39.0981433580181],[-84.5930309520708,39.0980044269511],[-84.5930410595407,39.0979057011519],[-84.5930412709345,39.0979036339312],[-84.5930424634601,39.0978919852537],[-84.5930464417339,39.0978531340449],[-84.593046462287,39.0978529309377],[-84.5934108664784,39.0978694052235],[-84.5934151935193,39.0978695991584],[-84.5938212394507,39.0978895411713],[-84.5939848856548,39.097897578285],[-84.5939860737272,39.097886562212],[-84.5939926924827,39.0978251757572],[-84.5939977425922,39.0977783362563],[-84.5940174613993,39.0975954669683],[-84.5940258732393,39.0975122364057],[-84.5940492621224,39.097280808111],[-84.5940551657257,39.0972259725857],[-84.5940734352827,39.0970562703688],[-84.59409902766,39.0968182326734],[-84.5941115138989,39.096702088814],[-84.5941246187084,39.0965801949884],[-84.5941352668049,39.0964773919426],[-84.5941501308545,39.0963338798757],[-84.5941553426781,39.0962874690377],[-84.5941596707483,39.0962489331247],[-84.5941728401842,39.0961316632037],[-84.5941751422485,39.0961092440349],[-84.5943985085793,39.0961232742569],[-84.5944070165061,39.0960439137169],[-84.594444797875,39.0957125645398],[-84.5945243916037,39.09571707437],[-84.5947802305065,39.0957332352458],[-84.5951663686495,39.0957576266448],[-84.5959222107545,39.0958042223095],[-84.5959886322719,39.095808470246],[-84.5963812831275,39.0958335786673],[-84.5963816886125,39.0958336046691],[-84.5963815538,39.0958347847805],[-84.5963794407901,39.0958532413729],[-84.5963774902047,39.0958702803781],[-84.5963668502249,39.0959632314711],[-84.5963516839993,39.0960957115179],[-84.5963436862875,39.0961655785583],[-84.596332938803,39.096259465077],[-84.5963278246895,39.0963041397503],[-84.596327994953,39.0963041492842],[-84.5963439479301,39.0963050536231],[-84.5965202728307,39.0963150508431],[-84.5967151812397,39.0963261018089],[-84.5967150499527,39.0963272836591],[-84.5967075902161,39.0963945495742],[-84.5967067326138,39.0964022834871],[-84.5966916854634,39.0965379646605],[-84.5966914636738,39.0965399897289],[-84.5966886965266,39.0965647411851],[-84.5966886774638,39.0965649163338],[-84.5966872413127,39.0965777588561],[-84.596676611412,39.0966728227567],[-84.5966765566706,39.0966733139184],[-84.5966716904631,39.0967168334819],[-84.5966712622374,39.0967206616825],[-84.5966609904796,39.0968125347887],[-84.5966459436832,39.0969471085518],[-84.5966441503847,39.0969636040843],[-84.5966310646876,39.0970839778516],[-84.5966161937274,39.0972207695113],[-84.5966013228166,39.0973575647697],[-84.5965864517408,39.0974943564224],[-84.5965715806071,39.0976311480715],[-84.5965567095229,39.0977679433194],[-84.5965418383541,39.0979047376633],[-84.5965281414103,39.0980307260915],[-84.5965269670738,39.0980415302025],[-84.5965048390126,39.0982450803612],[-84.5965000767775,39.0982877501387],[-84.5964755445247,39.0985145440133],[-84.5964373195068,39.098864029262],[-84.5964374840247,39.098864039801],[-84.5964470039391,39.0988646460534],[-84.5965089408112,39.0988685928441],[-84.5972007920915,39.0989126758864],[-84.5977810487185,39.098949645924],[-84.5977907992129,39.0989502668137],[-84.598098863706,39.0989721085199],[-84.5980987404738,39.0989732884237],[-84.5980983095107,39.0989774104219],[-84.5980905977301,39.0990512730751],[-84.5980863154259,39.0990922853192],[-84.5980801956467,39.0991509004088],[-84.598064449877,39.0993017059249],[-84.5980439342616,39.0994981954374],[-84.5980410189582,39.0995261095909],[-84.598024426827,39.0996827403891],[-84.5980167342445,39.0997553520253],[-84.5980083191896,39.0998437541254],[-84.5979826735867,39.1001131800748],[-84.5979715411639,39.1002301279734],[-84.5979653158071,39.1002955235572],[-84.5979649263422,39.1002954927651],[-84.5979597263816,39.1002950769259],[-84.5970645545847,39.1002234298676],[-84.5969942044527,39.1002177992809],[-84.5969146849656,39.1002094016814],[-84.5966345044485,39.1001798122359],[-84.5963831998172,39.1001532723226],[-84.5963829840403,39.1001532491953],[-84.5963803233496,39.1001685043476],[-84.5963728988957,39.1002365129333],[-84.5963714053235,39.1002501881528],[-84.5963588039767,39.1003657027236],[-84.5963556830979,39.1003943089411],[-84.5963551691292,39.1003990640677],[-84.5963407588661,39.1005311005671],[-84.5963392809291,39.1005446799915],[-84.5963336554765,39.1005962262871],[-84.5963258356517,39.100667889467],[-84.5963208019419,39.1007140313731],[-84.5963109123791,39.1008046783633],[-84.5963020654475,39.1008857652759],[-84.5962959868176,39.1009414699996],[-84.5962839252566,39.1010520172113],[-84.5962795699553,39.1010919386091],[-84.5962781530635,39.1011049285419],[-84.5962678028701,39.1011997962629],[-84.5962646454276,39.101228730217],[-84.5962573372362,39.101295719397],[-84.5962497207346,39.1013655182192],[-84.5962378463729,39.1014743581484],[-84.5962369880057,39.1014822254215],[-84.5962347936988,39.1015023071603],[-84.5962198678412,39.1016390987786],[-84.5962151508706,39.1016823308615],[-84.5962049430814,39.1017758903724],[-84.5961926261222,39.1018887813058],[-84.5961900146084,39.1019126757215],[-84.5961818041979,39.1019879285163],[-84.5961735972928,39.1020631443032],[-84.5961730625953,39.1020680583876],[-84.5961671143972,39.1021225587358],[-84.5961586711973,39.102199935907],[-84.5961568434736,39.1022167203786],[-84.5961437461191,39.1023367247846],[-84.596140530624,39.1023661977072],[-84.5961273285788,39.1024871924538],[-84.5961232772929,39.1025243213925],[-84.5961124023034,39.1026239840466],[-84.5961074819292,39.1026690876737],[-84.5960974771257,39.1027607756149],[-84.5960852748639,39.102872598505],[-84.5960837443283,39.1028857355569],[-84.5960823687357,39.102897552472],[-84.596069204627,39.1030181194191],[-84.5955412473403,39.1029719398859],[-84.5954634874544,39.102965137612],[-84.5954634410879,39.1029651339453],[-84.5953729260856,39.1029572161143],[-84.5952302311429,39.1029455112664],[-84.5949437934648,39.1029220163696],[-84.5949050439528,39.1029188379438],[-84.5948577854669,39.1029149618513],[-84.594773041045,39.1029080096715],[-84.5946153987707,39.1028950776547],[-84.5943306215535,39.1028717170261],[-84.5942216247252,39.1028614283078],[-84.5942214438026,39.1028614108536],[-84.5942236884368,39.1028433096631],[-84.5942236931971,39.1028432753372],[-84.5942245119021,39.1028366702694],[-84.5942246584294,39.1028354935545],[-84.5941563972864,39.1028300739386],[-84.5941121016728,39.1028263917831],[-84.5939302251947,39.1028112702645],[-84.5938407969803,39.1028038352899],[-84.5937160241355,39.1027934617509],[-84.5937158304993,39.1027934445257],[-84.5937210779809,39.1027544226024],[-84.5937330765596,39.1026651984042],[-84.5937371498633,39.1026349054308],[-84.5937417838037,39.102600447591],[-84.5937480888703,39.1025506849769],[-84.5937499226032,39.102536219745],[-84.5937656814037,39.1024118596798],[-84.593769658515,39.1023804727671],[-84.5937732629447,39.102352028205],[-84.593773411817,39.1023508523495],[-84.5936926402961,39.1023440483593],[-84.5935357717956,39.1023308369109],[-84.5933699474711,39.1023168679841],[-84.593346308827,39.1023148775406],[-84.5931924952314,39.1023019213],[-84.5931645751824,39.1022995693532],[-84.5929907339301,39.1022848742986],[-84.5929060585901,39.1022779177202],[-84.5926316738626,39.1022553744281],[-84.5924590634866,39.1022411915726],[-84.5924588548268,39.1022411746166],[-84.592454739462,39.1022736479323],[-84.592453162368,39.1022860973647],[-84.5924487060612,39.102321260159],[-84.5924431795662,39.1023643372651],[-84.5924307066172,39.1024626650521],[-84.5924280861175,39.1024831130106],[-84.5924255218652,39.1025031193405],[-84.592412410278,39.1026064153233],[-84.5924112033033,39.1026158737987],[-84.5924103126084,39.1026230189777],[-84.5924050842713,39.1026649634842],[-84.5923982311529,39.1027199322501],[-84.5923887023213,39.1027963708565],[-84.5923844841273,39.102830210211],[-84.5923776207273,39.1028852620564],[-84.59236380648,39.1029959259737],[-84.5923576714941,39.1030452979701],[-84.5923211134483,39.1032945618491],[-84.5923016872072,39.1034270108161],[-84.5922947469079,39.1034792870094],[-84.5922911295276,39.1035065405588],[-84.5922913226565,39.1035065406757],[-84.5923949573234,39.1035065128347],[-84.5924319915185,39.1035073028634],[-84.5924690282593,39.1035081784339],[-84.5925060675729,39.1035091404468],[-84.5925431105882,39.1035101879806],[-84.5925797146268,39.1035113290298],[-84.5926167641507,39.1035126341224],[-84.5926538136759,39.1035139392031],[-84.5926908682927,39.1035154153793],[-84.5927274851163,39.1035169859512],[-84.5927645422816,39.1035185476573],[-84.592801604566,39.1035202813595],[-84.5928386684294,39.1035221069283],[-84.5928752964364,39.1035240142436],[-84.5929044251339,39.1035255785463],[-84.5929123663896,39.1035260054718],[-84.5930584712169,39.1035377489056],[-84.5940757278289,39.1036195043636],[-84.5941574096118,39.1036260682017],[-84.5943214233075,39.103639511937],[-84.5944547696856,39.1036504417082],[-84.5948711710837,39.1036845723953],[-84.5953807838084,39.1037233341807],[-84.5958268051489,39.1037620482721],[-84.5958672233218,39.1037655557346],[-84.5965116610063,39.1038214887319],[-84.5965995204727,39.1038274516138],[-84.5969572954572,39.1038571094894],[-84.5973824803081,39.103888209606],[-84.5974562791998,39.1038936072959],[-84.5980571015773,39.1039375515656],[-84.5984152648865,39.1039637460087],[-84.5985111830292,39.103970760803],[-84.5987311690801,39.1039866698774],[-84.5987622961627,39.1039889209616],[-84.5988034956867,39.1039919005553],[-84.5988091701936,39.1039919716744],[-84.5988983690699,39.1039930825373],[-84.5990079429322,39.1039944477681],[-84.5991044822149,39.1039956498626],[-84.5993846108416,39.1039995077853],[-84.599564610661,39.1040015076047],[-84.6010262893587,39.1040039764918],[-84.6010492561434,39.1040043142265],[-84.6010794698985,39.1040047512177],[-84.6012561084391,39.1040073058392],[-84.6012929480327,39.1040078379704],[-84.6012974612888,39.1040079029951],[-84.6013634792105,39.1040088583701],[-84.6013638673503,39.1040045470137],[-84.6019326107129,39.1040055079445],[-84.6023262822278,39.1040069998666],[-84.602326721737,39.1040070018039],[-84.6024302585635,39.1040074974962],[-84.6024765174008,39.1040077177797],[-84.6029732944812,39.104010092033],[-84.6030215924663,39.1040103228459],[-84.6031797516421,39.1040110780423],[-84.6035150724151,39.1040116850717],[-84.6035286934908,39.1040116981997],[-84.6035673026976,39.1040117343426],[-84.6037831210666,39.1040119366161],[-84.6041138927714,39.1040122460652],[-84.6041307971163,39.104012262575],[-84.6046107598494,39.1040127095479],[-84.6046972567453,39.1040127900726],[-84.6047382679729,39.1040128281486],[-84.6048334211659,39.1040129171283],[-84.6056152181198,39.1040136406849],[-84.6056366639441,39.1040136600472],[-84.6056449382296,39.1040136944007],[-84.6065370902537,39.1040173674773],[-84.6065870909985,39.1040175730569],[-84.6068493696756,39.1040186513607],[-84.6073977079702,39.1040191338309],[-84.6074764991514,39.1040192028533],[-84.6075338896103,39.1040192528956],[-84.6080084605129,39.1040196685332],[-84.6080087620831,39.1040195053628],[-84.6080106136076,39.1040195068197],[-84.6077516139316,39.1066425079663],[-84.6077435354208,39.1067250110274],[-84.6077341473376,39.1067249844627],[-84.6076931200643,39.1071077603665],[-84.6076868926435,39.1071658590075],[-84.6076424257794,39.1075807217029],[-84.6076296109649,39.1077002729242],[-84.6076282551077,39.1077129186132],[-84.6076116135533,39.1077755073796],[-84.6075826139941,39.1079495079569],[-84.6071906141252,39.109114508627],[-84.6071256135251,39.1093075081874],[-84.6068686126537,39.11014650852],[-84.6068596135944,39.110314508219],[-84.6068126131355,39.110396508686],[-84.6072266134959,39.1103835081628],[-84.6073405416005,39.1103800821316],[-84.6073405334636,39.1103801579678],[-84.6073401415777,39.1103840630419],[-84.6073402958557,39.1103840782573],[-84.6073422458229,39.1103842716637],[-84.6073562679955,39.110385663788],[-84.6073561540381,39.1103868399301],[-84.6073478501097,39.1104724646565],[-84.6073366986047,39.1105874622715],[-84.6073319836743,39.1106360750255],[-84.6073103924719,39.1108587191395],[-84.6073105431212,39.1108587290148],[-84.607450673181,39.1108678988588],[-84.6074908118251,39.1108705253045],[-84.6075181569159,39.1108723148608],[-84.6076778226341,39.1108827600446],[-84.6077325116533,39.110886338183],[-84.6077591649087,39.1108880816978],[-84.607793945117,39.1108903576793],[-84.6079108023505,39.1108980040055],[-84.6080629693932,39.110907959732],[-84.608142353309,39.1109131536521],[-84.6083737166197,39.110928290033],[-84.60837359241,39.110929470868],[-84.6083701548048,39.1109621028155],[-84.6083672509287,39.1109896602423],[-84.6083532944641,39.1111221128191],[-84.6083532404678,39.1111226264997],[-84.6083533986743,39.1111226569603],[-84.6084160130942,39.1111346965288],[-84.6086703749998,39.1111836069862],[-84.6087516950375,39.1111992435922],[-84.6089714950652,39.1112419262194],[-84.6090286687252,39.1112529859187],[-84.609170892755,39.1112804979444],[-84.6091841720578,39.1112830666297],[-84.6092547910998,39.1112967540523],[-84.6092546371955,39.1112979083974],[-84.6092539841985,39.1113028220036],[-84.609253970986,39.1113029213597],[-84.6092541633584,39.1113029340771],[-84.609464745506,39.1113170967784],[-84.6094648011263,39.1113171002711],[-84.60946477138,39.1113173810397],[-84.6094646757782,39.1113182811284],[-84.6094417690858,39.1115336349543],[-84.6094419301674,39.1115336455379],[-84.6094475081025,39.1115340233617],[-84.6094840654221,39.1115364223757],[-84.6096747310788,39.1115489325037],[-84.6096826530321,39.1115494523588],[-84.609720060966,39.1115519069962],[-84.6097281069034,39.1115524345026],[-84.6097298671881,39.1115525493271],[-84.6097398124262,39.1114624712442],[-84.609809981828,39.1114671352783],[-84.6098450937511,39.1114694685861],[-84.6099273063232,39.1114749332747],[-84.6100893429979,39.1114857023309],[-84.6100892292465,39.111486883879],[-84.6100831941692,39.1115492591486],[-84.6100804354428,39.1115777781109],[-84.6100803930607,39.1115782158927],[-84.610080542556,39.1115782257854],[-84.6102200023846,39.1115874675909],[-84.6102315996058,39.1115882457626],[-84.6102570006449,39.111589951141],[-84.6102568753097,39.111591131999],[-84.610246003882,39.1116934164314],[-84.6102461649641,39.1116934270139],[-84.6103408043559,39.1116997472852],[-84.6104239068742,39.1117052963383],[-84.6104453164443,39.1117067265608],[-84.6104983686595,39.1117102692423],[-84.6105949990962,39.1117167224435],[-84.6105948807021,39.1117179031756],[-84.6105922839871,39.1117438746323],[-84.6105870211684,39.1117965117178],[-84.6105777969576,39.1118887681158],[-84.6105767455827,39.1118992890234],[-84.6105659927628,39.1120068226603],[-84.6105638276,39.1120284828321],[-84.610562201506,39.1120447503024],[-84.6105595966602,39.1120707984946],[-84.6105498500803,39.1121682742821],[-84.610545911932,39.112207667005],[-84.6105448397706,39.1122183820165],[-84.6105329555606,39.1123372426487],[-84.6105322259675,39.1123445346326],[-84.610528723779,39.1123795700372],[-84.6105231199014,39.1124356066875],[-84.6105208406632,39.1124583997547],[-84.6105208096897,39.112458716588],[-84.6105207794398,39.1124590189913],[-84.6105185411328,39.1124814031364],[-84.6105048562178,39.1126182707364],[-84.6105044345963,39.1126224899308],[-84.6105045885556,39.1126224943354],[-84.6105270169116,39.1126231770428],[-84.6106981239328,39.1126269276071],[-84.6108363076642,39.1126299566731],[-84.6108852858189,39.1126310297291],[-84.6110072113356,39.1126337897781],[-84.6111768441353,39.112637629565],[-84.611245993088,39.1126391955051],[-84.6115377637486,39.1126461617993],[-84.611727393399,39.1126500914512],[-84.6117273379524,39.1126506330928],[-84.6117272717707,39.1126512794521],[-84.6117235566649,39.1126876018804],[-84.6117205302921,39.1127172016235],[-84.6117168411804,39.1127560465233],[-84.6117103411253,39.1128245016563],[-84.6117025652551,39.1128928773166],[-84.6116955679922,39.1129612991583],[-84.6116896686807,39.1130189847804],[-84.611688570932,39.1130297282036],[-84.6116819896951,39.1130900879584],[-84.611681164719,39.1130981286612],[-84.61168042668,39.113104904505],[-84.6116792686425,39.1131155661297],[-84.6116746088737,39.1131584870514],[-84.6116737362577,39.1131665205127],[-84.6116665873581,39.1132323590938],[-84.6116663079983,39.1132349195677],[-84.6116588807182,39.1133033131974],[-84.6116537688566,39.1133637678157],[-84.6116530876476,39.1133718203152],[-84.6116460799122,39.1134402432411],[-84.6116404555694,39.1134951477053],[-84.6116390710342,39.1135086670877],[-84.6116320622237,39.1135770936352],[-84.6116269996955,39.1136265184753],[-84.6116250543932,39.1136455147574],[-84.6116180454743,39.1137139386015],[-84.6116135427776,39.1137578946667],[-84.6116110365958,39.1137823642458],[-84.6116083953337,39.113808151822],[-84.6116040288056,39.1138507880672],[-84.6116029910631,39.1138609113722],[-84.6116027683834,39.1138630869648],[-84.6116000868302,39.1138892663311],[-84.6115970198458,39.1139192119088],[-84.6115942166556,39.1139465792754],[-84.6115900108723,39.1139876357495],[-84.6115866318804,39.114020634369],[-84.6115830030412,39.1140560595683],[-84.6115759940405,39.1141244834074],[-84.6115731749199,39.1141520141533],[-84.6115689850802,39.1141929090467],[-84.6115619771271,39.1142613301612],[-84.6115597187136,39.1142833822061],[-84.6115549692415,39.1143297539767],[-84.6115462416761,39.1144147515355],[-84.6115431914595,39.1144444481136],[-84.6115409175665,39.1144666013574],[-84.6115327923323,39.1145461203562],[-84.6115301845446,39.1145716379033],[-84.6115269341487,39.1146034510942],[-84.6115193518077,39.1146774763975],[-84.6115150047366,39.1147199167513],[-84.6115119088872,39.1147500205331],[-84.6115058595373,39.1148088441901],[-84.611494640289,39.1149179533303],[-84.6114923511677,39.1149402167774],[-84.6114805424757,39.1150550439157],[-84.6114807010104,39.1150550464336],[-84.6114934923962,39.1150552828251],[-84.6116692513953,39.1150585247118],[-84.6118461283263,39.1150617865078],[-84.6118675032253,39.1150621809084],[-84.6119302448781,39.1150633352278],[-84.6119512112223,39.1150637208395],[-84.6119554792664,39.1150637998425],[-84.6120179142296,39.1150649479899],[-84.6120439495196,39.1150654295261],[-84.6120786700228,39.1150660663359],[-84.6121990044996,39.1150682757296],[-84.612245019447,39.1150691400432],[-84.6123262842244,39.1150706656662],[-84.6123730902525,39.1150714893794],[-84.6124145011067,39.1150722537319],[-84.6125527203065,39.1150746818948],[-84.6127844415806,39.1150787527041],[-84.6128695408767,39.1150802476859],[-84.6128256162047,39.1155185083853],[-84.6128266158411,39.1155465092757],[-84.6151206157595,39.1155925095321],[-84.6151186162197,39.1159395089367],[-84.6151326152998,39.1160515092718],[-84.615173615437,39.1162215086296],[-84.6152266160494,39.1163595088215],[-84.6152806161316,39.1164675091258],[-84.6153736157668,39.1166255096966],[-84.6154786165279,39.1168435084765],[-84.6155276161967,39.1169865094311],[-84.6155516169391,39.1171325094787],[-84.6155606158111,39.1172895095016],[-84.61554361626,39.1177975097577],[-84.6157436169166,39.1178015086903],[-84.6159906159539,39.1178065089662],[-84.6160264510827,39.1178071999563],[-84.616001557444,39.117873839486],[-84.616001692837,39.1178738415193],[-84.6160020354066,39.1178738478794],[-84.6160039172267,39.1178738829021],[-84.6160038593255,39.1178750724477],[-84.6160035744349,39.117880981346],[-84.6159971232443,39.1180146017893],[-84.6159948649358,39.1180613734114],[-84.6159908208972,39.1181451352098],[-84.6159874368616,39.1182152340104],[-84.6159841190935,39.1182839601984],[-84.6159840554292,39.1182839586576],[-84.6158995982363,39.1182821018565],[-84.6158993320186,39.1182820959042],[-84.6158992243701,39.1182820933643],[-84.615852295348,39.1182810615336],[-84.6157851687369,39.1182795856645],[-84.6157276435131,39.1182782921962],[-84.6157263358981,39.118278273718],[-84.6156070897513,39.1182765580133],[-84.6156046978567,39.1182765241857],[-84.6155700654568,39.1182760255567],[-84.6155685587837,39.1182760035019],[-84.6154420333497,39.1182742024501],[-84.6154300697592,39.1182740117442],[-84.6153241891946,39.1182724887967],[-84.6152504507081,39.1182714270416],[-84.6151711071492,39.1182702963368],[-84.6151220872549,39.1182695853012],[-84.6150762566169,39.1182689214643],[-84.614968710853,39.1182673736179],[-84.614894923593,39.1182659971587],[-84.6147746718732,39.1182637655255],[-84.614754391879,39.1182633886073],[-84.6145738256351,39.1182600362253],[-84.6144046927431,39.1182568966636],[-84.6143976445728,39.1182567657482],[-84.6143690595563,39.1182562348231],[-84.614318449298,39.1182552947614],[-84.6142285049417,39.1182535936148],[-84.6141190917276,39.118251524901],[-84.6140523284196,39.1182502801812],[-84.6138761504412,39.1182469944393],[-84.6136999701671,39.1182437084718],[-84.6135904177779,39.1182416643241],[-84.6135237849952,39.1182404511598],[-84.6133128723658,39.1182366086089],[-84.6132741008248,39.1182351287377],[-84.6131321141812,39.1182297100422],[-84.6129032856994,39.1182256753035],[-84.6128845026692,39.1182253428512],[-84.6128483636478,39.1182247059845],[-84.6128233462695,39.118224264619],[-84.6127729007089,39.1182233758449],[-84.6127233531947,39.1182225022146],[-84.6126713868765,39.118221584353],[-84.6125510658263,39.1182194634101],[-84.6124297841489,39.1182173229087],[-84.6123747626626,39.118216354277],[-84.612363386393,39.118216153451],[-84.6122533085274,39.118214209526],[-84.6122501663232,39.1182141496578],[-84.6121970325707,39.1182131429326],[-84.6121820669413,39.1182128597328],[-84.6121203653446,39.1182116901485],[-84.61207011339,39.1182107380711],[-84.6120257152786,39.1182098964474],[-84.6118940336177,39.1182074006758],[-84.6118502454273,39.1182065703969],[-84.6117217349107,39.1182041346826],[-84.6116900248028,39.1182035338926],[-84.6116637692646,39.1182030364457],[-84.6116188561508,39.1182021851278],[-84.6115365356182,39.118200943088],[-84.6115220103017,39.118200723865],[-84.611488875897,39.118200224658],[-84.6114695122769,39.1181999322891],[-84.6113274333688,39.11819778839],[-84.6113158705274,39.1181976142876],[-84.611101645335,39.118194382211],[-84.6110157918448,39.1181930861191],[-84.6110156067139,39.1181930840849],[-84.6109260617365,39.1181917326236],[-84.6108684337995,39.1181908630127],[-84.6106808013779,39.1181880324396],[-84.6106271889441,39.1181871454436],[-84.6106114744734,39.1181868846893],[-84.6105609901272,39.1181860497231],[-84.6104670830072,39.1181844953173],[-84.6104358450876,39.1181839792953],[-84.6103443427677,39.1181824647967],[-84.6102546006484,39.1181809794471],[-84.6102221626062,39.1181804419694],[-84.6100735240958,39.1181779843687],[-84.6100486174685,39.1181775701232],[-84.6100479485664,39.1181775588742],[-84.6100090715387,39.1181769151078],[-84.6098999962569,39.1181751101831],[-84.6098734359545,39.1181746701404],[-84.6097201799747,39.1181721348601],[-84.6097012205297,39.1181718195207],[-84.6097011469703,39.1181733003857],[-84.6095270572299,39.1181707800724],[-84.6093521088722,39.1181682471927],[-84.6092366527929,39.1181665776013],[-84.6091982560652,39.1181660194323],[-84.609180842685,39.1181657668768],[-84.609026841806,39.1181635379797],[-84.6090070966543,39.1181632503407],[-84.6088467277253,39.1181609271426],[-84.6088466340038,39.1181609261448],[-84.6088466385098,39.1181608449682],[-84.6088578696224,39.1179291948595],[-84.608859943607,39.1178864175711],[-84.6088630075117,39.1178232278823],[-84.6088664327248,39.1177525691142],[-84.6088772139326,39.1176825504945],[-84.608877233273,39.1176824239955],[-84.6088876908545,39.1176144971959],[-84.6088988179918,39.1174929096352],[-84.608900459912,39.1174749542492],[-84.6089014486995,39.1174641479728],[-84.6089069918846,39.1174035622541],[-84.6089115577131,39.1173536627634],[-84.6089122115719,39.1173465379685],[-84.6089140571631,39.1173263487744],[-84.6089228840421,39.1172298874236],[-84.60892497661,39.1172070185143],[-84.6089264741963,39.1171906534055],[-84.6089294768546,39.1171578257379],[-84.6089332012299,39.1171171277719],[-84.6089338701657,39.1171101973294],[-84.6089370439273,39.1170772899584],[-84.6089392868002,39.1170540335643],[-84.6089500542423,39.1169424046435],[-84.6089529535539,39.1169123414774],[-84.6089633290878,39.1168047708104],[-84.6089658128989,39.1167790195254],[-84.6089670993704,39.1167656821842],[-84.6089707816176,39.1167275151329],[-84.6089765852268,39.1166673634773],[-84.6089792397742,39.1166398232013],[-84.6089855538123,39.1165743604714],[-84.6089891731618,39.1165320136859],[-84.6089915922737,39.1165036811644],[-84.6089926309392,39.116491530511],[-84.6090022632211,39.116378811238],[-84.6090029218998,39.1163710763423],[-84.6090064637862,39.1163296185003],[-84.6090092593497,39.1162969072268],[-84.609027962926,39.116107537143],[-84.6090286248029,39.1161008347933],[-84.6090288926622,39.1160981186558],[-84.6090459662207,39.1158945479265],[-84.6090460658815,39.1158933585275],[-84.6088745542675,39.1158903768362],[-84.6087471733257,39.1158881633346],[-84.6087136856204,39.115887493177],[-84.6086954655668,39.1158871281886],[-84.6085192798826,39.1158836029866],[-84.6083446855488,39.1158801089369],[-84.6083160876128,39.1158795362252],[-84.6082889771129,39.1158790788131],[-84.6082224096341,39.1158779569668],[-84.6081705008163,39.1158770820274],[-84.608158655378,39.1158768821221],[-84.6079810132517,39.1158738871853],[-84.6079809988359,39.1158740622514],[-84.6079740208451,39.115957458894],[-84.6079705680834,39.1159987069314],[-84.6079688566777,39.1160173222352],[-84.6079676486169,39.1160304644108],[-84.607962867547,39.1160825023643],[-84.6079620075602,39.1160918601023],[-84.6079619901621,39.1160920514415],[-84.6078025074385,39.1160834772957],[-84.6076845993162,39.1160771383223],[-84.6074379776422,39.1160638789027],[-84.6073321531445,39.116059740959],[-84.6073307348289,39.1160752504051],[-84.6073303661249,39.1160792739937],[-84.6073291523113,39.1160925370058],[-84.6072266456722,39.1160861806179],[-84.6071260775703,39.1160800934486],[-84.6070901435099,39.1160779183939],[-84.6068826910362,39.116065362082],[-84.6067913269562,39.1160598317404],[-84.6067894537563,39.1160809332577],[-84.6067889860275,39.1160862084014],[-84.6067876441926,39.1161002207042],[-84.6067836847761,39.1161415680084],[-84.606778966105,39.1161927839051],[-84.606776674024,39.1162176639333],[-84.6067744301248,39.1162412951304],[-84.6067724224695,39.1162624261226],[-84.6067724181461,39.1162624748579],[-84.6067723918281,39.1162627546621],[-84.6067699796485,39.1162881432635],[-84.6067656515146,39.1163344422345],[-84.6067633090122,39.1163600719516],[-84.6067527218344,39.1164727344459],[-84.6067499680609,39.1165024741218],[-84.6067436419268,39.1165698417334],[-84.6067412057057,39.1165958957456],[-84.606740107329,39.1166076491927],[-84.6067376501855,39.1166339315508],[-84.6067274665108,39.1167428455416],[-84.6067253597391,39.1167653794669],[-84.6067147276492,39.1168790951949],[-84.6067130694085,39.1168968327836],[-84.6067072228989,39.1169593629411],[-84.6067059123519,39.1169733782768],[-84.6067021733959,39.1170133618803],[-84.6066997539023,39.1170392416832],[-84.6066891813224,39.1171523210821],[-84.6066890331326,39.1171538997132],[-84.606687462428,39.1171706986171],[-84.606676945024,39.1172831886239],[-84.6066762266605,39.1172908705228],[-84.6066741480281,39.1173131092904],[-84.6066725283049,39.1173304343972],[-84.6066632809452,39.1174293341969],[-84.6066608570455,39.1174552609321],[-84.6066530554964,39.1175387147716],[-84.6066497207985,39.1175743948134],[-84.606649599812,39.1175756846137],[-84.6066434039557,39.1176419631748],[-84.6066433891855,39.1176421265334],[-84.6066409170376,39.1176685668423],[-84.6066369509318,39.1177114343261],[-84.6066352724982,39.1177292713942],[-84.6066351424595,39.1177306451567],[-84.6066249619118,39.1178387859638],[-84.6066151260611,39.1179432595349],[-84.6066121011138,39.1179753802005],[-84.6065984463605,39.1181204172902],[-84.6065983342391,39.1181216555694],[-84.6065750708484,39.1183775991899],[-84.6065614636703,39.1185273190621],[-84.6065601407276,39.1185272908475],[-84.6065596595626,39.1185324274709],[-84.6065595600064,39.1185324247752],[-84.6065571166179,39.1185740382442],[-84.6065546778429,39.1186155741386],[-84.6065538645693,39.1186294335596],[-84.606552961488,39.1186448128826],[-84.6065530668247,39.1186448154733],[-84.6065546467933,39.1186448516309],[-84.6065708342197,39.1186452214766],[-84.6068101331098,39.1186505489127],[-84.6068630709245,39.118651727467],[-84.6070851641739,39.1186566724053],[-84.6070855969733,39.1186566789534],[-84.606995613911,39.1195855101768],[-84.6069196145913,39.1202965094854],[-84.6068906139738,39.1204605106325],[-84.6068856143409,39.1205825109175],[-84.6068116145947,39.1213575104366],[-84.6067806147605,39.1215185104287],[-84.6067686139994,39.121701510199],[-84.6067006143219,39.1223685105251],[-84.6066726142201,39.1225895109216],[-84.6065806154336,39.1235134960442],[-84.6065803525034,39.1235134846042],[-84.6065190383992,39.123511034433],[-84.6062241363952,39.1234992495404],[-84.6062102987096,39.1234986963628],[-84.6060379322845,39.1234918079107],[-84.6060376132699,39.1234918164105],[-84.6060338682021,39.123491912393],[-84.6060299728895,39.1234920129074],[-84.6060218115167,39.1235745847353],[-84.6060183139874,39.1236130366128],[-84.6060148245133,39.1236514099524],[-84.6060143936769,39.123656143787],[-84.6059941238193,39.1238789930018],[-84.605988763094,39.123937930759],[-84.6059832909699,39.1239980932642],[-84.6059756454395,39.1240710865615],[-84.6059716647077,39.1241090876793],[-84.605961116142,39.1242097941472],[-84.6059469331739,39.1243451966925],[-84.6059469295742,39.1243452309978],[-84.6059463593017,39.1243506782935],[-84.6059376588473,39.1244334878655],[-84.6059317165636,39.1244900438951],[-84.6059310614618,39.1244967145552],[-84.6059310516567,39.1244968120468],[-84.6059308265471,39.1244991066052],[-84.605865985962,39.1251595043529],[-84.6058574714827,39.1252462129762],[-84.6058574347321,39.1252465695585],[-84.6058452963294,39.1253550773381],[-84.6058255851088,39.1255312536642],[-84.6058121234475,39.1256515126372],[-84.6057931508675,39.1258162024661],[-84.6057916936082,39.1258288454374],[-84.6057807218724,39.1259240523364],[-84.6057516706129,39.1259226924289],[-84.6057508214857,39.1259226528913],[-84.6056849076718,39.1259195685714],[-84.6056160433217,39.1259163458908],[-84.6055749246762,39.1259144221461],[-84.6054506651512,39.1259086077689],[-84.6052939335638,39.1259012737136],[-84.6052852823654,39.1259008685946],[-84.6051812178788,39.1258959990443],[-84.60510934743,39.1258926351342],[-84.6050111539056,39.1258880399474],[-84.6050065108939,39.1258878224179],[-84.6050053431971,39.1258877679363],[-84.605005284124,39.125887765405],[-84.6050061573266,39.125888995698],[-84.605110339548,39.1260357551199],[-84.6051785252352,39.1261318057258],[-84.6052778181337,39.126271603998],[-84.6054396870526,39.1264446991407],[-84.6054557884151,39.1264680988582],[-84.6055165513752,39.1265564125413],[-84.6055171500892,39.126557283793],[-84.6055291139908,39.1265746711689],[-84.6055490736321,39.1266036801017],[-84.6056477970901,39.1267471692076],[-84.6056477457179,39.1267482351813],[-84.605644328199,39.1268197369711],[-84.6056444208027,39.1268197388931],[-84.6057158744216,39.1268211259504],[-84.6057995058831,39.1268227035013],[-84.6058920912197,39.12682447513],[-84.6059952871871,39.1268264467549],[-84.6060683025772,39.1268278349536],[-84.6062445171504,39.1268311854406],[-84.6064207271156,39.1268345357439],[-84.6065945653462,39.1268378000347],[-84.6065969416684,39.1268378838942],[-84.6065984579874,39.1268379131019],[-84.6066795041411,39.1268394568121],[-84.606743655627,39.1268406795091],[-84.6069198657477,39.1268440326559],[-84.6069549516909,39.1268442815157],[-84.6070386751959,39.1268448743564],[-84.6070683101627,39.1268450844107],[-84.6070961548452,39.1268457739235],[-84.6071303366786,39.126846619442],[-84.6072723188579,39.126850134747],[-84.6073055525818,39.1268509578047],[-84.6073990265268,39.1268532716278],[-84.6074484863609,39.1268544952399],[-84.6074913937221,39.1268555577431],[-84.6075952466859,39.1268570204224],[-84.6075953010812,39.1268570212354],[-84.6075953809399,39.1268570224864],[-84.6076247165882,39.1268574351712],[-84.6078009313367,39.1268607841931],[-84.6079771426874,39.1268641348113],[-84.6081533553952,39.1268674526995],[-84.6083110540895,39.126870302441],[-84.608408579065,39.1268725687971],[-84.6084272818219,39.1268730034928],[-84.6085162495768,39.126875071304],[-84.608536276712,39.126875422421],[-84.6088604421429,39.1268809782432],[-84.608872397179,39.1268811833247],[-84.6088857457629,39.1268814126081],[-84.6089785991902,39.1268831282403],[-84.6090270011317,39.1268840226228],[-84.6090656273294,39.126884821845],[-84.609556192544,39.1268949725126],[-84.6096206830211,39.1268963072894],[-84.6096852464222,39.1268976434062],[-84.6097189414762,39.1268983402396],[-84.6097191857312,39.1268983457054],[-84.6097192621213,39.1268983470181],[-84.6097326364234,39.1268986234917],[-84.6099450418634,39.1269030180159],[-84.6102623413718,39.1269054349046],[-84.6102713130949,39.1269056445988],[-84.6103066582372,39.1269059318774],[-84.6103066409508,39.1269061268191],[-84.6103065528281,39.1269071222822],[-84.6102972108095,39.1270126080536],[-84.6102933344665,39.1270563669632],[-84.6102862394575,39.127136465271],[-84.6102708003883,39.12731078336],[-84.6102553126561,39.1274856411568],[-84.6102486341321,39.1275610401053],[-84.6102487753247,39.12756104204],[-84.6102931852375,39.1275617346615],[-84.6103262076454,39.1275622489437],[-84.6104248536337,39.1275637867889],[-84.6105383708083,39.1275655556565],[-84.6105868026338,39.1275663109919],[-84.6105869750711,39.1275663132583],[-84.6105868696387,39.1275675027627],[-84.6105864550507,39.1275721903683],[-84.6105823542497,39.1276184871291],[-84.6105738295432,39.1277147312821],[-84.6105640029004,39.1278256835596],[-84.6105579383255,39.1278941620945],[-84.6105579065889,39.1278948006162],[-84.6105578533022,39.1278958774407],[-84.6105578223434,39.1278965033335],[-84.610556332991,39.1279263966722],[-84.6105563241708,39.1279265653293],[-84.6101616155554,39.1279295113282],[-84.6099756153212,39.1279315114974],[-84.6093556162256,39.1279315120732],[-84.6076766154451,39.127882511552],[-84.6064656151327,39.1278265117512],[-84.6060236144745,39.1277965119467],[-84.6058766138973,39.127800511802],[-84.6057666147902,39.1278145121971],[-84.6056606136197,39.1278375116249],[-84.6055816145434,39.1279015110706],[-84.6055186133372,39.1279745123823],[-84.6054736150136,39.1280545121755],[-84.6054536145913,39.1281115118264],[-84.6053886142583,39.1286625118513],[-84.60538861463,39.1287525122459],[-84.6053886139269,39.128816511983],[-84.6053656140969,39.1288185110812],[-84.6046196140301,39.1287505118178],[-84.6043206145975,39.1287135117569],[-84.604142613655,39.1286755120192],[-84.6040386135824,39.1286445115855],[-84.6039896136103,39.1286235118399],[-84.6038836139975,39.1285675119209],[-84.6037686137425,39.1285145117687],[-84.6035856134803,39.128442512545],[-84.6034756138721,39.128373511538],[-84.6033316139779,39.1283295115849],[-84.6031836130787,39.1282765113932],[-84.6031036133561,39.1282565116681],[-84.6030136136548,39.1282445117207],[-84.6028726134092,39.1282375115098],[-84.6016576133325,39.1282045116454],[-84.6013696134161,39.1281935115945],[-84.60111861272,39.1281785116825],[-84.6010846127979,39.1281735117564],[-84.6010456132301,39.1281615120967],[-84.6009096127983,39.1280995117003],[-84.601015612561,39.1271245113843],[-84.6008496132995,39.1270665111332],[-84.5965246115467,39.1262725119678],[-84.5959496115355,39.1261675111637],[-84.5941496103183,39.1255685115005],[-84.590150609307,39.1220695104616],[-84.5866506080677,39.1210705117996],[-84.5864916085434,39.1212455118275],[-84.5864836079623,39.1212755110981],[-84.5862216078732,39.1215765118755],[-84.5862106077222,39.1216065110531],[-84.5852466076493,39.1224665118647],[-84.5850906076129,39.1226015116361],[-84.585005607399,39.1226525117346],[-84.5849166083902,39.1226895120808],[-84.5848446077056,39.1227105121936],[-84.5847406078225,39.1227285115856],[-84.5846336071214,39.1227335114182],[-84.5845116083893,39.1227215114652],[-84.5837526067742,39.1227145112582],[-84.5837426072858,39.122697511714],[-84.5831126073007,39.1227055114991],[-84.5830056077468,39.1228425119326],[-84.5828976065008,39.1229835119752],[-84.5823306067888,39.1237175117505],[-84.5820906072838,39.1239595124726],[-84.5818566075427,39.1241695124388],[-84.581582607644,39.124388512681],[-84.5812916070752,39.1245955119595],[-84.580986606906,39.1247875125554],[-84.5801386067475,39.1252295120062],[-84.5797656061363,39.1253855120194],[-84.5794146066823,39.1255155129452],[-84.5790556063724,39.1256325127761],[-84.5787576068229,39.1257175125836],[-84.5783176055688,39.1258735119462],[-84.5781786057499,39.125967513271],[-84.5780246061149,39.1260905122002],[-84.5778836055299,39.1262235119296],[-84.5776766059115,39.1266115129415],[-84.5776316059331,39.1267765130155],[-84.5776056066239,39.1269435134035],[-84.5776016058536,39.127046513053],[-84.577598605778,39.1271125132592],[-84.5776016058099,39.1271965132766],[-84.5775486057256,39.1280255126519],[-84.5775216055439,39.1281895133364],[-84.5774786059687,39.1283515130174],[-84.5774076063251,39.12853651354],[-84.5773146062315,39.1287155135879],[-84.5766576055687,39.1285465125675],[-84.5762816058288,39.1284505131852],[-84.5759866052386,39.1283535133611],[-84.5757656059339,39.1282655135499],[-84.5747616059018,39.1278055130312],[-84.5745626048163,39.1277355128979],[-84.5743556046686,39.1276795136097],[-84.5741436049489,39.1276375128082],[-84.5739276045186,39.1276105125716]]],[[[-84.6069097763176,39.1235267008579],[-84.6068758107938,39.123525337773],[-84.6070146143171,39.1235305113185],[-84.607014982942,39.1235305370551],[-84.6070149435123,39.1235309198171],[-84.6069097763176,39.1235267008579]]],[[[-84.6075136138927,39.118663509683],[-84.607379559629,39.118661101473],[-84.6074647005708,39.1186623825886],[-84.6075387449593,39.1186634959999],[-84.6075487398368,39.1186636467325],[-84.6075537494008,39.1186637214275],[-84.6075574062043,39.1186637765707],[-84.6075689899223,39.1186639506695],[-84.6075698763575,39.1186639642844],[-84.6075706505465,39.1186639763361],[-84.6075706375814,39.1186643928573],[-84.6075136138927,39.118663509683]]]]},"properties":{"OBJECTID":37,"SNA_NAME":"West Price Hill","SNA_NUMBER":48,"ACRES":1735.68855164,"SQMI":79.733,"app_id":"CIN-SNA-037","canonical_slug":"west-price-hill","display_name":"West Price Hill"}},{"type":"Feature","id":38,"geometry":{"type":"Polygon","coordinates":[[[-84.4392905639342,39.1172075175483],[-84.4377495630831,39.1165665180937],[-84.4374095636356,39.1164085180357],[-84.4369735632823,39.1159945174979],[-84.436749563231,39.1157755172078],[-84.436195562682,39.1152105172373],[-84.4359555626707,39.114773517903],[-84.4356525628754,39.114266517411],[-84.4353295620931,39.1137655166541],[-84.4349805619126,39.1133305176368],[-84.4347555622357,39.1130795165036],[-84.4345125623247,39.1128385166299],[-84.4342575623833,39.1126075168692],[-84.4339485625838,39.1122805165598],[-84.4336865625331,39.1119755169449],[-84.4333575613819,39.1115715167911],[-84.4331815609955,39.1113255158202],[-84.4323965621074,39.1102315166026],[-84.4321705610417,39.1099505164871],[-84.4321345614259,39.1099105162033],[-84.4318905621845,39.1096315158601],[-84.4315915606927,39.1093225163132],[-84.4313095610224,39.1090405162241],[-84.4310995610822,39.1088555160764],[-84.4308735613349,39.1086815159142],[-84.4307795612288,39.1086185156204],[-84.4308415605498,39.1085675160813],[-84.4314435609992,39.1081005167291],[-84.4319915608767,39.1085165153186],[-84.4320315613636,39.1084355168764],[-84.4310835603403,39.1068825158308],[-84.4309685604146,39.1066855157495],[-84.4307645599492,39.1063345153585],[-84.4294845607103,39.1043035150916],[-84.4299385606062,39.1032155147716],[-84.4302695609625,39.1030265155619],[-84.4313045612428,39.1026265148088],[-84.4327485615083,39.1020685148489],[-84.4334085616957,39.1030595143396],[-84.4338545618901,39.1028825145837],[-84.434531561908,39.1026285142335],[-84.43474056094,39.1025565143885],[-84.4351425617194,39.1024025145653],[-84.4351105615834,39.1023495152759],[-84.4352095607765,39.102308514652],[-84.4352335612345,39.1023375147793],[-84.4354665613211,39.1027055145896],[-84.4355295621359,39.1028315150481],[-84.4355415611044,39.1028495150888],[-84.4363115616204,39.1025645154948],[-84.4369365622426,39.1036875150869],[-84.4373445629739,39.1044895153698],[-84.4378315628488,39.1051445146231],[-84.4386915636007,39.1061795150648],[-84.4392165629688,39.106911516129],[-84.4395485638719,39.107504514964],[-84.4396215630043,39.1077105155071],[-84.4397675636783,39.1078895160292],[-84.4401565634878,39.1085255159662],[-84.440453563694,39.1089415157257],[-84.4406895638324,39.109272516538],[-84.4409585639259,39.1095855160435],[-84.4411475642084,39.1098045160369],[-84.4419095642864,39.110650516007],[-84.4425905648433,39.1114195168184],[-84.4430535651209,39.1119825166475],[-84.4432245644868,39.1121815171868],[-84.4436545652392,39.1126275163349],[-84.443840564974,39.1128255156838],[-84.4449165653462,39.1138335164441],[-84.4451815651921,39.1140705173184],[-84.4455425666591,39.1143725162258],[-84.445864565972,39.1146705169778],[-84.446190566176,39.1149705175148],[-84.4464135659525,39.1152235175181],[-84.4475705668549,39.1161675164188],[-84.4486435676203,39.1169475172536],[-84.4494675663738,39.1174905169933],[-84.4497195671225,39.1176385170339],[-84.4503385678911,39.1179405164984],[-84.4508305668925,39.1182375171992],[-84.451340567841,39.1185935176264],[-84.4525385684545,39.1192465170807],[-84.4532485683604,39.1195265170719],[-84.4553805685646,39.1203015169839],[-84.4566405695775,39.1207295174338],[-84.4570705687751,39.1208275169221],[-84.4578155700951,39.1210465177177],[-84.4587665693779,39.121392516975],[-84.4589845700055,39.1214475166897],[-84.459236570042,39.1214695172789],[-84.4602185701716,39.1216275169462],[-84.460242570983,39.1216315170042],[-84.4602885701479,39.1216375173774],[-84.4603225706191,39.1216415167835],[-84.4613965709999,39.1217655174569],[-84.4618325712103,39.1217985165653],[-84.4620775718039,39.1218355170029],[-84.4624625714766,39.1218925179421],[-84.4631785710971,39.1219565168583],[-84.4635685714994,39.1219905174633],[-84.4645595717556,39.1220235173319],[-84.4656535724868,39.1219905175628],[-84.4680485729145,39.1216885166729],[-84.4694695732711,39.1214845160214],[-84.4699105737987,39.1215285165918],[-84.4700825736904,39.1215775170682],[-84.4706105731187,39.1216215165585],[-84.4710115742031,39.1216045164467],[-84.471383574185,39.1215315169955],[-84.4716815741766,39.1214735166609],[-84.4725405742139,39.1211985166795],[-84.4740535745706,39.1206595170467],[-84.4758015750221,39.1199455163604],[-84.4760675743787,39.119800516819],[-84.4761874480207,39.1197091538466],[-84.4761961620349,39.119704407356],[-84.4762703093914,39.1196459994114],[-84.4764375752281,39.1195185161397],[-84.4766105747067,39.119387516357],[-84.4766775751726,39.1193355164486],[-84.4768925749534,39.1192355158393],[-84.4785485756344,39.1185055159921],[-84.4795825758903,39.1180145149352],[-84.4800005768533,39.1178195150663],[-84.4801025753479,39.1177725159367],[-84.4805155758954,39.1175435157307],[-84.4806135390928,39.1174588872362],[-84.480705151733,39.1174133021513],[-84.4812133436098,39.1169477543829],[-84.481315576377,39.1168925157001],[-84.4816965768739,39.1166275154124],[-84.4821505759766,39.1164395155326],[-84.4822367296807,39.1163699742687],[-84.4822636393828,39.1163588459012],[-84.4826474761198,39.1160621994971],[-84.4835671108299,39.1152324360113],[-84.4847217396339,39.114189147294],[-84.4847926539518,39.1141165861881],[-84.4852485775595,39.1137075143278],[-84.4864610607489,39.1125868129795],[-84.4865610350545,39.1125035728296],[-84.4877451683186,39.1114159773849],[-84.4880624167019,39.1111067325099],[-84.4884965778866,39.1107055133636],[-84.4885955860759,39.1105870110318],[-84.4886920115559,39.110493015741],[-84.4889442991719,39.1101744023449],[-84.4892367133697,39.1098724370655],[-84.4894598912817,39.1095374153145],[-84.489861025093,39.1088732971784],[-84.4903254500218,39.1082194190226],[-84.4913562884622,39.1070443891753],[-84.4917004616406,39.1065171859249],[-84.4918722384324,39.1062038120523],[-84.4919539361379,39.1060675746371],[-84.4923322089146,39.1054958482109],[-84.492960443687,39.1045984076423],[-84.4933104372936,39.1041063732387],[-84.4935279404292,39.103556883654],[-84.4938544424146,39.1030135849293],[-84.4939684897499,39.1028923157501],[-84.4940335792085,39.1028465119596],[-84.495339579529,39.1019475120557],[-84.496003579353,39.1013375120524],[-84.4960685795844,39.1012785121654],[-84.4961405794831,39.1012125114128],[-84.4961555797087,39.1012195116658],[-84.4967505796091,39.1014965115244],[-84.4975645796547,39.1018985123897],[-84.498435580268,39.1023615116655],[-84.4985445805538,39.1024175118585],[-84.4986685799194,39.1023355114061],[-84.4990445804294,39.1020905114899],[-84.4996785814186,39.1024395114331],[-84.4999635807166,39.1025965117595],[-84.5000965807992,39.1026755121768],[-84.500256581077,39.1027685114481],[-84.5003785812927,39.1028395119996],[-84.5007985815979,39.1030825118658],[-84.5013035815614,39.1033745114686],[-84.500626580718,39.1034945121921],[-84.500522580644,39.1035125118606],[-84.5003585813004,39.103542512746],[-84.5002295805054,39.1035655119528],[-84.5001485820969,39.103579512812],[-84.500044580827,39.1035995123485],[-84.4997535817374,39.103652511825],[-84.4996705804886,39.1036635113511],[-84.4995075809956,39.1036835121847],[-84.499230581107,39.1037335125213],[-84.499164580512,39.1037485117523],[-84.4989905808256,39.1036185121272],[-84.4989555813962,39.1035915120494],[-84.4986785804995,39.1037365126758],[-84.4983795806551,39.1038685126698],[-84.4981455801836,39.1039745118729],[-84.497925580422,39.1040885126823],[-84.4978195805768,39.1041495116452],[-84.4974875803385,39.1043685119353],[-84.4968205804907,39.1048095129926],[-84.4966105797769,39.1051505120182],[-84.495670579288,39.1057875121202],[-84.4948895794479,39.1063245130599],[-84.4946355796908,39.1064995128022],[-84.4945085799914,39.1066045121778],[-84.4943745799177,39.1067425121269],[-84.4943345804831,39.1067915126548],[-84.4942315794071,39.1068955130082],[-84.493729580029,39.1074375133376],[-84.4934455794504,39.1077795126066],[-84.4931565795746,39.1081265131054],[-84.4930575791757,39.1082455131788],[-84.4923105783167,39.1091115133012],[-84.4915675795926,39.1100175134344],[-84.4913145787547,39.1103265139593],[-84.489008579102,39.1133395146989],[-84.4880535785055,39.1145875146392],[-84.4877925776905,39.1149505153475],[-84.4875375780755,39.1152765146694],[-84.4872185780744,39.1156525156703],[-84.4868785778261,39.1160175147463],[-84.4857995780679,39.1170925154339],[-84.4853185779485,39.1175545157874],[-84.4852785780293,39.1175795159911],[-84.4852435776318,39.1176255153807],[-84.4851925776105,39.1176695155366],[-84.4845875771011,39.1181875159818],[-84.4845565773548,39.1182145152526],[-84.4841145780997,39.1185105156143],[-84.4836615772587,39.1187745152885],[-84.4825945774709,39.1194405157614],[-84.4822725764595,39.1196245160082],[-84.4819385770527,39.1197955160279],[-84.4788335754435,39.1211865167191],[-84.4773055759253,39.1218705164648],[-84.4768615757659,39.1220695165918],[-84.4756645751867,39.1226035162849],[-84.4745625743415,39.1231095165556],[-84.4737315741885,39.1234785164464],[-84.4731595747461,39.1237115164336],[-84.4725765742004,39.1239315170323],[-84.4719845751248,39.1241345177225],[-84.4705075740934,39.1246005175832],[-84.4701285744385,39.1246945176087],[-84.4697565732407,39.1247695174926],[-84.4692225735776,39.1248785167794],[-84.4683745732203,39.1250495177584],[-84.468007573201,39.1250755170402],[-84.4676795724532,39.1251145170546],[-84.4663565727964,39.1251515175413],[-84.4644515722418,39.1252045176629],[-84.4640465727507,39.1252355174161],[-84.4638025712083,39.1252615175799],[-84.4631545717731,39.1252785178323],[-84.4628305714037,39.125240518251],[-84.4622115719018,39.125149518155],[-84.4611715705945,39.1249965173209],[-84.459990570629,39.1248225173892],[-84.458279569922,39.124570517523],[-84.4582035703856,39.1245555183435],[-84.4580055703788,39.1245175183221],[-84.4577035703757,39.1244405180061],[-84.4547265695004,39.1237185180903],[-84.45339656921,39.1234185173537],[-84.4527275684877,39.1232935179381],[-84.4513145684368,39.1230205185653],[-84.4511455674811,39.1229925182745],[-84.4506465676147,39.1229095174302],[-84.4503685680185,39.1228605177452],[-84.4502655674896,39.122843517907],[-84.4500445679574,39.1227935177929],[-84.4499585679293,39.1227745179297],[-84.4496565676746,39.1226925188097],[-84.4494915678702,39.1226425181268],[-84.4483205675358,39.1221465186655],[-84.4468905662536,39.1215295174736],[-84.4464645665083,39.121331517779],[-84.4460185657386,39.1211045180567],[-84.4458725666006,39.1210265177461],[-84.4454875654982,39.1208065172393],[-84.4443005657789,39.1201285174731],[-84.4426335657183,39.1191545178656],[-84.4425005660377,39.1190765180861],[-84.4401685644382,39.1177155175898],[-84.4392905639342,39.1172075175483]]]},"properties":{"OBJECTID":38,"SNA_NAME":"East End","SNA_NUMBER":12,"ACRES":774.56345919,"SQMI":79.733,"app_id":"CIN-SNA-038","canonical_slug":"east-end","display_name":"East End"}},{"type":"Feature","id":39,"geometry":{"type":"Polygon","coordinates":[[[-84.442849567717,39.1448175226842],[-84.4427475670378,39.1448075232243],[-84.4412685671227,39.1446975219888],[-84.4396945661134,39.1445955218744],[-84.437315565051,39.1444265229156],[-84.4365115657621,39.1443855226308],[-84.4354795657668,39.1443185231523],[-84.4334495651005,39.1442085228228],[-84.4235455616711,39.1436495234137],[-84.4220575615535,39.1435595234295],[-84.4202645611104,39.143418523672],[-84.4201445609305,39.1434095233367],[-84.4200235597342,39.1434035235893],[-84.4178295604192,39.1432945230071],[-84.4144425589443,39.1431285234527],[-84.4135715578748,39.143001522994],[-84.4126585579592,39.1428305235535],[-84.4116365575222,39.1425155235538],[-84.4109755577795,39.1422955235004],[-84.4109265578986,39.1422795237918],[-84.4103595578681,39.1420035232095],[-84.409882557514,39.1417465226036],[-84.4097875568707,39.1416495230336],[-84.4093285577472,39.1412195236217],[-84.4089745572474,39.1408555230536],[-84.4083885565419,39.1400225231333],[-84.4080815562342,39.1395875229075],[-84.4147475582694,39.1399785225846],[-84.4149395587599,39.1399885232043],[-84.4150155580902,39.1392075228694],[-84.4163555582495,39.1392995228859],[-84.4171065589301,39.1393475235799],[-84.4187485596519,39.1394555230806],[-84.4199095600058,39.1395195228929],[-84.4199795594759,39.1381695226754],[-84.4208445604301,39.1379825230573],[-84.4215595595165,39.1378575220426],[-84.4217775607149,39.1377495213328],[-84.4224175607419,39.1373345227515],[-84.4227785604844,39.1372305215643],[-84.4233315611435,39.1371095215566],[-84.4241325605606,39.1370155220263],[-84.4246715620102,39.1369735212598],[-84.4249545609041,39.1368625215851],[-84.4251145616282,39.1367955219272],[-84.4258635615051,39.1364985224434],[-84.4259765618045,39.1364825209644],[-84.4268845617,39.1365385219963],[-84.4269905615428,39.1352855218898],[-84.4270525625562,39.1343015211144],[-84.427183561499,39.1326745212521],[-84.4272955610447,39.132325521104],[-84.4273575617954,39.1321375209434],[-84.4274475617494,39.1319265209529],[-84.4275555612578,39.1317205213174],[-84.4276285614872,39.1315945203387],[-84.4277605611326,39.1313985208405],[-84.4279095621008,39.1312095203804],[-84.4280755616942,39.1310285208591],[-84.428206562541,39.1308945205672],[-84.4283925624624,39.1307235206514],[-84.4285915624572,39.1305615205602],[-84.4287745612308,39.1304275203356],[-84.4295275622676,39.1298445205754],[-84.4297745626307,39.1296045199084],[-84.4298765618748,39.1294925201485],[-84.4299635617147,39.1293725203783],[-84.4300345620431,39.1292465195062],[-84.4300885620324,39.129115519932],[-84.4301475627039,39.1288965200959],[-84.4302075625905,39.1286735202144],[-84.4304065625797,39.1285465192553],[-84.4307995632378,39.1283375203165],[-84.4329515627404,39.1272355198939],[-84.433134563599,39.1269985196704],[-84.4339275634493,39.1258085198013],[-84.4340405628164,39.1248565198172],[-84.4350985628875,39.1233075192126],[-84.4353035636891,39.1229925185191],[-84.4354495627742,39.1227915183876],[-84.435807563511,39.1222715188051],[-84.436015563723,39.1219595183509],[-84.4364325634054,39.1213425183927],[-84.4369365638311,39.1206075178354],[-84.4379965644118,39.1190625181732],[-84.4383575637798,39.1185655175808],[-84.4386775638366,39.1180785171491],[-84.4392905639342,39.1172075175483],[-84.4401685644382,39.1177155175898],[-84.4425005660377,39.1190765180861],[-84.4426335657183,39.1191545178656],[-84.4443005657789,39.1201285174731],[-84.4454875654982,39.1208065172393],[-84.4458725666006,39.1210265177461],[-84.4460185657386,39.1211045180567],[-84.4464645665083,39.121331517779],[-84.4468905662536,39.1215295174736],[-84.4483205675358,39.1221465186655],[-84.4494915678702,39.1226425181268],[-84.4496565676746,39.1226925188097],[-84.4499585679293,39.1227745179297],[-84.4500445679574,39.1227935177929],[-84.4502655674896,39.122843517907],[-84.4503685680185,39.1228605177452],[-84.4506465676147,39.1229095174302],[-84.4511455674811,39.1229925182745],[-84.4513145684368,39.1230205185653],[-84.4527275684877,39.1232935179381],[-84.45339656921,39.1234185173537],[-84.4547265695004,39.1237185180903],[-84.4577035703757,39.1244405180061],[-84.4580055703788,39.1245175183221],[-84.4582035703856,39.1245555183435],[-84.458279569922,39.124570517523],[-84.459990570629,39.1248225173892],[-84.4611715705945,39.1249965173209],[-84.4622115719018,39.125149518155],[-84.4628305714037,39.125240518251],[-84.4631545717731,39.1252785178323],[-84.4638025712083,39.1252615175799],[-84.4637075723454,39.1255265179503],[-84.4636465714059,39.1257415178478],[-84.4634845720887,39.1264435175685],[-84.4634685716263,39.1266195176556],[-84.4634835726614,39.1268665189646],[-84.4635135725377,39.1271125183497],[-84.463556571608,39.1272865179646],[-84.4635685719029,39.1273355174413],[-84.463643572047,39.1275545177512],[-84.4639685728454,39.1282995186072],[-84.4644125722654,39.1293395188294],[-84.4644455723955,39.1294765188158],[-84.4644585725404,39.1296155192139],[-84.4644545730232,39.129754518479],[-84.4644235716488,39.1299195191837],[-84.4643775732956,39.1300535186274],[-84.4643285724754,39.1301585192262],[-84.4642515723248,39.1302835184039],[-84.4641775723618,39.1303785186735],[-84.4636025730029,39.1309185188721],[-84.4632605725296,39.1312315188447],[-84.4631125728736,39.1313115191063],[-84.4629545724539,39.1313805186161],[-84.4628235717942,39.1314265190898],[-84.4616795720238,39.1316755192538],[-84.4615615719082,39.1317205197939],[-84.4614785710528,39.1317625186784],[-84.4614025712437,39.1318115188756],[-84.4609195716589,39.1321955187347],[-84.4607995714841,39.1322915192027],[-84.4606595715835,39.1324225199118],[-84.4605075710305,39.1325455187465],[-84.460371570963,39.1326395187818],[-84.4602185714876,39.1327555196998],[-84.4595505708323,39.1330435200874],[-84.4593995715578,39.1331235202131],[-84.4592335712755,39.1332345199421],[-84.4591075716674,39.1333385200858],[-84.4589745707752,39.1334735198197],[-84.4588475713634,39.1336835194559],[-84.4583495708533,39.1345195200408],[-84.4581265705491,39.1348715196625],[-84.458000571414,39.1350375200875],[-84.4578685709346,39.1351915201795],[-84.4577775708817,39.135325519835],[-84.4576675707893,39.1354355200595],[-84.4574655701724,39.1356705199938],[-84.4572805708834,39.1359435202506],[-84.4567515714053,39.136945520619],[-84.4566825702875,39.1370485197922],[-84.4565985709334,39.1371435205574],[-84.4564985712688,39.1372295207452],[-84.4564435707373,39.1372685204457],[-84.456269570857,39.137380520124],[-84.4563645713881,39.1374685202294],[-84.4563895703115,39.1375175199348],[-84.4564765704813,39.1379135209844],[-84.4565895702725,39.1384675212537],[-84.4566665711074,39.1388155208591],[-84.4567155713617,39.1390345207673],[-84.4568605704693,39.139787521257],[-84.4568775704217,39.1400945209437],[-84.4568665707726,39.1402555206478],[-84.4568485717851,39.1403535214958],[-84.4568245711886,39.1404315210959],[-84.4567945711038,39.1404675211315],[-84.456693571578,39.1406415205549],[-84.4566765710823,39.1407075211923],[-84.4566705715601,39.1408135205194],[-84.4566675705842,39.1410245212541],[-84.456688571019,39.1412385218424],[-84.4567305711656,39.1415205207824],[-84.4567755716055,39.1419265207737],[-84.4563255717845,39.1419295215698],[-84.4557415707659,39.1419435209972],[-84.4557515702663,39.1420235209811],[-84.4556805716384,39.1426635207589],[-84.4556175710234,39.1433155212866],[-84.455568570969,39.143592522192],[-84.4555955714115,39.143627521684],[-84.4557965711528,39.143859521187],[-84.455653571099,39.1439155211873],[-84.4555035707076,39.1439485217549],[-84.4554025710913,39.1439625222548],[-84.4553025706681,39.1439655224516],[-84.4543095701447,39.1439275219216],[-84.4541615715474,39.1452275225017],[-84.4541395707164,39.1454075221367],[-84.4542885703433,39.1454535213438],[-84.4548845717732,39.1456285214167],[-84.4547856682484,39.1456875357894],[-84.4546685159377,39.1456503294032],[-84.4546607557194,39.1457159738545],[-84.4546588576659,39.1457309825066],[-84.4545905714147,39.1457225225885],[-84.4544686042293,39.145963668097],[-84.4544524598751,39.1459708915631],[-84.4544231883634,39.1459839883669],[-84.4543959957318,39.145996154513],[-84.4543733232213,39.1460062991718],[-84.4543702985671,39.1460074647099],[-84.4543527264016,39.1460153150075],[-84.454350722891,39.1460162101478],[-84.4543475982525,39.1460179414053],[-84.454342684507,39.1460206633005],[-84.4543419084579,39.14602109265],[-84.4543239810513,39.1460310239657],[-84.4542587998615,39.1460671324168],[-84.4542512389289,39.1460713207265],[-84.4541702611615,39.1461161793238],[-84.4541422657305,39.1461316872841],[-84.4540929081527,39.1461549895356],[-84.4540204798484,39.1461891845987],[-84.4540143192608,39.1461920923782],[-84.4540043819402,39.1462089898748],[-84.4539962886571,39.1462227513997],[-84.4539615706614,39.1462355218018],[-84.4538302468886,39.146362439669],[-84.4538260331128,39.146364619049],[-84.4538051228145,39.1463754348859],[-84.4537324118341,39.1464130448623],[-84.4537252481734,39.1464167498059],[-84.4536543496525,39.1464493817251],[-84.453544213187,39.1465000714934],[-84.4535301650591,39.146506536895],[-84.4534788934123,39.146529598119],[-84.4533363957291,39.146593693079],[-84.4533343249275,39.1465946244745],[-84.4533257605831,39.146598476429],[-84.4533170328253,39.1466024023159],[-84.453124933779,39.1466888064839],[-84.4529262286917,39.1467781814108],[-84.4529259407135,39.1467783115022],[-84.4529221121045,39.1467784462683],[-84.4528527972674,39.1467808895843],[-84.4528511252628,39.1467816818051],[-84.4528145616191,39.1467990078302],[-84.4528140476917,39.1467992516506],[-84.4528137598882,39.1467993880459],[-84.4528136239825,39.1467994525048],[-84.4528115134326,39.1468004530371],[-84.4528095993111,39.1468013601597],[-84.4528071998011,39.1468024971067],[-84.4528004386836,39.1468057005555],[-84.4527955905558,39.1468079978015],[-84.452784118396,39.1468134349173],[-84.4527702661348,39.1468199996412],[-84.4526962753631,39.1468550617144],[-84.4526920314002,39.1468570730708],[-84.4526745702399,39.1468425220442],[-84.4523883554955,39.1469679506646],[-84.452246033389,39.1470173088256],[-84.4521458328918,39.1470520576958],[-84.4520569384097,39.1470828868372],[-84.4518877837444,39.1471415487523],[-84.4518664676005,39.1471428086091],[-84.4517745701881,39.1470565221308],[-84.4517493773729,39.1470444734857],[-84.4517301011142,39.1470186784959],[-84.4516337864574,39.1469858377809],[-84.4516298925014,39.1469873287278],[-84.4516135699145,39.1469795222858],[-84.4505515696019,39.1473855224667],[-84.4494994705541,39.1477982461773],[-84.4494884601362,39.1478021975352],[-84.4494851319282,39.1478043979043],[-84.449444569089,39.1478265231021],[-84.4493939264303,39.147840425724],[-84.4493934143206,39.1478405271382],[-84.4493661385847,39.1478426165482],[-84.4493392178779,39.1478416104108],[-84.449312647434,39.147837336713],[-84.4492982872362,39.1478333217533],[-84.4492961274794,39.147832717443],[-84.449277223105,39.1478718481788],[-84.4492592735938,39.1479057297773],[-84.449215920386,39.1479875605469],[-84.4491712145847,39.1480719440792],[-84.449168724023,39.1480766450833],[-84.4490745695121,39.1481755227884],[-84.4490045487256,39.1482013461071],[-84.4489235486878,39.1482072901837],[-84.4487466409344,39.1481421101429],[-84.4487309847187,39.1481363419004],[-84.4487150642943,39.1481304762819],[-84.4487104346274,39.148127513175],[-84.4487013354622,39.1481216878851],[-84.4486324440252,39.1480775896527],[-84.4486238388456,39.1480822798798],[-84.4485067301699,39.1481461123675],[-84.4484918759591,39.1481542080079],[-84.4484467741998,39.1481787913999],[-84.4484465747162,39.1481789001706],[-84.448471516671,39.1479835127648],[-84.4484834947637,39.1478896845745],[-84.4484865619272,39.1478656652004],[-84.448511745263,39.1476683906037],[-84.4485211980441,39.1475943379164],[-84.448527986165,39.1475411668216],[-84.4485615181469,39.1474744032121],[-84.4486106448883,39.1473765917111],[-84.4486121340723,39.14737362668],[-84.4486267495429,39.1473469471456],[-84.4486269705078,39.1473465280652],[-84.4490255697202,39.1466185227824],[-84.4491532117545,39.1461369608341],[-84.4491555665804,39.1461291193779],[-84.4491911892023,39.1460104761379],[-84.4491952674824,39.1459968950882],[-84.4492110422966,39.1459443567347],[-84.449227103114,39.1458908666057],[-84.4492349067981,39.1458648754449],[-84.4492745205549,39.1457329409088],[-84.4492938247392,39.1456686471571],[-84.4493570843027,39.1454579584619],[-84.4496445686972,39.1454755220015],[-84.4499015694693,39.1454835223732],[-84.4499235184766,39.1453008458868],[-84.4502472878102,39.1453172949151],[-84.4507844703806,39.1453445840094],[-84.4508637442486,39.1453486111988],[-84.4508702659948,39.145266064167],[-84.4508703592703,39.1452648804683],[-84.4508017738755,39.1452609086106],[-84.4505082819111,39.1452439112347],[-84.450446284029,39.1452403211996],[-84.4500605389179,39.1452179800315],[-84.4500386811847,39.1452167141214],[-84.4497464366543,39.1451997884491],[-84.4496566972306,39.1451940930132],[-84.4495501736897,39.1451873318148],[-84.4495498468198,39.1451873111817],[-84.4494299064509,39.1451796987627],[-84.4492756838811,39.1451699108977],[-84.448552470032,39.1451240072383],[-84.4485419727687,39.1451301366472],[-84.4483837703618,39.1451210262728],[-84.4479713598108,39.1450972774008],[-84.4478849255239,39.1450922990379],[-84.4475349464463,39.1450792282071],[-84.4474634052508,39.1450765555372],[-84.44731556818,39.1450710340348],[-84.4471025894707,39.1450630788663],[-84.4470062020554,39.1450594779598],[-84.4469608415092,39.1450577835235],[-84.4469180372974,39.1450561848993],[-84.4468493316318,39.1450536183098],[-84.4467523674359,39.1450499962434],[-84.4466650212691,39.145045426027],[-84.4466614624518,39.1450957100044],[-84.4466613618105,39.1450971316894],[-84.4466601420532,39.1451143831273],[-84.445901568036,39.1450835224085],[-84.4437715667636,39.144883523205],[-84.4433305675693,39.144855522168],[-84.442849567717,39.1448175226842]]]},"properties":{"OBJECTID":39,"SNA_NAME":"Hyde Park","SNA_NUMBER":19,"ACRES":1859.59713053,"SQMI":79.733,"app_id":"CIN-SNA-039","canonical_slug":"hyde-park","display_name":"Hyde Park"}},{"type":"Feature","id":40,"geometry":{"type":"Polygon","coordinates":[[[-84.4716515327266,39.1571778005024],[-84.4716501394459,39.1571715738398],[-84.4716291366854,39.1570773692494],[-84.4716251647791,39.1570613572394],[-84.4715545758792,39.1567768171088],[-84.4715064090699,39.1565826551322],[-84.4714809538364,39.1564800458457],[-84.4714741964038,39.1564528094704],[-84.4714407584456,39.1563180173266],[-84.4714067753514,39.1561810314556],[-84.4714064125625,39.1561795671642],[-84.4713818149017,39.1560804148942],[-84.4713730820154,39.1560452119705],[-84.4713388864948,39.1559073683197],[-84.471306273673,39.1557759003775],[-84.47128658869,39.1556965491087],[-84.4712723550554,39.155639172865],[-84.4712504493786,39.1555508671953],[-84.4712285437568,39.1554625615207],[-84.4711944544164,39.1553251413035],[-84.4711840790215,39.1552833158832],[-84.471162430631,39.1551960473991],[-84.471161550051,39.1551925015501],[-84.4711268843031,39.1550527574788],[-84.4710937439101,39.1549191612352],[-84.4710850217275,39.1548839995553],[-84.4710619409514,39.1547909546558],[-84.4710265214496,39.1546481698224],[-84.4709938850917,39.1545166048855],[-84.4709836183394,39.1544752200004],[-84.4709180537639,39.1542109102181],[-84.4709140756406,39.1541948712597],[-84.4709118211454,39.1541857840822],[-84.4708979924996,39.1541300353548],[-84.4708291892904,39.1541260022956],[-84.4708325765283,39.1540535228077],[-84.4705167772301,39.1540535224131],[-84.4705196216814,39.154025366863],[-84.4705236471354,39.1539855095628],[-84.4705276855217,39.1539455358114],[-84.470532398712,39.1538988794651],[-84.4705375944528,39.1538474341238],[-84.4705470397894,39.1537539318929],[-84.4705746887147,39.1534802116085],[-84.4706023374499,39.1532064922104],[-84.4706029216729,39.1532007067648],[-84.4706299859446,39.1529327718974],[-84.4706497771885,39.1527368374279],[-84.4706576342492,39.1526590524709],[-84.4706852823386,39.1523853330301],[-84.4707129301874,39.1521116126745],[-84.4707405778463,39.1518378932053],[-84.4707571654078,39.1516736613525],[-84.4707626953405,39.1516189170872],[-84.4707682252646,39.1515641728213],[-84.4707854965747,39.1513931708087],[-84.4707958724928,39.1512904533236],[-84.4708066621345,39.1511836309791],[-84.4709865761016,39.1500355217235],[-84.4711135759649,39.1487685212635],[-84.4711316089885,39.1486813611467],[-84.4711969995284,39.148685863721],[-84.4712430768479,39.1482228386834],[-84.4712432104214,39.1482214947977],[-84.4712229342245,39.1482399544677],[-84.4712935753611,39.1478985221287],[-84.4724195761236,39.1468445215608],[-84.4719252003857,39.1469515902783],[-84.4719357558887,39.146941946468],[-84.4719382492297,39.146939668638],[-84.4719231858554,39.1469461454524],[-84.471893158841,39.1469585297378],[-84.4709835761625,39.1471555216828],[-84.4695535748243,39.1470775211554],[-84.4672565747199,39.1469515221906],[-84.4670135746686,39.1469375218936],[-84.4660475739045,39.1468805218932],[-84.4614030014721,39.1466174031724],[-84.4614061250458,39.1465873951771],[-84.4614084749413,39.1465648264379],[-84.4614085980615,39.146563640421],[-84.4612002463011,39.1465560427317],[-84.4611901344466,39.1465556740644],[-84.4595616693371,39.1464962761369],[-84.458584917586,39.1464310849137],[-84.4585850268773,39.1464298576875],[-84.4585851327717,39.1464286746684],[-84.4584160009856,39.1464183407324],[-84.4583990665173,39.146417004043],[-84.4583796605572,39.1464168335624],[-84.4583736317071,39.1464167804189],[-84.4583648379373,39.1464164568187],[-84.4571835723889,39.1463455221503],[-84.457165572012,39.1462885223858],[-84.4571655724731,39.1462615225801],[-84.4571725712616,39.1462205218107],[-84.4571367657421,39.1462129945568],[-84.4571193155195,39.1462088399053],[-84.4571132081013,39.1462080419828],[-84.4569965710795,39.1461835218068],[-84.4567485718618,39.146132522134],[-84.4561025711162,39.1461945218662],[-84.4560983163243,39.1461968461844],[-84.4560861781216,39.1461933874437],[-84.4559611069931,39.1461577485494],[-84.4558772244129,39.1461338469083],[-84.4557425718672,39.1459965223785],[-84.4557725166818,39.1459545219608],[-84.4557797178747,39.1459495512309],[-84.455779803013,39.1459494921299],[-84.4557809439554,39.145948703418],[-84.455777362154,39.1459477258686],[-84.4558195714395,39.1458885218253],[-84.4556455718969,39.1458425218582],[-84.4553285713254,39.1457595221007],[-84.4550185716102,39.1456685213712],[-84.4548845717732,39.1456285214167],[-84.4542885703433,39.1454535213438],[-84.4541395707164,39.1454075221367],[-84.4541615715474,39.1452275225017],[-84.4543095701447,39.1439275219216],[-84.4553025706681,39.1439655224516],[-84.4554025710913,39.1439625222548],[-84.4555035707076,39.1439485217549],[-84.455653571099,39.1439155211873],[-84.4557965711528,39.143859521187],[-84.4555955714115,39.143627521684],[-84.455568570969,39.143592522192],[-84.4556175710234,39.1433155212866],[-84.4556805716384,39.1426635207589],[-84.4557515702663,39.1420235209811],[-84.4557415707659,39.1419435209972],[-84.4563255717845,39.1419295215698],[-84.4567755716055,39.1419265207737],[-84.4567305711656,39.1415205207824],[-84.456688571019,39.1412385218424],[-84.4566675705842,39.1410245212541],[-84.4566705715601,39.1408135205194],[-84.4566765710823,39.1407075211923],[-84.456693571578,39.1406415205549],[-84.4567945711038,39.1404675211315],[-84.4568245711886,39.1404315210959],[-84.4568485717851,39.1403535214958],[-84.4568665707726,39.1402555206478],[-84.4568775704217,39.1400945209437],[-84.4568605704693,39.139787521257],[-84.4567155713617,39.1390345207673],[-84.4566665711074,39.1388155208591],[-84.4565895702725,39.1384675212537],[-84.4564765704813,39.1379135209844],[-84.4563895703115,39.1375175199348],[-84.4563645713881,39.1374685202294],[-84.456269570857,39.137380520124],[-84.4564435707373,39.1372685204457],[-84.4564985712688,39.1372295207452],[-84.4565985709334,39.1371435205574],[-84.4566825702875,39.1370485197922],[-84.4567515714053,39.136945520619],[-84.4572805708834,39.1359435202506],[-84.4574655701724,39.1356705199938],[-84.4576675707893,39.1354355200595],[-84.4577775708817,39.135325519835],[-84.4578685709346,39.1351915201795],[-84.458000571414,39.1350375200875],[-84.4581265705491,39.1348715196625],[-84.4583495708533,39.1345195200408],[-84.4588475713634,39.1336835194559],[-84.4589745707752,39.1334735198197],[-84.4591075716674,39.1333385200858],[-84.4592335712755,39.1332345199421],[-84.4593995715578,39.1331235202131],[-84.4595505708323,39.1330435200874],[-84.4602185714876,39.1327555196998],[-84.460371570963,39.1326395187818],[-84.4605075710305,39.1325455187465],[-84.4606595715835,39.1324225199118],[-84.4607995714841,39.1322915192027],[-84.461179572012,39.1323145189969],[-84.4621785725421,39.1321585189339],[-84.4630255719821,39.1320085189802],[-84.4628835716104,39.1335715198679],[-84.4633715724798,39.1332535194433],[-84.4637505721164,39.1332795192393],[-84.4646415728452,39.1333415185561],[-84.4640675730394,39.1343035192507],[-84.4659965734012,39.1344625194781],[-84.4663285740118,39.1344815196346],[-84.4684015741281,39.1346005199071],[-84.4685065744656,39.1336345189055],[-84.4685205737304,39.1335675193521],[-84.4686585738774,39.133560519394],[-84.4688755735885,39.1335815191983],[-84.4690285741752,39.1335895191642],[-84.4694555738515,39.1335795192167],[-84.4696045747972,39.1335815189178],[-84.4697735747615,39.1336055193528],[-84.470195573969,39.1336485193573],[-84.47025057503,39.1336565190619],[-84.4703025742624,39.1334755198854],[-84.4707425747168,39.1335065194127],[-84.4720865745368,39.1336015189905],[-84.4722045748716,39.1324555185096],[-84.4722575750345,39.132067519236],[-84.4722845747728,39.1318005195331],[-84.4723205750819,39.1315675179967],[-84.4735525750853,39.1316425189126],[-84.4746185757605,39.1317115181099],[-84.4765285761501,39.1318235183258],[-84.4765575765597,39.1316185184523],[-84.477005576719,39.1316595184646],[-84.4777845765792,39.1317455179741],[-84.478695577578,39.1318405183169],[-84.4788695773267,39.1318505182912],[-84.478787576674,39.1323815189419],[-84.4786935776045,39.1330755188305],[-84.4786565772054,39.1335435185952],[-84.4785915771021,39.1340215191043],[-84.4787925771867,39.1343165187528],[-84.4792855766439,39.1346315181689],[-84.4796755770943,39.1348685189163],[-84.4801185780036,39.1352025188819],[-84.4803025771785,39.1353715185136],[-84.4804495779302,39.1355275184034],[-84.4806025774283,39.1357135196215],[-84.480737578193,39.1359085194212],[-84.4814665778458,39.1370365191487],[-84.4815595781491,39.1372185196822],[-84.4816485779138,39.1374305195307],[-84.4817205782301,39.1376465194096],[-84.4817785775673,39.1378935194294],[-84.4821145777992,39.1389755195909],[-84.4821805785014,39.1390985193318],[-84.4823285783878,39.1394095195821],[-84.4824935784631,39.1397155202159],[-84.482835578819,39.1402795200495],[-84.4834235783705,39.1412315203896],[-84.4835315791536,39.1414355198307],[-84.4835995793156,39.1415895202618],[-84.4836805791185,39.1417825205594],[-84.4837605791328,39.1420235199607],[-84.483831579581,39.1423225197267],[-84.4837365794438,39.1424605201225],[-84.4824175787434,39.1440505202393],[-84.4803985779784,39.1447555202982],[-84.4786635779518,39.1453605211023],[-84.4744175763398,39.1457315214568],[-84.4744015770924,39.1458715211092],[-84.4743095764647,39.1466875216503],[-84.4747515770298,39.1467155215677],[-84.4763805768785,39.1468325220386],[-84.476525577867,39.1468665217146],[-84.4766405773134,39.1469075218195],[-84.4767775775774,39.1469795210867],[-84.4770775775149,39.1472195217538],[-84.4772025778616,39.1472935217848],[-84.4772935767543,39.1473395221246],[-84.4774115775759,39.1473765211345],[-84.4775335779239,39.1474015214228],[-84.4790065788991,39.1475005206725],[-84.4770615775001,39.1485405211526],[-84.4768385776761,39.1486825215878],[-84.4766025779211,39.1488525215883],[-84.4763815778808,39.1490345219649],[-84.4762415767399,39.1491625219076],[-84.4756225774763,39.1499025212818],[-84.4754115769063,39.1503075224691],[-84.4749715771945,39.1512635219635],[-84.4748795772496,39.1514265224828],[-84.4736935765779,39.1528095221432],[-84.4735665774362,39.1529765230775],[-84.4734225768083,39.153135522044],[-84.4732635772857,39.1532845224841],[-84.4730895767759,39.1534245226989],[-84.472429576505,39.1538675231538],[-84.4723115766092,39.1539765224413],[-84.4722275764035,39.1540705234559],[-84.4721405769993,39.1541955226427],[-84.4720725768107,39.1543285222365],[-84.4720415765156,39.1544105230022],[-84.4718955758502,39.1548695231845],[-84.4718335764942,39.1554335237576],[-84.4718165763072,39.1556295235854],[-84.4718095773929,39.1559935236063],[-84.471822576721,39.1561595230248],[-84.4718525759282,39.1563235232378],[-84.4719075768058,39.1565115230549],[-84.4719495762094,39.1566175234661],[-84.4721635768359,39.1572085236247],[-84.4716515327266,39.1571778005024]]]},"properties":{"OBJECTID":40,"SNA_NAME":"Evanston","SNA_NUMBER":17,"ACRES":879.44149096,"SQMI":79.733,"app_id":"CIN-SNA-040","canonical_slug":"evanston","display_name":"Evanston"}},{"type":"Feature","id":41,"geometry":{"type":"Polygon","coordinates":[[[-84.5208972964626,39.201222561823],[-84.5208935947666,39.2011955298263],[-84.520897595569,39.200973529153],[-84.5208985943877,39.2008875298265],[-84.5209255947596,39.2005815298419],[-84.5209765944854,39.2002765291453],[-84.5210305953063,39.2001455294928],[-84.5211535942537,39.1998865287628],[-84.5212825953908,39.1996605296202],[-84.5227445947452,39.1977015283534],[-84.5228305943219,39.1975775294786],[-84.5229715953823,39.1973495286889],[-84.5230805959356,39.1971405287364],[-84.5231855950877,39.1969005284268],[-84.5232525950071,39.19670952877],[-84.5233215946266,39.1964615287459],[-84.5233685954193,39.1962115290933],[-84.5234805953824,39.1952055276603],[-84.5235685957072,39.1942955278998],[-84.5236975945369,39.1931845276967],[-84.5238435942277,39.1915415277925],[-84.5239355950661,39.1905135276887],[-84.5240705954058,39.1895855270676],[-84.524097593999,39.189363527323],[-84.5241225949151,39.1890155270349],[-84.5241255948237,39.1886665275101],[-84.5241105945391,39.1883485273375],[-84.524072594969,39.1880015270736],[-84.5240135950692,39.1876495275713],[-84.5239435941786,39.187323526222],[-84.5238465943823,39.1869635271187],[-84.5237295942123,39.1866075268863],[-84.5235925938389,39.1862565265059],[-84.5234195937296,39.1858745269974],[-84.523260594359,39.1855685260175],[-84.522411593824,39.1842895264669],[-84.5214955936247,39.1828805254974],[-84.5210475929253,39.1822455258633],[-84.5206285931547,39.1816395262019],[-84.5201225927404,39.1806925255022],[-84.5200135932287,39.1804585254024],[-84.5199085924183,39.1801925259549],[-84.5198215925319,39.1799235261244],[-84.519748592198,39.179623525086],[-84.5196985924883,39.1793205258753],[-84.5196375927599,39.1774315255992],[-84.5196355926589,39.1767695249232],[-84.5195885924782,39.1760395252478],[-84.5198385925722,39.1760575247821],[-84.5198865923253,39.1760725244507],[-84.5211425932723,39.1767515256967],[-84.5242815934304,39.1784345247189],[-84.5245255946643,39.1785555252062],[-84.5250015942991,39.1788105251873],[-84.5253065944039,39.1789875256826],[-84.5255155942579,39.1791155253381],[-84.5259385947207,39.1794065248865],[-84.5260635949925,39.1795155256179],[-84.526192594201,39.179657525842],[-84.5262405948765,39.1797335260214],[-84.5262735949846,39.179815525049],[-84.5263395946409,39.1800655260618],[-84.5265615953569,39.1807465261403],[-84.5266605947047,39.1809845254463],[-84.5268945952952,39.1814975252342],[-84.5269545956789,39.1816905254894],[-84.5270035946068,39.1819205248818],[-84.5270585953501,39.1821395250662],[-84.5271325950749,39.1825275258144],[-84.5273385952346,39.1835035253027],[-84.5274475954379,39.1840475260491],[-84.5275625959267,39.1845615257657],[-84.527673595675,39.184913525903],[-84.5284345953295,39.1869745260784],[-84.5285345965891,39.187224526056],[-84.5286975969897,39.1876045263209],[-84.5287525963639,39.1877015268084],[-84.5288195958533,39.1878925269134],[-84.528891596963,39.188124526306],[-84.5289365964286,39.1883495265781],[-84.5289555964604,39.1886045270874],[-84.5289625968439,39.1892745266291],[-84.5289095969894,39.1894805270596],[-84.5288905969008,39.1896505270499],[-84.5289075968885,39.1898465272843],[-84.5289435961541,39.1900065272301],[-84.5290325965219,39.1902115264258],[-84.5290845970882,39.1903465268299],[-84.5291115964226,39.1904445268513],[-84.5291275965133,39.1906455272117],[-84.5291315962809,39.1907805273597],[-84.5291485964428,39.1909165273265],[-84.5292145968724,39.1910425275465],[-84.5293165965698,39.191151527317],[-84.5294685967392,39.1912795281016],[-84.5298945961391,39.1915425274268],[-84.5300615968846,39.1916555269228],[-84.5301565965486,39.1917535271049],[-84.5302035967227,39.1918285269111],[-84.5302325972787,39.1919385275801],[-84.5302205967739,39.1920145273891],[-84.5301795976251,39.1921045275018],[-84.5299135965113,39.1923915282653],[-84.5298235965524,39.1925165272335],[-84.5297945965188,39.1926355276208],[-84.5298165966468,39.192736527964],[-84.5298785968098,39.1928255269065],[-84.5299515968774,39.1929195268725],[-84.5307655978973,39.1936495276297],[-84.5309635962857,39.1937675273618],[-84.5310995967102,39.1938105276792],[-84.5312745964996,39.1938295283051],[-84.5314385969347,39.1938265280813],[-84.5316315970802,39.1937865273595],[-84.5317825975353,39.1936995272505],[-84.5319255974144,39.1935765277895],[-84.5321475977951,39.193255526978],[-84.5322425982314,39.1931705279425],[-84.5323465972821,39.1931005273617],[-84.5325315979038,39.1930295275493],[-84.5326915976382,39.1929875270961],[-84.5328445973603,39.19297752739],[-84.5331455968283,39.1912765270307],[-84.535645598661,39.1912745273058],[-84.5362465973645,39.1872715258227],[-84.5369475988102,39.1871705260092],[-84.5371465984081,39.1861695259551],[-84.5367475988666,39.1850685256614],[-84.5398495996762,39.1836665251554],[-84.5406165986757,39.1832185250259],[-84.541049599187,39.1829665256513],[-84.541548599588,39.1840665247254],[-84.5417485998311,39.184066525133],[-84.5433465999049,39.186966526214],[-84.5450906007658,39.1872385259503],[-84.5449396004451,39.186186525875],[-84.5449336002119,39.1860745254885],[-84.5449096002889,39.1859355258585],[-84.544869600244,39.1857985256199],[-84.5448106008446,39.1856665248927],[-84.5447366010271,39.1855385251044],[-84.5446466009874,39.1854175253578],[-84.5445636009978,39.1853255252661],[-84.5444736008449,39.1852075258244],[-84.5443956004588,39.1850845249701],[-84.5443196009266,39.1849305249109],[-84.5442625998806,39.1847715253846],[-84.5442266002523,39.1846085255046],[-84.5442116000233,39.1844445248521],[-84.5442166011024,39.1842795248022],[-84.5443966004713,39.1831545252028],[-84.544422599734,39.1829955244298],[-84.5444876003693,39.1824665246964],[-84.5444726010775,39.1818345252663],[-84.5444226002119,39.1809615250633],[-84.5444185992972,39.1808865244246],[-84.5444306008929,39.1807485246275],[-84.5444635995093,39.1805575246713],[-84.5445155995746,39.1803695245094],[-84.5445846004626,39.1801845242365],[-84.5447486004803,39.1798445245993],[-84.5448066000516,39.1796745247243],[-84.5448716004776,39.1794215245967],[-84.5449076001322,39.1791935238851],[-84.5449426004605,39.1787485239102],[-84.5452976002448,39.178558524055],[-84.5453596000522,39.1785315234917],[-84.5455395999161,39.1784415242816],[-84.5457076002576,39.1783385236893],[-84.5458625999099,39.1782235242504],[-84.5460025996945,39.1780975235805],[-84.5461256006002,39.1779615238019],[-84.5462486012625,39.1777815238327],[-84.5468686003949,39.1762995241439],[-84.5472075997717,39.175473523482],[-84.547529601202,39.1746535234034],[-84.5475736013285,39.1745005236672],[-84.5477486010053,39.1738775234468],[-84.5477976007195,39.1740175229799],[-84.5478496016211,39.1741255234212],[-84.5479316004814,39.1742565228395],[-84.5485456011952,39.175020522734],[-84.5487176014966,39.1751995230466],[-84.5488416014867,39.1753045231678],[-84.5490316007149,39.1754415233644],[-84.549116601096,39.1754965236836],[-84.5503776014055,39.1762375231998],[-84.5508906022733,39.176529523891],[-84.551802602426,39.1770065229665],[-84.5521006023562,39.1771825228205],[-84.5523916030266,39.1773695239429],[-84.5528526020137,39.1777215242357],[-84.5538266028327,39.1785125233623],[-84.5540366028816,39.1786605244291],[-84.5544186030786,39.1789105240788],[-84.5546996034365,39.179078523647],[-84.5550236033294,39.179253523178],[-84.5551736033777,39.1793295231433],[-84.5553806031951,39.1794355238011],[-84.5556356029048,39.1795845240659],[-84.5558516029332,39.179727523918],[-84.5560566040857,39.1798795241323],[-84.5562736039533,39.1800625239918],[-84.5564786034516,39.1802535238398],[-84.5565276042275,39.1803185242573],[-84.5569406032793,39.1809625242661],[-84.557034604956,39.1811425236987],[-84.5571206041407,39.1813545237079],[-84.5571386037373,39.181408524199],[-84.5571556032776,39.1815185245195],[-84.5571716035012,39.1816105236961],[-84.5571856047248,39.1819975250627],[-84.5571856048239,39.1823855243695],[-84.5571896049803,39.1824865241232],[-84.5571416045263,39.1829065242506],[-84.5571466041061,39.183157524682],[-84.5571536041537,39.1832695242026],[-84.5571576039276,39.1834975245642],[-84.5572426049075,39.1836335247311],[-84.557275603644,39.1838905241489],[-84.557585603966,39.1857265249281],[-84.5577336045091,39.1863625249223],[-84.5580036053741,39.1870885244791],[-84.5582336045631,39.1876485258488],[-84.558431604966,39.1879155254304],[-84.5589856047605,39.1884515256975],[-84.559039605681,39.188489526144],[-84.5591016058384,39.1885205250246],[-84.5591686046633,39.1885425257349],[-84.5592766054951,39.1885575256198],[-84.55935060591,39.188554525324],[-84.5597716046342,39.1885085259129],[-84.5598816060668,39.1885105256508],[-84.5599896058228,39.1885285253336],[-84.5607256049148,39.1887705250014],[-84.5608136056946,39.188799525775],[-84.5619186057706,39.1892235255127],[-84.5626116069625,39.1894895252087],[-84.5633096066658,39.1898445252762],[-84.5637026065364,39.1900735249465],[-84.5640546069474,39.190345524768],[-84.5644056069219,39.1907275260762],[-84.5649066073376,39.1912475252497],[-84.5658416071331,39.1917865262715],[-84.5664246078453,39.1921665259004],[-84.5665496076772,39.1922475261817],[-84.5669506080478,39.1924215258463],[-84.5673886081351,39.1926255261543],[-84.5676006087644,39.1927665255746],[-84.5674566083025,39.1928765256766],[-84.5670646075551,39.1931795254185],[-84.5669996076968,39.1932195261513],[-84.5669516077548,39.193263526426],[-84.566817607396,39.193437526404],[-84.5667536076107,39.1935415267561],[-84.5667096070872,39.1936405259877],[-84.5666786075312,39.1937345262429],[-84.5665746077009,39.1942655254474],[-84.5664976077489,39.1946145266926],[-84.5661646070098,39.1961335266146],[-84.5660356081922,39.1967215263153],[-84.5659016076604,39.1972375267542],[-84.5658276079892,39.1975275264774],[-84.5657756075948,39.197666526698],[-84.5657106084252,39.1978025272081],[-84.5656286074247,39.1979385267081],[-84.5646746079323,39.1989835278937],[-84.5644486077357,39.1992565273966],[-84.5636316075057,39.2004935272242],[-84.563466607751,39.2007435274937],[-84.5632126079927,39.2012985273889],[-84.5629366074213,39.2017375277955],[-84.5628236080668,39.2019735276334],[-84.5626976070554,39.2022025276801],[-84.5624896073607,39.2025295280004],[-84.5623106076646,39.2027725273474],[-84.5622226062883,39.2028635287176],[-84.5621796076345,39.2029015280448],[-84.5620556069593,39.2030145280141],[-84.561872606514,39.2031555288028],[-84.5616766065244,39.2032835276993],[-84.5611426069615,39.2035545279305],[-84.5607596072631,39.2036435288297],[-84.5604406065194,39.2036985287314],[-84.5601546069154,39.2036885279938],[-84.5588351520693,39.2036404476246],[-84.5588351547376,39.2036373777634],[-84.5588351187766,39.2036373756983],[-84.5588351198162,39.2036361863185],[-84.5587653421586,39.2036325515691],[-84.5587265347724,39.2036304901423],[-84.5587202075968,39.2036301536843],[-84.5587018371709,39.2036291911321],[-84.5587018208462,39.2036339092218],[-84.5587018161736,39.2036350932599],[-84.5580626061148,39.2035995280429],[-84.5578668858367,39.2035902964595],[-84.5576689332458,39.2035806040597],[-84.5576527351563,39.2035798109587],[-84.55764234852,39.2035793022473],[-84.557634433895,39.2035788956673],[-84.557634410567,39.2035792853264],[-84.5575696057238,39.2035755283418],[-84.5571006055188,39.2096665294592],[-84.5537946060838,39.2095085301673],[-84.5534368761911,39.2094989331589],[-84.5533346185755,39.2094939740029],[-84.5532784822587,39.2094912514123],[-84.5529186385976,39.2094737980926],[-84.552780604882,39.2094625298035],[-84.5527791429437,39.2094624394311],[-84.5527817261071,39.2094510813136],[-84.5527819930179,39.2094499106602],[-84.5526868436894,39.2094434610376],[-84.552624505466,39.2094399864488],[-84.552569841019,39.2094369383408],[-84.5523702106881,39.2094258093419],[-84.5522769730907,39.2094206113432],[-84.5520517681643,39.2094080563314],[-84.5519736659092,39.2094037014221],[-84.5519382782672,39.2094017285785],[-84.551644960521,39.2093853746068],[-84.5516272533707,39.209384387471],[-84.5512086540023,39.2093610468005],[-84.5510256639812,39.2093508431636],[-84.5509892323421,39.2093488118957],[-84.5509197390232,39.2093449366499],[-84.5506520613637,39.2093300101853],[-84.5506374202777,39.2093291939764],[-84.5505455796508,39.2093240726233],[-84.5503361938549,39.2093123952956],[-84.5503297311934,39.2093120355369],[-84.550328565059,39.2093221972197],[-84.5498366040295,39.2092965301154],[-84.5487000133396,39.2092575358949],[-84.5485585984499,39.2092443021893],[-84.5483933355149,39.2092288348351],[-84.5483791008278,39.2092276552625],[-84.5481572365091,39.2092092644667],[-84.5480555604038,39.2091997492277],[-84.5480366306316,39.2091979776038],[-84.5480366920492,39.2091991703824],[-84.5480431513856,39.2093248507508],[-84.5480433785028,39.2093292635834],[-84.5480441742787,39.2093447580384],[-84.5480502414562,39.2094627874862],[-84.5480502586691,39.2094631394845],[-84.5480512276385,39.2094819917183],[-84.5480619954811,39.2096914808758],[-84.5480709669449,39.2098218463994],[-84.5480710831382,39.2098235274695],[-84.548071035546,39.2098235238043],[-84.5480667800368,39.2098231934445],[-84.5479816120869,39.209816590839],[-84.5479817002335,39.2098177867499],[-84.5479848987734,39.2098612688886],[-84.5479850423636,39.2098632143776],[-84.547985995888,39.2098761750598],[-84.5469971330378,39.2097845984738],[-84.5469574840603,39.209780704401],[-84.5464291830772,39.209728819485],[-84.5461785956777,39.2097042079269],[-84.5461095283944,39.2096974245824],[-84.5461040391779,39.2096968861409],[-84.5457835125059,39.2096654048049],[-84.5457268837545,39.2096598427011],[-84.5455286082821,39.209640367881],[-84.5451820054347,39.2096063242781],[-84.544772779849,39.2095661280045],[-84.5446608235665,39.2095551312351],[-84.5446606865005,39.2095551174315],[-84.5446608156443,39.2095536257577],[-84.5446628348027,39.2095302481631],[-84.5446830443487,39.2092942670793],[-84.5446971030709,39.2091302269789],[-84.5446972042419,39.2091290475533],[-84.5446662007843,39.2091263230847],[-84.5446676030561,39.2091085301141],[-84.5445846025722,39.2090895292544],[-84.5445306032139,39.2090895300477],[-84.5445282812897,39.2091142050483],[-84.5444707726451,39.2091091516061],[-84.5444627500813,39.2092140364911],[-84.5444563058132,39.2092982618409],[-84.5444416580133,39.2094897918121],[-84.5439066025445,39.2094505306498],[-84.5439023495324,39.2094986014814],[-84.5438921775692,39.2094982517322],[-84.5438883042606,39.2094981190215],[-84.5438882440028,39.2094989138879],[-84.5438763597483,39.2096564741068],[-84.5438758345227,39.2096634194656],[-84.5438745680651,39.2096801954729],[-84.5438741507046,39.2096857531519],[-84.5438715397667,39.2097203652476],[-84.5438632417847,39.2098303457216],[-84.543861822456,39.2098490724417],[-84.5438597097426,39.2098769658111],[-84.5438550845875,39.20993796122],[-84.5438456835976,39.2100618991061],[-84.5438448179738,39.2100733060393],[-84.5438348502132,39.2102047531537],[-84.5438294717879,39.210275684838],[-84.5438284487526,39.2102891651036],[-84.5438126094611,39.2104980444787],[-84.5438107056344,39.2105231274658],[-84.5438095062382,39.2105389453981],[-84.5438090661861,39.2105447584665],[-84.5438053069253,39.2105943189985],[-84.5438046305252,39.2106032339607],[-84.5436666023816,39.212163530687],[-84.5436456025636,39.2124065308393],[-84.5436196021652,39.2128595303792],[-84.5433291920313,39.2128399783162],[-84.5432416321343,39.2128322411559],[-84.5431709970487,39.2128258854769],[-84.5430474280252,39.2128147653433],[-84.5426589946438,39.2127788977481],[-84.5426038668535,39.2127738068332],[-84.5425186940077,39.2127659424206],[-84.5422410647215,39.2127403042307],[-84.5421867673687,39.21273529041],[-84.542144472472,39.2127313844652],[-84.5421322377381,39.2127302545214],[-84.5417890836255,39.2126985654377],[-84.5417456413691,39.2126945533908],[-84.5416052644046,39.2126815892975],[-84.5414283348318,39.2126625166261],[-84.5413642058682,39.2126556039047],[-84.5412259942908,39.2126407046058],[-84.5411145799546,39.2126286946719],[-84.5410798451641,39.21262547531],[-84.5409052723239,39.212609293238],[-84.5407306461823,39.2125931073369],[-84.5406639221012,39.2125869228424],[-84.5406030767611,39.21258128278],[-84.5405440663448,39.2125758122525],[-84.5403814579082,39.2125607768746],[-84.5400463349996,39.2125297884307],[-84.5400322841021,39.2125284937686],[-84.5398726110379,39.2125137845133],[-84.5398103720875,39.2125080504986],[-84.5397005782718,39.2124978641428],[-84.5393689138251,39.2124670931878],[-84.5392971762953,39.2124604373756],[-84.5391408300908,39.2124459317585],[-84.5390625089448,39.2124386652541],[-84.5389917427974,39.2124321543715],[-84.5388876712092,39.2124225794256],[-84.5388866631999,39.2124224872097],[-84.5388316341968,39.2124174270162],[-84.5385204445166,39.2123888159162],[-84.538454395888,39.2123827038912],[-84.5382157102508,39.2123606177113],[-84.538211318076,39.2123602109994],[-84.5382111996323,39.2123602004653],[-84.5382108710626,39.2123642040871],[-84.5382103983604,39.2123701456437],[-84.5381826005781,39.2123675307137],[-84.5380116011329,39.2144405310625],[-84.5379786012312,39.2150225314634],[-84.5379586013626,39.2153985318606],[-84.5378956006389,39.2161825318134],[-84.5371481887035,39.2161530537159],[-84.5371513404615,39.2161180764629],[-84.537151410533,39.2161172976483],[-84.5371514866447,39.2161164475467],[-84.5371515165237,39.2161161199501],[-84.5371189982515,39.2161129379594],[-84.5371138501644,39.2161124345452],[-84.5371146008988,39.21610553213],[-84.5369522636196,39.2160966230453],[-84.5369502970721,39.2160964305018],[-84.5369502694899,39.2160967175119],[-84.5369497341998,39.2161023826411],[-84.536946600593,39.2161235324377],[-84.5364837264789,39.2160974542797],[-84.5364162309302,39.2160904086389],[-84.5364160973261,39.2160903947648],[-84.5364179916612,39.2160679242027],[-84.5364180907179,39.2160667466271],[-84.5361993579585,39.216044680826],[-84.5360762031701,39.2160322574622],[-84.5359705420235,39.216021597642],[-84.5359704072619,39.2160215837877],[-84.5359720847789,39.2160018976014],[-84.5359721781933,39.2160008048216],[-84.5359721849746,39.2160007191053],[-84.5358519275944,39.21598895018],[-84.5357887951318,39.2159827728171],[-84.5355933382639,39.2159630204942],[-84.5355513385832,39.2159592015507],[-84.5355047365384,39.2159549641431],[-84.5354365417879,39.2159487627466],[-84.5354144183711,39.2159467513152],[-84.53538235974,39.2159438364932],[-84.5353508532361,39.2159406290578],[-84.5351682967053,39.2159220490778],[-84.5351257078955,39.215917883506],[-84.5349386002322,39.2158965312292],[-84.5348839104179,39.2163770172235],[-84.5348536250809,39.2165521235249],[-84.5348520485862,39.2165667126229],[-84.5348509389494,39.2165769866382],[-84.534849343178,39.2165917499718],[-84.5348425945322,39.2166542173897],[-84.5348399375593,39.2166788078817],[-84.5348175405186,39.216886116333],[-84.5348140787264,39.2169181498808],[-84.5346630336558,39.2169036965131],[-84.5345067676911,39.2168887442997],[-84.5345014233952,39.2169412046223],[-84.5345015778653,39.2169412190339],[-84.534541170205,39.2169450057818],[-84.5345385994609,39.2169825325622],[-84.5348051407029,39.2170008809745],[-84.5348025805104,39.2170245750501],[-84.534802367621,39.2170265421149],[-84.5347952416852,39.2170925013026],[-84.5344889108971,39.2170640128381],[-84.5341391041641,39.2170380128225],[-84.5340920598478,39.2170324436667],[-84.5336970337762,39.2169856841363],[-84.5336956308997,39.2169855177014],[-84.533637916384,39.2169798650256],[-84.5336190116049,39.2169780139966],[-84.533579381801,39.2169741320826],[-84.5335515153837,39.2169714027887],[-84.5332529696575,39.2169421619779],[-84.5330407692578,39.2169213768495],[-84.5327567808452,39.2168941188122],[-84.5327546161662,39.2169051293964],[-84.5327529966747,39.2169133660901],[-84.5315425988892,39.2168285314176],[-84.5310665988345,39.2167845318752],[-84.5306921973218,39.2167809918642],[-84.5304954142543,39.2167688714028],[-84.530390538109,39.2167624113582],[-84.530359668113,39.2167605105292],[-84.5302204362796,39.2167519338577],[-84.5302175037024,39.2163078670656],[-84.5302200117844,39.2161460867633],[-84.5302206245099,39.2161065796775],[-84.5302208762986,39.2160953359051],[-84.530222562963,39.2160196150151],[-84.5302245916033,39.2159285581271],[-84.5302254079348,39.2159034269137],[-84.5302255088254,39.2159003058052],[-84.530229557842,39.215775524301],[-84.5302306323428,39.2157424154131],[-84.5302351783557,39.2156023321381],[-84.530237537478,39.2156023629513],[-84.5302535379857,39.2156025705033],[-84.5304147029232,39.215604660751],[-84.5305122284988,39.2156059251984],[-84.5305808236221,39.2156068145392],[-84.5305808699934,39.2156062550932],[-84.5305828325424,39.2155825544678],[-84.5305839285609,39.2155693046596],[-84.5305878809349,39.2155215650471],[-84.5305887181523,39.2155114625376],[-84.5305942707144,39.2154444355452],[-84.5305990011184,39.2153907562857],[-84.5306045067349,39.215328555996],[-84.5306065373951,39.2153056092353],[-84.5306068208864,39.215302675047],[-84.530611920538,39.2152497894342],[-84.5306190017057,39.2151678913262],[-84.5306245764141,39.2151134899871],[-84.5306273148391,39.2150772461473],[-84.5306306067132,39.2150336645975],[-84.5306317915994,39.2150190824207],[-84.5306370274526,39.2149546045524],[-84.5306429288226,39.214881938248],[-84.530650105406,39.2147935682119],[-84.5306541610959,39.2147436363945],[-84.5306615518542,39.2146526199054],[-84.5306653213386,39.2146062097902],[-84.530668043509,39.214572690026],[-84.5306726131916,39.2145164204214],[-84.5306739270135,39.214500249284],[-84.5306763724149,39.2144701366278],[-84.5306836591423,39.2143804113186],[-84.5306874977354,39.2143331476229],[-84.5306949329562,39.2142415888324],[-84.5306986304891,39.2141960566683],[-84.5307061785479,39.21410311373],[-84.530709812793,39.2140583575524],[-84.5307171885062,39.2139675467465],[-84.5307210260788,39.2139202893715],[-84.5307322042253,39.2137826497878],[-84.530743796432,39.21363990406],[-84.5307541356478,39.2135125895648],[-84.53075423209,39.2135113985255],[-84.5302071794113,39.2135095230727],[-84.5296742840874,39.2135076938832],[-84.5296702981252,39.2135076770949],[-84.5296701626024,39.213507676762],[-84.5296701739562,39.2135075486181],[-84.529679518226,39.2133965187331],[-84.5296828409565,39.2133562317144],[-84.5296946758632,39.2132127952955],[-84.5296947735066,39.2132116051375],[-84.5296592745652,39.2132113096374],[-84.5294474842597,39.2132095342879],[-84.529274682856,39.2132079814446],[-84.5292163544669,39.2132074578795],[-84.5291293597816,39.2132066876488],[-84.5290388061411,39.2132058867706],[-84.5289460388307,39.2132051957035],[-84.5288974616063,39.2132048339789],[-84.5287785915445,39.2132039494729],[-84.5285587983071,39.2132021051683],[-84.5285315421135,39.2132018769858],[-84.5284976650778,39.2132015942282],[-84.5282845045857,39.2131998145773],[-84.5280442234362,39.2131978065727],[-84.5280374693357,39.2131977498015],[-84.5279899879405,39.2131973523294],[-84.5278278687985,39.2131959936008],[-84.5275892951583,39.2131939935636],[-84.5275555558665,39.2131935468415],[-84.5275004264095,39.2131928178581],[-84.5274192118096,39.2131917426364],[-84.5274190843649,39.2131917412587],[-84.5274191605806,39.2131907704262],[-84.527431820215,39.2130294030603],[-84.5274462170452,39.2128458852186],[-84.5274501852026,39.2127952937175],[-84.5274620699166,39.212643798873],[-84.5274628514079,39.2126338379229],[-84.5274646473655,39.212610952992],[-84.5274685513815,39.2125611897483],[-84.5274717602397,39.2125202857966],[-84.5274754034158,39.2124738446767],[-84.5274791862002,39.2124256197943],[-84.5274796967613,39.2124191126943],[-84.5274879948787,39.2123133344494],[-84.5274943744651,39.2122320128591],[-84.5274947461009,39.2122272732908],[-84.5275082283557,39.2120554162223],[-84.5275099876605,39.2120329878468],[-84.5275155673337,39.2119676103204],[-84.5275216932389,39.2118958385981],[-84.5275391919951,39.2116900788166],[-84.5275447549255,39.2116247250043],[-84.5275470944488,39.2115971605673],[-84.5275555017089,39.2114982993559],[-84.5275646475016,39.2113907591956],[-84.527571810306,39.2113065244117],[-84.5275769024514,39.2112466498336],[-84.5275845402174,39.2111568429286],[-84.5275881199977,39.2111147503411],[-84.5275907097109,39.2110842991555],[-84.5276056018558,39.2109091809347],[-84.5276155404573,39.2107923193351],[-84.5276158767374,39.2107883615704],[-84.5276269114991,39.2106586006837],[-84.5276270126469,39.2106574104664],[-84.5275017011366,39.2106563074981],[-84.5275008322862,39.2106563001521],[-84.5274997386791,39.2106562904256],[-84.5274996031359,39.2106562891896],[-84.5275209979182,39.2104052776801],[-84.5275237463496,39.2103730225744],[-84.5275424648025,39.210153399013],[-84.527550823003,39.21005533154],[-84.5275564742032,39.2099890282929],[-84.5275650034636,39.2098889440397],[-84.5275704866991,39.2098246467002],[-84.5275764983441,39.2097536995833],[-84.5275844147819,39.2096602719826],[-84.5275857536008,39.2096465300551],[-84.5276004222948,39.2094959978826],[-84.5276119876323,39.2093590663677],[-84.5276120965708,39.2093577850106],[-84.5276136874344,39.2093457735995],[-84.5276201731971,39.2092680641172],[-84.527620212823,39.2092675912884],[-84.5276274655312,39.2091810645016],[-84.5276287369913,39.2091658122822],[-84.5276403038102,39.2090270903971],[-84.5276521255598,39.2088853258013],[-84.527654013064,39.2088626888386],[-84.5276616516467,39.2087710771317],[-84.5276676958897,39.2086982967461],[-84.5276745682814,39.2086155699038],[-84.5276812638917,39.2085349842784],[-84.5276813712021,39.2085336867311],[-84.5276945059878,39.2083705746463],[-84.5277005958444,39.2083024256207],[-84.5277080979691,39.208206171509],[-84.5277197051133,39.2080660892451],[-84.5277375384925,39.2078831662234],[-84.5277410360051,39.2078472993208],[-84.5277464374431,39.2077918937839],[-84.5277535535274,39.20771889823],[-84.5277663604361,39.2075875250066],[-84.5277695674338,39.2075546338537],[-84.5277855832423,39.2073903577241],[-84.5278015969209,39.2072260906353],[-84.527802212527,39.2072197745123],[-84.5278037145012,39.2072043659849],[-84.5278106438923,39.2071332919628],[-84.5278176105506,39.2070618244416],[-84.5278336241574,39.2068975600437],[-84.5278424922897,39.2068065926665],[-84.5278474817772,39.2067554165127],[-84.5278496388208,39.2067332947196],[-84.5278800626888,39.2064212078646],[-84.5278842641401,39.2063235634466],[-84.5278883328395,39.2062289830269],[-84.5279206687702,39.2058901951102],[-84.5279299366601,39.2057724476936],[-84.5279300588307,39.2057709030052],[-84.5279304510332,39.2057659152896],[-84.5279487875624,39.2057660849995],[-84.528291533275,39.2057692589951],[-84.5283861467446,39.2057701352905],[-84.5285245054013,39.2057714163399],[-84.5286983161662,39.2057730253183],[-84.5287190842322,39.2057732181721],[-84.5288956624541,39.2057748523566],[-84.5290726704624,39.2057764904708],[-84.5292496946842,39.2057781280317],[-84.5294264965143,39.205779763806],[-84.5296426226332,39.2057820693574],[-84.5298258379578,39.2057833400609],[-84.5299263352675,39.2057840364942],[-84.5299862595046,39.205784451487],[-84.5303020985142,39.2057880785252],[-84.5303059155352,39.2057881153594],[-84.5304074572709,39.2057890850347],[-84.5304272408558,39.2057892740851],[-84.5305141789819,39.2057902469036],[-84.5307195334543,39.2057925443121],[-84.5307331838346,39.2057926973774],[-84.5310317855477,39.205796037515],[-84.5311686912599,39.2057975688034],[-84.5314564508287,39.2058007876739],[-84.5315328166817,39.2058016411643],[-84.531880411796,39.2058055278889],[-84.5318953149597,39.2058057507861],[-84.531902271246,39.2058058551387],[-84.5319050634993,39.2058058972497],[-84.5319157307857,39.2058060564579],[-84.5319856498913,39.2058070441585],[-84.5319856979347,39.2058064630571],[-84.5319859368642,39.2058035530675],[-84.5319882077232,39.2057769645995],[-84.53199008258,39.2057550224437],[-84.531993673663,39.2057129808028],[-84.5319954886037,39.2056917298811],[-84.5320006612353,39.2056311787188],[-84.5320032088821,39.2056013480198],[-84.5320225284432,39.2053751677719],[-84.5320226047468,39.2053742825302],[-84.5320305480928,39.2052812855854],[-84.532031055891,39.2052753398386],[-84.5320471979818,39.2050863671868],[-84.5320906377416,39.2045777995007],[-84.5320965981922,39.2045080179399],[-84.5321027602284,39.2044359577592],[-84.5321381389337,39.2040222199169],[-84.532141611832,39.2039761392311],[-84.5321724873112,39.2035665177059],[-84.5321759838198,39.2035201338577],[-84.5321838986327,39.2034151167954],[-84.5322194281289,39.2029437403278],[-84.5322535612644,39.2024908818187],[-84.5322536692028,39.2024894490998],[-84.5322745710554,39.2022121447306],[-84.5322832111911,39.2020975045987],[-84.5322843074645,39.2020975709957],[-84.5322887250188,39.2020978378171],[-84.5323014788807,39.2020986091735],[-84.5324138459567,39.2021054017464],[-84.5327196809949,39.2021238892664],[-84.5330125836768,39.2021415943181],[-84.5336437519468,39.2021797437175],[-84.5336519444098,39.2021802389637],[-84.5336518721825,39.2021814241775],[-84.5336508995901,39.2021975101176],[-84.5336485019478,39.2022371738479],[-84.5336458083597,39.2022687353343],[-84.533644821838,39.2022803001709],[-84.5336341329503,39.2024055390718],[-84.5336110769144,39.2026756931423],[-84.5335993573822,39.2028130175324],[-84.5335902499133,39.2029197243383],[-84.5335876324498,39.2029503969756],[-84.533586645909,39.2029619618107],[-84.5335759024299,39.2030878422786],[-84.5335742317603,39.203107417508],[-84.5335641661389,39.2032253525611],[-84.5335524247603,39.2033629287035],[-84.5335418558922,39.203486764376],[-84.5335406781637,39.2035005662028],[-84.5335289263751,39.2036382659597],[-84.5335242116947,39.2036935039657],[-84.5335227528583,39.2037105967586],[-84.5335179515932,39.2037668445288],[-84.5335171700044,39.2037760090419],[-84.5335068222964,39.2038972476757],[-84.5335054120808,39.2039137800788],[-84.5335033885219,39.203937488186],[-84.5334980027718,39.2040005894853],[-84.533497528419,39.2040068058644],[-84.5334960079715,39.2040267713043],[-84.5334941169925,39.2040515790418],[-84.5334861351327,39.2041563351952],[-84.5334836130948,39.2041894272075],[-84.5334731158869,39.2043271878527],[-84.5334682226823,39.2043850230313],[-84.5334616088972,39.2044631920698],[-84.5334614697802,39.204464827166],[-84.5334583887872,39.2045014141379],[-84.5334498848658,39.2046023816074],[-84.5334382166492,39.2047398203711],[-84.533433179634,39.2047998106144],[-84.5334298503131,39.2048394618178],[-84.5334266846804,39.2048771666405],[-84.5334262380222,39.2048826599106],[-84.5334132142937,39.2050363652048],[-84.5334133489555,39.2050363763605],[-84.5338341511441,39.2050703191965],[-84.5340094258463,39.2050844575345],[-84.5340852749535,39.2050905659633],[-84.5341044711285,39.2050921117136],[-84.5341645368206,39.2050969487985],[-84.5341712601931,39.2050974904902],[-84.5342084940731,39.2051004887382],[-84.5342887484744,39.2051069523016],[-84.5343210083349,39.2051095502572],[-84.5345263311707,39.2051260866686],[-84.5346363073879,39.205135842022],[-84.5347821741075,39.2051460743956],[-84.5349797135673,39.2051599307845],[-84.535090886253,39.2051677284225],[-84.5350907850048,39.205168910542],[-84.5350906174327,39.2051708813212],[-84.5350677475418,39.2054392240523],[-84.5350515111067,39.205629739666],[-84.5350433235674,39.2057258037521],[-84.5350434592578,39.2057258103827],[-84.5352225660447,39.2057345231183],[-84.5358799894755,39.2057665014542],[-84.5358817986487,39.2057665886489],[-84.5358819013903,39.2057653785706],[-84.5358819783334,39.2057644770957],[-84.5358873374454,39.2057016446368],[-84.5358919551554,39.2056475155798],[-84.535893456688,39.205629916527],[-84.5358946588397,39.2056158133012],[-84.535897231423,39.2055856612849],[-84.5359051206963,39.2054931722141],[-84.5359088046241,39.205448022043],[-84.535910822485,39.2054248230643],[-84.5359167744946,39.2053563568951],[-84.535922270233,39.2052879717132],[-84.5359248134307,39.2052563272103],[-84.5359266639799,39.2052403817223],[-84.5359302392189,39.2051886856997],[-84.5359330572232,39.20514794322],[-84.5359347096136,39.2051240424454],[-84.5359368476775,39.2050988780205],[-84.5359396622023,39.2050664863103],[-84.535944225416,39.2050127573565],[-84.5359453943178,39.2049987862619],[-84.5359482650611,39.2049644987069],[-84.5359516193169,39.2049362647716],[-84.5359535762238,39.2049197939202],[-84.5359555238779,39.2049034034224],[-84.5359564614238,39.2048955147083],[-84.5359586446291,39.2048771423254],[-84.5359670272356,39.2048065935791],[-84.5359698016218,39.2047832461695],[-84.5359727240008,39.2047586518462],[-84.5359741197047,39.2047403996007],[-84.5359846186808,39.204603186444],[-84.5359852764229,39.2045945944321],[-84.535988014489,39.2045588071913],[-84.5359951210191,39.2044659308762],[-84.5359982722052,39.2044247392395],[-84.536005624822,39.204328647347],[-84.5360106691041,39.2042627118517],[-84.5360120793233,39.2042442818474],[-84.5360150804908,39.2042050669894],[-84.5360161311689,39.2041913331344],[-84.5360189574846,39.2041543964349],[-84.5360245694786,39.2040810391349],[-84.5360266391632,39.2040539972644],[-84.5360288757031,39.2040247611703],[-84.5360293884496,39.2040180791738],[-84.5360340068893,39.2039578699593],[-84.5360375114289,39.2039166847327],[-84.5360433080931,39.2038255280208],[-84.536049244838,39.2037656137347],[-84.536053403986,39.2037236403359],[-84.5360613719255,39.203633120391],[-84.536062297273,39.2036226144072],[-84.5360648706376,39.2035933733015],[-84.536067930506,39.2035564252911],[-84.5360773051265,39.2034432405741],[-84.536078501808,39.2034291509528],[-84.536085126586,39.2033511851419],[-84.5360927062037,39.2032651699263],[-84.5360971735862,39.2032124977342],[-84.5361065175522,39.2031023337867],[-84.5361085906188,39.2030778877078],[-84.5361086863639,39.2030767561408],[-84.5361086906894,39.2030767056075],[-84.5357542054954,39.2030528471585],[-84.5357540639444,39.2030528379285],[-84.5357542280101,39.2030510266906],[-84.5357644251634,39.202938397018],[-84.5357729360119,39.2028443832962],[-84.5357730429804,39.2028431992732],[-84.5357497832439,39.2028419557623],[-84.5357467641388,39.2028417942851],[-84.5357466272704,39.202841786775],[-84.5357551298818,39.2027432527495],[-84.5357594696696,39.202692963321],[-84.535772404143,39.2025430831449],[-84.5357842552064,39.2024057300183],[-84.5357856941154,39.2023890484019],[-84.5357875957018,39.2023670336026],[-84.5357912866779,39.2023134586977],[-84.535791368129,39.2023122733201],[-84.5356920995064,39.2023072166479],[-84.535606897664,39.2023028772184],[-84.5355877383883,39.2023019005301],[-84.5355563784602,39.2023003035181],[-84.5355439052302,39.2022996681553],[-84.5354901294355,39.2022969290009],[-84.5354608141599,39.2022954357551],[-84.5353552434446,39.2022900577527],[-84.5351244987608,39.2022723514715],[-84.5349915150899,39.2022621468802],[-84.5347880047112,39.2022465293296],[-84.5347590145525,39.2022443048801],[-84.534758973937,39.2022443019882],[-84.5347343326261,39.2022424103387],[-84.5346879632148,39.2022388516552],[-84.5346564972802,39.202237750923],[-84.5345523712366,39.2022341065648],[-84.534395185896,39.2022252681105],[-84.5342074583233,39.2022147123136],[-84.5341812611814,39.2022132397684],[-84.5341625838904,39.2022121895223],[-84.534116728051,39.2022088081206],[-84.5340923314691,39.202207008455],[-84.5340873876261,39.2022066437057],[-84.534085248769,39.2022064856767],[-84.5340844654237,39.2022064282275],[-84.5340842797346,39.2022064143631],[-84.5340863983535,39.2021898767366],[-84.5340951031351,39.2021219219428],[-84.53409626147,39.202113653646],[-84.5340991862455,39.2020927625463],[-84.5341010132967,39.2020797133966],[-84.5341030072176,39.2020654683633],[-84.5341125627682,39.2019972211367],[-84.5341168692626,39.2019664585019],[-84.5341275578705,39.2018901110094],[-84.5341455268996,39.2017617701283],[-84.5341638224684,39.2016311511295],[-84.5341639865162,39.2016299778209],[-84.5341301763792,39.2016268961437],[-84.5339652836044,39.2016118652405],[-84.5338061186425,39.20159735722],[-84.5337917256321,39.2015960453118],[-84.5337832472612,39.2015952721658],[-84.5337349872516,39.2015908731525],[-84.5337096972937,39.2015885673744],[-84.53365049973,39.2015831715717],[-84.5336278513182,39.2015811078079],[-84.5334594544447,39.2015657528644],[-84.5333826940514,39.201558753629],[-84.5332935679481,39.201550626699],[-84.5331567787077,39.2015381539627],[-84.5331248798149,39.2015352457414],[-84.5329564285787,39.2015198847171],[-84.53278546367,39.2015042953762],[-84.5327731455731,39.2015031722489],[-84.5327066111219,39.2014971052894],[-84.532671266093,39.201493881586],[-84.5324400313611,39.201472767325],[-84.5323399861563,39.2014636316573],[-84.5323339356489,39.2014630789815],[-84.5321894918506,39.2014600819133],[-84.5320857843978,39.2014579309437],[-84.5317146386474,39.201450229059],[-84.5316963388347,39.2014498493817],[-84.5316942402874,39.2014695419962],[-84.5316940635385,39.2014711984727],[-84.5316937372886,39.2014742523542],[-84.5316936189101,39.2014753644903],[-84.5316913683438,39.2014752669404],[-84.5316023023651,39.2014714094255],[-84.5315321487931,39.2014683713362],[-84.5313013426154,39.201458375875],[-84.5312830737535,39.2014575847232],[-84.531280227529,39.2014875476896],[-84.5312748068308,39.2015446171192],[-84.5312744091782,39.20154880664],[-84.5312665674874,39.2016313625045],[-84.5312448452393,39.2018600427584],[-84.5312449250505,39.2018607603794],[-84.5312450551812,39.2018619366426],[-84.5312452653093,39.2018631962017],[-84.5312455319964,39.2018644493646],[-84.5312458540591,39.2018656952509],[-84.5312462325506,39.2018669302381],[-84.5312466663396,39.2018681552471],[-84.5312471541904,39.2018693675964],[-84.5312476972084,39.2018705654646],[-84.5312482930788,39.2018717488922],[-84.5312489405399,39.2018729142971],[-84.5312496407492,39.2018740616593],[-84.5312503925231,39.2018751900982],[-84.5312511946001,39.201876296032],[-84.5312520446912,39.2018773804017],[-84.531252943902,39.2018784413858],[-84.5312538898392,39.2018794763233],[-84.5312548813716,39.201880486135],[-84.5312559172374,39.2018814672388],[-84.5312569974628,39.2018824205352],[-84.5312581184973,39.2018833433835],[-84.5312592814721,39.2018842348627],[-84.5312604829151,39.2018850950335],[-84.5312617227741,39.2018859220951],[-84.5312629986822,39.2018867142865],[-84.5312643094817,39.2018874716282],[-84.5312656528319,39.20188819326],[-84.5312670286807,39.201888877381],[-84.531268434713,39.2018895240314],[-84.5312698674305,39.2018901323717],[-84.5312713279647,39.2018907014809],[-84.5312728116335,39.201891229639],[-84.5312743196206,39.2018917177262],[-84.531274657146,39.2018918163365],[-84.53127584727,39.2018921649231],[-84.5312773945557,39.201892570329],[-84.5312789591368,39.2018929330839],[-84.5312805398557,39.2018932532082],[-84.5312821332401,39.2018935307625],[-84.5312837380805,39.201893763966],[-84.5312853520881,39.2018939537598],[-84.531284907741,39.2018939254974],[-84.5312758818794,39.2018933617798],[-84.531149742584,39.2018854837818],[-84.5310417675397,39.2018787392602],[-84.5310376026416,39.2018784787815],[-84.5310393082659,39.2018781524897],[-84.5310409887101,39.2018777563586],[-84.5310426405799,39.2018772931507],[-84.5310442592455,39.2018767629471],[-84.5310458401291,39.20187616763],[-84.5310473774956,39.2018755091017],[-84.5310488702135,39.2018747882832],[-84.5310503114161,39.2018740079977],[-84.5310516976833,39.201873170107],[-84.5310530267522,39.201872276453],[-84.5310542929397,39.2018713307392],[-84.5310554951142,39.2018703338863],[-84.5310566275928,39.2018692895979],[-84.5310576881648,39.2018682015169],[-84.531058674541,39.2018670705844],[-84.5310595833796,39.2018659013639],[-84.5310604124695,39.2018646974984],[-84.5310611583908,39.2018634608496],[-84.5310618212473,39.20186219502],[-84.5310623976971,39.201860904573],[-84.5310628866606,39.2018595922307],[-84.5310632871109,39.2018582625162],[-84.5310635967848,39.2018569172711],[-84.5310638158388,39.201855561899],[-84.5310639431935,39.2018541991216],[-84.5310639789791,39.2018528334419],[-84.5311026166058,39.2014514324338],[-84.5311027759809,39.2014497753615],[-84.5311028411014,39.2014491038588],[-84.5311029551172,39.2014479206189],[-84.5307882961135,39.201431003345],[-84.5304412871451,39.2014123464804],[-84.5304315839468,39.2014118242846],[-84.5304133698797,39.2014108446242],[-84.5304118460207,39.2014231883033],[-84.5304114173102,39.2014266656529],[-84.5304112127264,39.201428321713],[-84.5304100539685,39.2014377117499],[-84.5304099188968,39.201438807958],[-84.5303954260414,39.2014382046822],[-84.5303589239677,39.2014365322658],[-84.5299837421847,39.2014193473099],[-84.5299312707939,39.2014169512942],[-84.5297809972173,39.2014100887085],[-84.5295491426314,39.2013994999181],[-84.5295222083133,39.2013982698844],[-84.5294860218613,39.2013966178034],[-84.5294836401188,39.2013965089897],[-84.5294677715157,39.2013957845955],[-84.5294676646624,39.2013967757898],[-84.5294669355714,39.2014035660515],[-84.5294544762687,39.2015194854811],[-84.5294543248506,39.2015208982335],[-84.529372505891,39.2015159959155],[-84.5293000774921,39.2015116564388],[-84.5292714395093,39.2015099398538],[-84.5290489283876,39.2014966079236],[-84.529048777581,39.2014965988473],[-84.5290586748823,39.2013962768637],[-84.5290587922487,39.2013950881616],[-84.5289626468153,39.2013930904979],[-84.528881509245,39.2013914051952],[-84.5286472099225,39.201386537413],[-84.5286439515605,39.2014134557298],[-84.5286371413765,39.2014697221511],[-84.5286370170065,39.2014707487906],[-84.5286369731915,39.2014711162737],[-84.5284536594343,39.2014603100658],[-84.5284457017808,39.2014598409848],[-84.5282721653693,39.2014499574138],[-84.5282647753749,39.2014495360634],[-84.5282411265245,39.2014481897365],[-84.5282184371742,39.2014468257324],[-84.5280759568331,39.2014382614418],[-84.5280409907274,39.2014361595944],[-84.5278871652082,39.2014269139616],[-84.5278420960607,39.2014247588589],[-84.5277097004308,39.2014164512707],[-84.5276423965501,39.2014126330077],[-84.5275209708755,39.2014053237642],[-84.5274462096427,39.2014009157742],[-84.527332287808,39.2013941996448],[-84.5272571608986,39.2013903214175],[-84.5271829054846,39.2013855827554],[-84.5271436581468,39.2013830778907],[-84.5271221131953,39.2013820423765],[-84.5270627814117,39.2013791918651],[-84.5269176624574,39.2013697523064],[-84.5268791537226,39.2013676002664],[-84.5267856784662,39.2013623780477],[-84.5266922074194,39.2013564582876],[-84.5266905915351,39.2013563630707],[-84.5266805804442,39.2013556837552],[-84.5264898535999,39.2013427477688],[-84.5264899343854,39.2013420156272],[-84.5264899691455,39.2013416951565],[-84.5263394228416,39.2013385640277],[-84.5261206728041,39.2013340142853],[-84.5260780363487,39.2013331279127],[-84.5252055323983,39.2013149764451],[-84.5250634089891,39.2013120192208],[-84.5249354776629,39.2013093574733],[-84.5247097406896,39.2013046594001],[-84.5245378311699,39.2013010823778],[-84.524369488184,39.2012975780322],[-84.5243274531368,39.2012967030505],[-84.524115335907,39.2012922879062],[-84.5241073627142,39.2012921215436],[-84.5240357419762,39.2012906308589],[-84.5240230782727,39.201290367005],[-84.5239032627387,39.2012878734082],[-84.5236912177149,39.2012832688172],[-84.5234792596051,39.2012786650267],[-84.5232241808505,39.201273125108],[-84.5231609326225,39.2012717518975],[-84.5229745366849,39.2012677025232],[-84.5227700236965,39.2012632604715],[-84.5225900496116,39.2012593499171],[-84.5224118484637,39.2012554784626],[-84.5223552202051,39.2012542480252],[-84.5222336415481,39.2012516068354],[-84.5220606223765,39.2012478472617],[-84.5218491106162,39.2012432507399],[-84.5215550007093,39.2012368591142],[-84.5210899679426,39.2012267503006],[-84.521010737121,39.2012250280922],[-84.5209072478377,39.2012227786492],[-84.5208972964626,39.201222561823]]]},"properties":{"OBJECTID":41,"SNA_NAME":"College Hill","SNA_NUMBER":7,"ACRES":2493.72114847,"SQMI":79.733,"app_id":"CIN-SNA-041","canonical_slug":"college-hill","display_name":"College Hill"}},{"type":"Feature","id":42,"geometry":{"type":"Polygon","coordinates":[[[-84.5206285931547,39.1816395262019],[-84.5204105933729,39.18173452596],[-84.5202475927404,39.1817905261974],[-84.5200785937739,39.1818345262886],[-84.5198705925829,39.181872525958],[-84.5196575932829,39.1818935261372],[-84.5194795925107,39.181897526101],[-84.5193015928186,39.1818905260632],[-84.5191255929102,39.1818705261012],[-84.5189845930092,39.1818445258854],[-84.5188105933388,39.1817995259474],[-84.518609593231,39.1817305255776],[-84.5184195929214,39.1816455267987],[-84.5182705926281,39.1815625264645],[-84.5164795912203,39.1802435257629],[-84.5157605911639,39.1797155258297],[-84.5157005914398,39.1796835251965],[-84.5154545919335,39.1795685256817],[-84.5152625913795,39.179493525564],[-84.5150315911644,39.1794165256698],[-84.5147935921909,39.1793525252217],[-84.5145165909807,39.1792965260652],[-84.5138875914083,39.1791575258115],[-84.5131505903915,39.1789955256565],[-84.5128495905291,39.1789035259966],[-84.5124185899857,39.1787625253771],[-84.5122285908852,39.1786835256053],[-84.5119205908989,39.1785395262126],[-84.5109655896898,39.1780295257168],[-84.5102775900599,39.177668524915],[-84.5100735902853,39.1775445257716],[-84.5099615890851,39.177462525466],[-84.5098755899606,39.1773695253374],[-84.509783588896,39.1772455258257],[-84.5097085891111,39.1771145253702],[-84.5096515889339,39.1769785258984],[-84.5094535895286,39.176301526093],[-84.5091755901065,39.1756965258012],[-84.5083505895467,39.1741995247321],[-84.508055588805,39.1736725250322],[-84.5079025891327,39.1733985245381],[-84.5063005887363,39.1748165256349],[-84.5056487520572,39.1753856035423],[-84.5055623696854,39.1753035030273],[-84.5055072412006,39.175351395872],[-84.5055011402751,39.1753566957506],[-84.5053665880927,39.1752585256643],[-84.5052535878167,39.1751595251224],[-84.5051835875682,39.175072526086],[-84.5050925876046,39.1748745254809],[-84.5050775880782,39.1748135251711],[-84.5050565885225,39.1746765255375],[-84.5050575887079,39.1745115247686],[-84.5050785877476,39.1743965247072],[-84.5051135877696,39.1742755250738],[-84.5052765890097,39.1739025257442],[-84.5053685880038,39.1737105248317],[-84.5054455880532,39.1735125255653],[-84.5055305889987,39.1731895251009],[-84.5055595876391,39.1730405252691],[-84.5055665884554,39.1729365244311],[-84.505573587435,39.1726345248216],[-84.5056015883463,39.1725135252747],[-84.5056585885363,39.1723825247819],[-84.5057145874667,39.1722335247217],[-84.5057645881653,39.1721185248278],[-84.505772030671,39.1720573887816],[-84.5058833499005,39.1719026583298],[-84.505883590372,39.1719023234958],[-84.5058809311406,39.1718940377281],[-84.505878307364,39.171885858569],[-84.50587555275,39.1718772726082],[-84.505864519158,39.1718428848761],[-84.5058018901769,39.1717369003417],[-84.5058016663709,39.1717365212775],[-84.5058015422942,39.1717363107819],[-84.5058013026765,39.1717359049604],[-84.5058027717696,39.1717353839921],[-84.5058075944264,39.1717336526209],[-84.5058130313818,39.1717317060939],[-84.5058184637347,39.1717297605472],[-84.5058233747574,39.1717280024185],[-84.505825417038,39.1717272859268],[-84.5058332136676,39.1717245498414],[-84.5058392384897,39.1717224354677],[-84.5058468460182,39.1717197657233],[-84.5058476378729,39.1717194853263],[-84.5058546735756,39.1717170182893],[-84.5058565599992,39.1717163567517],[-84.505863734949,39.1717138206303],[-84.5058713167139,39.1717111405175],[-84.5058792961152,39.1717083192751],[-84.5058879138278,39.1717052725495],[-84.5058897428137,39.1717046264211],[-84.5058963370407,39.1717022652279],[-84.5059038992378,39.1716995485095],[-84.5059066082128,39.1716985871213],[-84.5059091075452,39.1716977023416],[-84.5059170615934,39.171694844593],[-84.5059224847876,39.1716929028039],[-84.5059258083688,39.171691737066],[-84.5059346593475,39.1716886304393],[-84.505939354757,39.1716869832562],[-84.5059431158255,39.1716856531737],[-84.5059521550796,39.1716824919311],[-84.505952924077,39.17168222184],[-84.5059556700222,39.1716812580092],[-84.5059569764434,39.1716807966168],[-84.5059625504525,39.1716788260878],[-84.5059680110014,39.1716768953637],[-84.5059696302663,39.1716763231409],[-84.5059730498484,39.1716751142943],[-84.5059779408606,39.1716733853377],[-84.5059829945935,39.1716715986042],[-84.5059884528531,39.1716696688198],[-84.5059888528035,39.1716695276502],[-84.5059942347545,39.1716676009873],[-84.5059992362689,39.1716658097501],[-84.5060041747669,39.1716640412271],[-84.5060092482442,39.1716622163081],[-84.5060110634728,39.1716615749208],[-84.5060112009718,39.1716615256895],[-84.5060115550291,39.1716613988289],[-84.5060120500307,39.1716612217764],[-84.5059374478431,39.1715181042082],[-84.5058519299593,39.1714793984725],[-84.5058635880149,39.1714375245566],[-84.5059555881723,39.1711365244972],[-84.5059695878981,39.1710645240161],[-84.5060755882522,39.1706315242248],[-84.5061465878533,39.1704225248142],[-84.5061745879929,39.1703075240918],[-84.5061865881688,39.1701945246731],[-84.5061895885691,39.1701645236737],[-84.5061895881385,39.1700325247233],[-84.5061825875517,39.1698845248509],[-84.5061255874129,39.1697365239356],[-84.5060975874622,39.1696095243064],[-84.506055588769,39.1695385238995],[-84.5059855879404,39.1694675239474],[-84.5059093005391,39.1694006890866],[-84.5059376845704,39.1693594818556],[-84.5059892043271,39.1692846870915],[-84.5060243913797,39.1692336031938],[-84.5060353335274,39.1692177190182],[-84.5060436703925,39.1692056146433],[-84.5060618101747,39.1691792802496],[-84.5062029222406,39.1689744165038],[-84.5062435294641,39.1689154647493],[-84.5062895781468,39.1688486123866],[-84.5063162990111,39.16880981793],[-84.5064169483712,39.1686636959431],[-84.5064518847551,39.1686129757462],[-84.5065312866086,39.1684976992348],[-84.5066688205768,39.1682980271896],[-84.5067456954941,39.1681864181513],[-84.5067955587612,39.1681175560568],[-84.5069346916608,39.1679254101754],[-84.5070718438602,39.1677359969519],[-84.5071606462401,39.1676133581064],[-84.5071967786302,39.1675634567166],[-84.5072566473569,39.1674807761447],[-84.5072646168043,39.1674643729417],[-84.507272203661,39.1674487584479],[-84.5073262103505,39.1673662243427],[-84.5073300521025,39.1673603525566],[-84.5073329323428,39.1673559516639],[-84.5073371877895,39.1673494483081],[-84.5073412646665,39.1673432174488],[-84.5073442657852,39.1673386315558],[-84.507348577608,39.1673388839987],[-84.5073518436497,39.1673390752517],[-84.5073520206463,39.1673368430563],[-84.507370674524,39.1671029433758],[-84.5074549680402,39.1670624295144],[-84.5074551824911,39.1670354527629],[-84.5076795878306,39.1670085237524],[-84.5079125873918,39.1669595236099],[-84.5080965878354,39.1669045236185],[-84.508251588423,39.1668385239229],[-84.5083925886011,39.1667615234875],[-84.5084845888068,39.1666845235977],[-84.5085545885169,39.1665865242554],[-84.5086045882423,39.1664435236198],[-84.5086115894306,39.1663825237907],[-84.5085975884529,39.1662735234421],[-84.5086045882114,39.1661905233379],[-84.5086325879351,39.1661355237601],[-84.5086825886413,39.166053523276],[-84.5087315883509,39.1659935232858],[-84.5088095884862,39.1659215238988],[-84.5089365886372,39.1657905236027],[-84.5092745885682,39.1654715236732],[-84.5094795886735,39.165263524087],[-84.5103105879679,39.1644615236332],[-84.5104635896859,39.1643135226163],[-84.5106385893776,39.1641455229001],[-84.5110885891959,39.1637105229445],[-84.5115405882085,39.1632825225527],[-84.5117375889352,39.1630905226963],[-84.5118795896997,39.1629755231409],[-84.5121825890096,39.1627775226311],[-84.512394589934,39.1626845227484],[-84.5125355893002,39.1626295227688],[-84.512655589155,39.162596522474],[-84.5128945893512,39.1625475231782],[-84.5130425888936,39.1625365224686],[-84.5131985891228,39.1625425228837],[-84.5133395890408,39.1625585226894],[-84.5134875894997,39.1625805223468],[-84.5139105894427,39.1627125218957],[-84.5144175895113,39.1629265219603],[-84.5149185901264,39.1631245227676],[-84.5150385901915,39.1631685225462],[-84.5152775903598,39.1632405224837],[-84.5158275903234,39.1634545225398],[-84.5160745903304,39.1635205224398],[-84.5162585898217,39.1635535223316],[-84.5164205899228,39.163575522684],[-84.516533589741,39.1635755221246],[-84.5168155905126,39.1635755226112],[-84.5169705911941,39.1635815227664],[-84.5171955906426,39.1635975229655],[-84.517456590863,39.1636305223362],[-84.5176475911519,39.1636695225285],[-84.5179015902854,39.1637355229544],[-84.5180835912376,39.1637895225295],[-84.518197590907,39.1638235221013],[-84.5187115920256,39.163949522829],[-84.5190015921178,39.1639885229737],[-84.5191705908009,39.1640045220832],[-84.5193185914598,39.1639995223295],[-84.5194455909461,39.1639825223969],[-84.5196145913049,39.1639445223135],[-84.5197555913728,39.1639065221761],[-84.5199675910608,39.1638295223152],[-84.5221115915144,39.1629905224257],[-84.5227185926165,39.16276552219],[-84.5244115928921,39.1621015224507],[-84.526590593664,39.1612675221797],[-84.5278115936247,39.1607915219308],[-84.5278465934419,39.1609585210651],[-84.5280145941499,39.1614635210052],[-84.5286885942444,39.1610935211657],[-84.5289415940743,39.1615705219392],[-84.5289635942406,39.1616795210277],[-84.5290295948349,39.1618725208672],[-84.5296995938146,39.1633615222079],[-84.5297675945534,39.1635125212334],[-84.530114594896,39.1642885224532],[-84.5305845952469,39.1654075217854],[-84.5307285941722,39.1657225221049],[-84.5318735954742,39.1683905224776],[-84.5318975956699,39.1684965234264],[-84.5319105962483,39.168556523133],[-84.5319155960887,39.1687155229871],[-84.5318255958221,39.1689505229261],[-84.5316825963482,39.1691865223779],[-84.5313755952805,39.169651523522],[-84.5312845953257,39.1698205230133],[-84.5312475951201,39.1699965228867],[-84.5312735953024,39.1701635227829],[-84.5315315956535,39.1710765240442],[-84.5318225949319,39.172040523365],[-84.5319555962103,39.1723245240246],[-84.5319895955048,39.172387522978],[-84.5321945951793,39.1727665233826],[-84.5324745967136,39.1732325235087],[-84.5325565963425,39.173395524288],[-84.5325845957185,39.1735415237416],[-84.5326065955516,39.1737615243734],[-84.5325795963841,39.1738965237598],[-84.5324905965525,39.1746065241332],[-84.5324085954344,39.1747125235426],[-84.5323855953828,39.1748295241221],[-84.5316955965978,39.1761045247394],[-84.5315755957517,39.1765685241587],[-84.5344695977045,39.176868524397],[-84.534545597577,39.1758625237083],[-84.5359445978725,39.1759745236316],[-84.5359505973659,39.1765695245367],[-84.5368475982581,39.1766675243545],[-84.536854596862,39.1755565243683],[-84.5371145980404,39.175862524239],[-84.5377485980406,39.1765665240778],[-84.5379485981422,39.1771665243158],[-84.5369485971738,39.1795665244866],[-84.5375485988243,39.1809665241894],[-84.5391485992428,39.1824665248902],[-84.5398495996762,39.1836665251554],[-84.5367475988666,39.1850685256614],[-84.5371465984081,39.1861695259551],[-84.5369475988102,39.1871705260092],[-84.5362465973645,39.1872715258227],[-84.535645598661,39.1912745273058],[-84.5331455968283,39.1912765270307],[-84.5328445973603,39.19297752739],[-84.5326915976382,39.1929875270961],[-84.5325315979038,39.1930295275493],[-84.5323465972821,39.1931005273617],[-84.5322425982314,39.1931705279425],[-84.5321475977951,39.193255526978],[-84.5319255974144,39.1935765277895],[-84.5317825975353,39.1936995272505],[-84.5316315970802,39.1937865273595],[-84.5314385969347,39.1938265280813],[-84.5312745964996,39.1938295283051],[-84.5310995967102,39.1938105276792],[-84.5309635962857,39.1937675273618],[-84.5307655978973,39.1936495276297],[-84.5299515968774,39.1929195268725],[-84.5298785968098,39.1928255269065],[-84.5298165966468,39.192736527964],[-84.5297945965188,39.1926355276208],[-84.5298235965524,39.1925165272335],[-84.5299135965113,39.1923915282653],[-84.5301795976251,39.1921045275018],[-84.5302205967739,39.1920145273891],[-84.5302325972787,39.1919385275801],[-84.5302035967227,39.1918285269111],[-84.5301565965486,39.1917535271049],[-84.5300615968846,39.1916555269228],[-84.5298945961391,39.1915425274268],[-84.5294685967392,39.1912795281016],[-84.5293165965698,39.191151527317],[-84.5292145968724,39.1910425275465],[-84.5291485964428,39.1909165273265],[-84.5291315962809,39.1907805273597],[-84.5291275965133,39.1906455272117],[-84.5291115964226,39.1904445268513],[-84.5290845970882,39.1903465268299],[-84.5290325965219,39.1902115264258],[-84.5289435961541,39.1900065272301],[-84.5289075968885,39.1898465272843],[-84.5288905969008,39.1896505270499],[-84.5289095969894,39.1894805270596],[-84.5289625968439,39.1892745266291],[-84.5289555964604,39.1886045270874],[-84.5289365964286,39.1883495265781],[-84.528891596963,39.188124526306],[-84.5288195958533,39.1878925269134],[-84.5287525963639,39.1877015268084],[-84.5286975969897,39.1876045263209],[-84.5285345965891,39.187224526056],[-84.5284345953295,39.1869745260784],[-84.527673595675,39.184913525903],[-84.5275625959267,39.1845615257657],[-84.5274475954379,39.1840475260491],[-84.5273385952346,39.1835035253027],[-84.5271325950749,39.1825275258144],[-84.5270585953501,39.1821395250662],[-84.5270035946068,39.1819205248818],[-84.5269545956789,39.1816905254894],[-84.5268945952952,39.1814975252342],[-84.5266605947047,39.1809845254463],[-84.5265615953569,39.1807465261403],[-84.5263395946409,39.1800655260618],[-84.5262735949846,39.179815525049],[-84.5262405948765,39.1797335260214],[-84.526192594201,39.179657525842],[-84.5260635949925,39.1795155256179],[-84.5259385947207,39.1794065248865],[-84.5255155942579,39.1791155253381],[-84.5253065944039,39.1789875256826],[-84.5250015942991,39.1788105251873],[-84.5245255946643,39.1785555252062],[-84.5242815934304,39.1784345247189],[-84.5211425932723,39.1767515256967],[-84.5198865923253,39.1760725244507],[-84.5198385925722,39.1760575247821],[-84.5195885924782,39.1760395252478],[-84.5196355926589,39.1767695249232],[-84.5196375927599,39.1774315255992],[-84.5196985924883,39.1793205258753],[-84.519748592198,39.179623525086],[-84.5198215925319,39.1799235261244],[-84.5199085924183,39.1801925259549],[-84.5200135932287,39.1804585254024],[-84.5201225927404,39.1806925255022],[-84.5206285931547,39.1816395262019]]]},"properties":{"OBJECTID":42,"SNA_NAME":"Spring Grove Village","SNA_NUMBER":45,"ACRES":1227.90709035,"SQMI":79.733,"app_id":"CIN-SNA-042","canonical_slug":"spring-grove-village","display_name":"Spring Grove Village"}},{"type":"Feature","id":43,"geometry":{"type":"Polygon","coordinates":[[[-84.4607995714841,39.1322915192027],[-84.4609195716589,39.1321955187347],[-84.4614025712437,39.1318115188756],[-84.4614785710528,39.1317625186784],[-84.4615615719082,39.1317205197939],[-84.4616795720238,39.1316755192538],[-84.4628235717942,39.1314265190898],[-84.4629545724539,39.1313805186161],[-84.4631125728736,39.1313115191063],[-84.4632605725296,39.1312315188447],[-84.4636025730029,39.1309185188721],[-84.4641775723618,39.1303785186735],[-84.4642515723248,39.1302835184039],[-84.4643285724754,39.1301585192262],[-84.4643775732956,39.1300535186274],[-84.4644235716488,39.1299195191837],[-84.4644545730232,39.129754518479],[-84.4644585725404,39.1296155192139],[-84.4644455723955,39.1294765188158],[-84.4644125722654,39.1293395188294],[-84.4639685728454,39.1282995186072],[-84.463643572047,39.1275545177512],[-84.4635685719029,39.1273355174413],[-84.463556571608,39.1272865179646],[-84.4635135725377,39.1271125183497],[-84.4634835726614,39.1268665189646],[-84.4634685716263,39.1266195176556],[-84.4634845720887,39.1264435175685],[-84.4636465714059,39.1257415178478],[-84.4637075723454,39.1255265179503],[-84.4638025712083,39.1252615175799],[-84.4640465727507,39.1252355174161],[-84.4644515722418,39.1252045176629],[-84.4663565727964,39.1251515175413],[-84.4676795724532,39.1251145170546],[-84.468007573201,39.1250755170402],[-84.4683745732203,39.1250495177584],[-84.4692225735776,39.1248785167794],[-84.4697565732407,39.1247695174926],[-84.4701285744385,39.1246945176087],[-84.4705075740934,39.1246005175832],[-84.4719845751248,39.1241345177225],[-84.4725765742004,39.1239315170323],[-84.4731595747461,39.1237115164336],[-84.4737315741885,39.1234785164464],[-84.4745625743415,39.1231095165556],[-84.4756645751867,39.1226035162849],[-84.4768615757659,39.1220695165918],[-84.4773055759253,39.1218705164648],[-84.4788335754435,39.1211865167191],[-84.4819385770527,39.1197955160279],[-84.4822725764595,39.1196245160082],[-84.4825945774709,39.1194405157614],[-84.4836615772587,39.1187745152885],[-84.4841145780997,39.1185105156143],[-84.4845565773548,39.1182145152526],[-84.4845875771011,39.1181875159818],[-84.4851925776105,39.1176695155366],[-84.4851695775819,39.1177285156406],[-84.485161578019,39.1177875155928],[-84.4851725770086,39.117845515257],[-84.485202578305,39.1179005151943],[-84.4853425785318,39.1181935156243],[-84.4854115771927,39.1182965153282],[-84.4854725780303,39.1183705156262],[-84.4855645772465,39.1184615151362],[-84.4856175785828,39.1185005152149],[-84.4858205775087,39.1186125158812],[-84.4860055778218,39.1186945160089],[-84.4861665778905,39.1187525157274],[-84.4862985783194,39.1187935152657],[-84.4863855780448,39.1188635158892],[-84.4864575785376,39.1189435153944],[-84.4864865784683,39.1189865161372],[-84.4865155784066,39.1190105151957],[-84.4866805782594,39.1192225152207],[-84.4868255790721,39.1193825156227],[-84.4869855774784,39.1195345153406],[-84.4871115786751,39.1196425160082],[-84.4873295789067,39.119813515417],[-84.4875525786303,39.1199645151799],[-84.4877275786577,39.1200705153037],[-84.4882045787025,39.1203485157898],[-84.4882705796902,39.1203675160347],[-84.4883405792723,39.120370515748],[-84.4884085788305,39.1203575151181],[-84.4884415789374,39.1204225155372],[-84.4884605794216,39.1204915152031],[-84.4884625788395,39.1205265162965],[-84.4882995788962,39.1221475155162],[-84.4882925789352,39.1222095160761],[-84.4880135796787,39.1248515163477],[-84.4879765796309,39.1251575166516],[-84.487909579212,39.1257875167042],[-84.4862385788734,39.1256845164875],[-84.4851335774546,39.1256015166508],[-84.4845205786127,39.1255585171985],[-84.4830875769262,39.1254665166973],[-84.4821115766729,39.1253555172164],[-84.4816115774876,39.1253125171461],[-84.4805445769365,39.1251925165242],[-84.479382576144,39.1264185167688],[-84.4786825767262,39.1271945177672],[-84.4784315766463,39.1274855177883],[-84.4781605763824,39.1278005184442],[-84.4775175762096,39.1284855172505],[-84.4771975763482,39.1288945187159],[-84.4769745767667,39.1291295177491],[-84.4767585758482,39.1294115176232],[-84.4767605758598,39.1296175179908],[-84.4767535764628,39.1297325183212],[-84.4767185763869,39.1300595187228],[-84.4766985761512,39.1303245182102],[-84.4789125765739,39.1305575181596],[-84.4790555765458,39.1305555174238],[-84.4791975767021,39.13054051834],[-84.4793245762645,39.1305205177654],[-84.4795515778206,39.1304955179123],[-84.4792755775927,39.1307735176469],[-84.4791705762317,39.130920518943],[-84.4790805772996,39.131072518751],[-84.479007576876,39.1312305183016],[-84.4789505759407,39.1313925181997],[-84.4789115763717,39.1315565182688],[-84.4788695773267,39.1318505182912],[-84.478695577578,39.1318405183169],[-84.4777845765792,39.1317455179741],[-84.477005576719,39.1316595184646],[-84.4765575765597,39.1316185184523],[-84.4765285761501,39.1318235183258],[-84.4746185757605,39.1317115181099],[-84.4735525750853,39.1316425189126],[-84.4723205750819,39.1315675179967],[-84.4722845747728,39.1318005195331],[-84.4722575750345,39.132067519236],[-84.4722045748716,39.1324555185096],[-84.4720865745368,39.1336015189905],[-84.4707425747168,39.1335065194127],[-84.4703025742624,39.1334755198854],[-84.47025057503,39.1336565190619],[-84.470195573969,39.1336485193573],[-84.4697735747615,39.1336055193528],[-84.4696045747972,39.1335815189178],[-84.4694555738515,39.1335795192167],[-84.4690285741752,39.1335895191642],[-84.4688755735885,39.1335815191983],[-84.4686585738774,39.133560519394],[-84.4685205737304,39.1335675193521],[-84.4685065744656,39.1336345189055],[-84.4684015741281,39.1346005199071],[-84.4663285740118,39.1344815196346],[-84.4659965734012,39.1344625194781],[-84.4640675730394,39.1343035192507],[-84.4646415728452,39.1333415185561],[-84.4637505721164,39.1332795192393],[-84.4633715724798,39.1332535194433],[-84.4628835716104,39.1335715198679],[-84.4630255719821,39.1320085189802],[-84.4621785725421,39.1321585189339],[-84.461179572012,39.1323145189969],[-84.4607995714841,39.1322915192027]]]},"properties":{"OBJECTID":43,"SNA_NAME":"East Walnut Hills","SNA_NUMBER":14,"ACRES":454.68505477,"SQMI":79.733,"app_id":"CIN-SNA-043","canonical_slug":"east-walnut-hills","display_name":"East Walnut Hills"}},{"type":"Feature","id":44,"geometry":{"type":"Polygon","coordinates":[[[-84.5261925903094,39.1214535140773],[-84.5262645902861,39.1206515137922],[-84.5259345903388,39.1204815138606],[-84.5256145896754,39.1202985138707],[-84.5253075898929,39.1201035138597],[-84.525013589765,39.1198975140975],[-84.5247515896193,39.1196485141925],[-84.524181588752,39.1191115139371],[-84.523662589447,39.1186235132996],[-84.523580588846,39.1185335138063],[-84.5233025889368,39.1182105136085],[-84.5230805888439,39.1179255138776],[-84.5228555890159,39.1176105131041],[-84.5223875884117,39.116868513601],[-84.5222945882705,39.1167365135016],[-84.5221005886209,39.116430514136],[-84.5220075888923,39.1163165128136],[-84.5218445880145,39.1160655126707],[-84.52170758882,39.1157555133211],[-84.521484587475,39.1149375132535],[-84.5211685884257,39.1137235123524],[-84.5210425883892,39.1132365128852],[-84.5209125884138,39.1127555127302],[-84.5208415870331,39.1124615126496],[-84.5206795878962,39.111805512408],[-84.5205595880854,39.1113485121832],[-84.5205055877076,39.1111265124333],[-84.5204205877733,39.110818511777],[-84.5203995874613,39.1107385131238],[-84.5203265875382,39.1105155128204],[-84.5201625870839,39.1098745120253],[-84.520056587672,39.1093465119578],[-84.5197605873493,39.108229511692],[-84.519688587786,39.107919511614],[-84.5195935865393,39.1075855115481],[-84.5194995874374,39.1072415123189],[-84.5194315874253,39.1069285122343],[-84.5192635871383,39.1064115114261],[-84.5190795869089,39.10555751149],[-84.5190495868077,39.1053825114929],[-84.5189765868042,39.1051075109794],[-84.5188735867889,39.1046525114583],[-84.5187855870402,39.1042955116013],[-84.5187005863522,39.1039405110821],[-84.5184495861448,39.1029765117733],[-84.5182895863181,39.1023065111994],[-84.5181355858059,39.1018335110832],[-84.5197165863852,39.1016155106209],[-84.5203175863809,39.1016155102322],[-84.5211455877008,39.1016155100288],[-84.5221765873509,39.1016155104795],[-84.5222695872946,39.1016385108009],[-84.5222405876332,39.101615509893],[-84.5225415877648,39.1016205108616],[-84.5230495876541,39.1016305109382],[-84.5233545877258,39.1016365103861],[-84.5234935872378,39.1016335099807],[-84.5235775876464,39.1016315113913],[-84.5237575877899,39.1018105105506],[-84.5239225874744,39.1019525101495],[-84.5241405879575,39.1021105104641],[-84.524439588415,39.1023025103106],[-84.5246245876212,39.1022975101038],[-84.5251675884466,39.1025325107853],[-84.5256375880975,39.1027545110311],[-84.5262245885579,39.1031925099452],[-84.5264535896292,39.1033535105503],[-84.5269235895264,39.1036855101878],[-84.528728589134,39.1045835110929],[-84.5287895895299,39.1046085108845],[-84.5291635897894,39.1047925108901],[-84.5293795899096,39.104908510681],[-84.5295185893616,39.1049955110345],[-84.5296475897671,39.1050755114363],[-84.5298795902539,39.105227511092],[-84.5300595901582,39.1053685114603],[-84.5303395899761,39.1056425108646],[-84.5304245898083,39.1057365112718],[-84.5305725894086,39.1059025103412],[-84.5306345900761,39.1059715107777],[-84.5306985902903,39.1060425106762],[-84.5307335901211,39.1060825105171],[-84.5308345898291,39.1061985110099],[-84.5309715907974,39.1063715105696],[-84.5310625905247,39.1065085108429],[-84.5311545905044,39.1066585116567],[-84.5312425903988,39.1067805108038],[-84.5313185909656,39.1069045114909],[-84.5314525899398,39.1071885119749],[-84.5315315906651,39.1074045104817],[-84.5316175912832,39.1076905118973],[-84.5316665900793,39.1078705119981],[-84.5316995908891,39.1081055114699],[-84.5317205915449,39.1083185117411],[-84.5317305902997,39.1087875120731],[-84.5317235901389,39.1090695115865],[-84.531720590971,39.1092045111321],[-84.5317085910492,39.1093665120871],[-84.5317055909198,39.1094115118662],[-84.5316875911279,39.1097265117565],[-84.531656591076,39.1101065121782],[-84.5315955913444,39.1106395123623],[-84.5315535903671,39.111060511588],[-84.5315285902872,39.1114045113397],[-84.5314985912738,39.1117515126465],[-84.5314835911418,39.1121055115304],[-84.5314895903702,39.1124345125276],[-84.5314865912474,39.1126965118103],[-84.5315105904451,39.1128365126975],[-84.531538590817,39.1129975123083],[-84.5316325906993,39.1133475126415],[-84.5316905909024,39.113515512623],[-84.5317845910802,39.1137375128984],[-84.531861591236,39.1139085126133],[-84.5319795907024,39.1141305127491],[-84.5320655912854,39.1143015131091],[-84.5321715906234,39.1144935127204],[-84.5322445917718,39.1146125124885],[-84.5324335919905,39.1149015123038],[-84.5326165921454,39.1151875121036],[-84.5328935911979,39.1155655126542],[-84.5330525920507,39.1157945126067],[-84.5333405918878,39.1161815124176],[-84.5334555918047,39.1163135135606],[-84.5339095917108,39.116901512265],[-84.5342325921566,39.1173285134385],[-84.5344425919339,39.1176145132698],[-84.5347045933007,39.117976512959],[-84.5349405925045,39.1182985131215],[-84.5351755918355,39.1187125133476],[-84.5352725922944,39.1188985133695],[-84.5354035932699,39.119203513151],[-84.5355195928859,39.1195415135336],[-84.535583592835,39.1197745132676],[-84.5355985930593,39.1198275126347],[-84.5356295928233,39.1200105132973],[-84.5356595930295,39.1202235134135],[-84.5356695927932,39.120433512964],[-84.5356855932245,39.1205885134225],[-84.5356945926406,39.1207595139641],[-84.5356855927555,39.1209395130074],[-84.5356665925286,39.1218405138971],[-84.5356245922856,39.12248651432],[-84.5356065926457,39.1229225145144],[-84.5355965929113,39.1231055134877],[-84.5355005934273,39.1244065143186],[-84.5354945927713,39.1244765146775],[-84.5352735928357,39.1244505136739],[-84.5352085939457,39.1244425149239],[-84.5349015931286,39.1244075145204],[-84.5348585937226,39.1244025145251],[-84.5347925931261,39.1243945142078],[-84.5334975916507,39.1242355137019],[-84.533302592183,39.1243165145186],[-84.5331475919342,39.1248605138129],[-84.5330785925307,39.1250165143823],[-84.5329895921582,39.1251675144804],[-84.5325825921591,39.1256985147204],[-84.5323465913981,39.1260025149009],[-84.5321635920391,39.126192514741],[-84.5321215917681,39.1262155147112],[-84.5320085922365,39.1262765151965],[-84.5318225921527,39.1263615147777],[-84.5320235917289,39.1256705149949],[-84.5321095927522,39.1253725143262],[-84.5323085922563,39.1246895140825],[-84.5324765920275,39.1241715144219],[-84.5324715921776,39.1241225138219],[-84.5324755922023,39.1239935148745],[-84.5324215922034,39.1234255144241],[-84.5324025931131,39.1233335142198],[-84.5323755923691,39.1232675139676],[-84.5323385927085,39.123204513775],[-84.5322635921268,39.1231225139368],[-84.5320955914899,39.1229055146784],[-84.5320035923025,39.1228125137547],[-84.5318455919723,39.1227305144936],[-84.5308285914816,39.1221905136204],[-84.530574591615,39.1220505139137],[-84.5286185912949,39.1217225138561],[-84.528143590965,39.1216495139776],[-84.5265955905626,39.1215165143636],[-84.5262595902061,39.1214805144288],[-84.5261925903094,39.1214535140773]]]},"properties":{"OBJECTID":44,"SNA_NAME":"West End","SNA_NUMBER":47,"ACRES":530.25355374,"SQMI":79.733,"app_id":"CIN-SNA-044","canonical_slug":"west-end","display_name":"West End"}},{"type":"Feature","id":45,"geometry":{"type":"Polygon","coordinates":[[[-84.501836583897,39.1266915158264],[-84.5027575837668,39.126748517125],[-84.503416583443,39.126789516276],[-84.5046555833282,39.1268765161342],[-84.5055585839973,39.1269395163567],[-84.5083885853014,39.1271235159479],[-84.5096675854154,39.1272055156099],[-84.5106855854949,39.1272735164672],[-84.5116705865297,39.1273335159547],[-84.5115095864582,39.1274845165116],[-84.5114005863099,39.1275565161022],[-84.5113105856357,39.1276425167582],[-84.5112415869611,39.1277385165517],[-84.511195586181,39.1278435158892],[-84.5111725864682,39.1279805161838],[-84.5111695857529,39.1281175154716],[-84.5111865865163,39.1282545155154],[-84.5112125863326,39.1283625166124],[-84.51126258616,39.1284945164251],[-84.5113585867687,39.1286725165005],[-84.5113785867513,39.1287395158818],[-84.5113995871378,39.1288075160619],[-84.5114145864978,39.128917516364],[-84.5114135865572,39.1290285169172],[-84.5113885861906,39.1292255171586],[-84.5113335869103,39.1299305165769],[-84.5112775860624,39.1305005160878],[-84.5111305866571,39.1317615173823],[-84.5110645863198,39.1324205170111],[-84.5109975866036,39.1329855170747],[-84.5110105875031,39.133022517482],[-84.5108885871849,39.1340195176168],[-84.5108315872309,39.1342965180445],[-84.5106125867927,39.1354555172494],[-84.5095165863712,39.1354355174458],[-84.5089365858898,39.1354245175504],[-84.5091135858925,39.1361405180717],[-84.5095205863819,39.1377875189654],[-84.5095645874008,39.1383205181127],[-84.5095565860416,39.1384745179142],[-84.5095125866442,39.1389665184767],[-84.5094905863838,39.1392185186841],[-84.5093635872504,39.1405485184324],[-84.5092735867689,39.1414455191272],[-84.5092065870906,39.1421505187113],[-84.5092195867239,39.1422365189274],[-84.509253587478,39.1423175185017],[-84.5093085874733,39.1423925182115],[-84.5093315867609,39.1424145191191],[-84.5085075870045,39.1423805192345],[-84.5073465862063,39.1423055189579],[-84.5057615865138,39.1422165186828],[-84.5032245855065,39.1420685188683],[-84.5030605848144,39.1420595183965],[-84.5005805834033,39.141909519231],[-84.5002935844285,39.1418995196874],[-84.5004075843559,39.1408975193857],[-84.5005295835417,39.1397445186514],[-84.5006565837238,39.1386485184028],[-84.5006705845209,39.1385375183354],[-84.5008715831456,39.1366245185044],[-84.5009225835897,39.1361315173844],[-84.5009475841238,39.1358905185257],[-84.5010245846721,39.1351805179849],[-84.5012635833267,39.1330945178682],[-84.5013185841613,39.1326205174516],[-84.501498583529,39.1309555170381],[-84.5017135838132,39.1289825167012],[-84.5017815837943,39.1283955162051],[-84.5018845825005,39.127477516716],[-84.5019195835246,39.1271175164288],[-84.5019185836871,39.1270415168463],[-84.501836583897,39.1266915158264]]]},"properties":{"OBJECTID":45,"SNA_NAME":"Corryville","SNA_NUMBER":9,"ACRES":332.03840696,"SQMI":79.733,"app_id":"CIN-SNA-045","canonical_slug":"corryville","display_name":"Corryville"}},{"type":"Feature","id":46,"geometry":{"type":"Polygon","coordinates":[[[-84.680718021659,39.1070974593071],[-84.6807179157785,39.1070972522517],[-84.6807164140362,39.107094324107],[-84.680683134389,39.1070276784117],[-84.6805375869549,39.1067362004233],[-84.680390683145,39.1064420040355],[-84.6801989817564,39.1060381378817],[-84.6800544318796,39.1057336012013],[-84.6800161389639,39.1056529262988],[-84.6799605031245,39.1055357140403],[-84.6799175458039,39.1054452096982],[-84.67951145861,39.104589652832],[-84.6790923384846,39.1037066138834],[-84.6790137429033,39.1035410175996],[-84.6788187210499,39.1034890836323],[-84.6786746344602,39.1031935031966],[-84.6744721558659,39.1023312185742],[-84.6742977501061,39.1022847147186],[-84.6742615977508,39.1022750750009],[-84.6742133814158,39.10226221867],[-84.6742132496443,39.1022621832979],[-84.6742138387386,39.102255052007],[-84.6742195132911,39.102186391396],[-84.6742348881243,39.1020003622033],[-84.6742414808793,39.1019205904133],[-84.6742456112233,39.101870627096],[-84.6742785226375,39.1014724025575],[-84.6742844280659,39.1014009641173],[-84.674284524765,39.1013997900135],[-84.6742325035904,39.1013931566901],[-84.6742323607918,39.1013931386451],[-84.6742432452219,39.1012731158146],[-84.6742433512233,39.1012719433385],[-84.6741347570525,39.1012573563811],[-84.6741239980666,39.1012560976345],[-84.6739946466671,39.1012409683336],[-84.6739945213166,39.1012409535652],[-84.6739041508135,39.1012305018653],[-84.6738784022996,39.1012275239628],[-84.6738750946451,39.1012271408939],[-84.6738681915396,39.1012263423103],[-84.6738521257201,39.1012244847779],[-84.6738474044822,39.1012239381043],[-84.6738424732175,39.1012233683388],[-84.67381640554,39.1012203531595],[-84.6738128065945,39.1012199368079],[-84.6737857756621,39.1012168108412],[-84.6737806621655,39.1012162192622],[-84.6737512299853,39.1012128148546],[-84.6737492361306,39.1012125846441],[-84.6737172054455,39.1012088802652],[-84.6737117333186,39.1012082467537],[-84.6736900375579,39.1012057379233],[-84.6735720779757,39.1011920947523],[-84.6735697336091,39.1011918233576],[-84.6734580539409,39.1011789065641],[-84.6734458725688,39.1011774978275],[-84.6734234085168,39.1011748997366],[-84.6733218781105,39.1011631566471],[-84.6732855289578,39.1011589519637],[-84.6732041484566,39.1011495394277],[-84.673189693538,39.1011478678457],[-84.6731582711707,39.1011442375051],[-84.6725944285139,39.1010786433726],[-84.6725847825003,39.1010771365457],[-84.6725727232525,39.1010751127022],[-84.6723428252477,39.1010289472671],[-84.6723351823046,39.101027145159],[-84.6723266411874,39.1010250553294],[-84.6719180643925,39.1009138199877],[-84.671865072413,39.1008992077398],[-84.6717628721419,39.1008710259703],[-84.671471663636,39.1007788713881],[-84.6714300878494,39.1007657146658],[-84.6713744339405,39.1007481028736],[-84.6713732731169,39.1007477353671],[-84.6713044882046,39.1007259679109],[-84.671114402634,39.1006658128023],[-84.6710098650124,39.1006327309247],[-84.6709696966098,39.1006200189274],[-84.6708700417713,39.1005884817743],[-84.670832643503,39.1005766468285],[-84.6705788823343,39.10049634029],[-84.6704262519835,39.100450054444],[-84.6703101231849,39.100414837293],[-84.6702060589136,39.1003832794528],[-84.6701395045968,39.1003630959632],[-84.6700843423132,39.1003463673118],[-84.6697504742021,39.100245117362],[-84.669639597894,39.1002114924915],[-84.6691639573204,39.1000672457501],[-84.6691241749753,39.1000551809727],[-84.6690803335939,39.1000425515127],[-84.6689220753637,39.0999969610807],[-84.6686056307971,39.0999055034082],[-84.6681532716075,39.0997993725651],[-84.6680876979789,39.0997835802857],[-84.6680857337006,39.0997831070386],[-84.6679154319263,39.0997488570731],[-84.6678377805789,39.0997332401799],[-84.6676566305836,39.0996965040299],[-84.666116664027,39.0995051706522],[-84.6660569557802,39.0994977330948],[-84.665863166725,39.0994736129034],[-84.6654477136988,39.0994219017145],[-84.6653503271581,39.099409779615],[-84.6652340479456,39.0993953055014],[-84.6651858451794,39.09938930594],[-84.6650096214327,39.0993580908776],[-84.6649562287655,39.0993486325948],[-84.6646636299062,39.0992965034807],[-84.6644347096187,39.0992732102769],[-84.6644107645288,39.0992707399439],[-84.6643783891826,39.0992673998736],[-84.6643429802116,39.0992660384361],[-84.6642102950341,39.0992609380934],[-84.6640738494523,39.0992556924812],[-84.6638964053464,39.0992504140777],[-84.663799922601,39.0992475439657],[-84.6635154398766,39.0992390810116],[-84.6634900708968,39.0992383265752],[-84.6634171031716,39.0992384194713],[-84.6631215285635,39.0992387975703],[-84.6630754586115,39.0992388566278],[-84.662986141333,39.0992389706512],[-84.6628649933162,39.0992391246559],[-84.6627099674443,39.099230130748],[-84.6626666284301,39.0992275039525],[-84.6625236283153,39.0992125040913],[-84.6615989244312,39.0990866948305],[-84.6610536418285,39.0990122909398],[-84.6610506538997,39.0990120330999],[-84.660628726754,39.0989756661119],[-84.6599564507798,39.0989177169813],[-84.6596855329868,39.0988943629922],[-84.6596850807896,39.0988943236649],[-84.6595367977445,39.0988815189978],[-84.6593467832759,39.0988219652677],[-84.659045628729,39.0987275035654],[-84.6570696267603,39.0982255033088],[-84.6557456274485,39.0978905032196],[-84.6557219561025,39.0978827124401],[-84.6556642050981,39.0978628705641],[-84.6552154204044,39.0977086741103],[-84.6543275894991,39.0974036208732],[-84.653892584706,39.0972513680721],[-84.6537766257809,39.0972005042994],[-84.65353350417,39.0971326105388],[-84.6533841115126,39.0970845988589],[-84.6533214451738,39.0970644588377],[-84.6526490234818,39.0968855009655],[-84.6517776048017,39.09665677974],[-84.6516365769105,39.0966197638456],[-84.6515771960559,39.0966041780259],[-84.651529425603,39.0965916393156],[-84.6504594465714,39.09631078818],[-84.6504243811029,39.0963022554029],[-84.6504193000147,39.0963009269346],[-84.6502186247565,39.0962415041082],[-84.6500866252072,39.0961925031675],[-84.6498985036384,39.0961087848564],[-84.6498954711263,39.0961072894996],[-84.6498557234763,39.096091707024],[-84.649513456951,39.0959575261553],[-84.6492076243316,39.0958375035247],[-84.6490316240694,39.0957685030994],[-84.6488175494932,39.0957110033139],[-84.6487900828768,39.0957030418537],[-84.6487756806733,39.095698759507],[-84.6487685192364,39.0956966297616],[-84.6484856245519,39.0956045038244],[-84.6478644388864,39.0953669158585],[-84.6477666931464,39.095329019032],[-84.6473881011696,39.0951911433833],[-84.6470936235768,39.095083503474],[-84.6468891545357,39.0950094354679],[-84.6467014790147,39.0949410867466],[-84.6465263671202,39.0948746296578],[-84.6460836953608,39.0947066296788],[-84.6460385249358,39.0946894866175],[-84.6460229565255,39.0946835783968],[-84.6459923976125,39.0946719810156],[-84.6459743151828,39.0946651182765],[-84.6459641936165,39.0946612771108],[-84.6459558385203,39.0946581060523],[-84.6458689138125,39.094625117144],[-84.6455724807847,39.0945126142026],[-84.6455377603252,39.0945008982433],[-84.6455039017328,39.0944884751988],[-84.6455019304237,39.0944877232765],[-84.6454700204862,39.0944754605668],[-84.6454642068923,39.0944730443532],[-84.6453396227593,39.0944165030837],[-84.6452176241451,39.0943485036693],[-84.6451010037046,39.0942707568874],[-84.6450778168566,39.0942551112661],[-84.6450508285363,39.0942369013214],[-84.6450238402026,39.0942186904698],[-84.6449968545187,39.094200566065],[-84.6449698688487,39.0941824416539],[-84.6449647460818,39.094179016953],[-84.644942885801,39.094164402789],[-84.6449344108133,39.0941587370375],[-84.644915902767,39.0941463639178],[-84.6448884794173,39.0941283322913],[-84.6448680898841,39.0941147009746],[-84.6448614964112,39.0941102934074],[-84.6448340745969,39.0940923491431],[-84.6448070942267,39.094074395799],[-84.6447796735685,39.0940564505997],[-84.6447740214964,39.0940527689755],[-84.6447256238052,39.0940205040803],[-84.6447008811032,39.0940048322239],[-84.6446978598309,39.0940028643703],[-84.6446956279939,39.0940014171329],[-84.644670444472,39.0939850911507],[-84.6446430291268,39.0939673179246],[-84.6446156137956,39.0939495446921],[-84.6445882010861,39.0939318570055],[-84.6445603480619,39.0939141765623],[-84.6445418901082,39.0939022665043],[-84.6445329353801,39.0938964888626],[-84.6445055227121,39.0938788011564],[-84.6444776723924,39.0938612080468],[-84.644467958751,39.0938550002248],[-84.6444502649675,39.0938436914327],[-84.6444224146482,39.0938260974092],[-84.6443950072782,39.0938085816824],[-84.6443671595941,39.0937910731982],[-84.6443424901708,39.0937756377918],[-84.644339314559,39.0937736511604],[-84.6443380037642,39.0937728311275],[-84.6443114695378,39.0937562291158],[-84.6442836245028,39.093738806164],[-84.6442557783534,39.0937213841274],[-84.644227935981,39.0937040476152],[-84.6442000936222,39.0936867110963],[-84.6441722538846,39.0936694601233],[-84.6441444141607,39.0936522091436],[-84.6441165744779,39.0936349590576],[-84.6440882970893,39.0936178017656],[-84.6440604574065,39.0936005507656],[-84.6440321826802,39.0935834799129],[-84.6440043456318,39.093566314452],[-84.6439760709328,39.0935492435855],[-84.6439477962476,39.0935321727122],[-84.6439195241832,39.0935151873845],[-84.643891692431,39.093498193902],[-84.6438634203938,39.0934812085606],[-84.6438351483702,39.0934642232122],[-84.6438068789673,39.0934473234095],[-84.6437781692799,39.0934304317472],[-84.6437499025386,39.0934136183836],[-84.6437216357833,39.0933968041126],[-84.643693369069,39.0933799907352],[-84.6436646608875,39.0933631846187],[-84.643636396807,39.0933464567799],[-84.6436295791967,39.093342505625],[-84.6436076950494,39.0933298226335],[-84.6435794309684,39.0933130938802],[-84.6435507292377,39.0932964597197],[-84.6435475335173,39.0932946085985],[-84.6417536214055,39.0921935031125],[-84.6409736215106,39.0917045033092],[-84.6408286178414,39.091617506712],[-84.6406986216523,39.0915185035251],[-84.6405850150154,39.0914107733517],[-84.6405825894254,39.0914082348294],[-84.6405799997829,39.0914053587375],[-84.6405026217027,39.0913125032752],[-84.6403726220031,39.0911235027872],[-84.6402346348621,39.0909971535851],[-84.6402021456673,39.0909616600184],[-84.6401975530338,39.0909566421576],[-84.6401941635863,39.0909529392427],[-84.6401898711999,39.0909482510293],[-84.6401804491569,39.0909379574721],[-84.6401740757107,39.0909309946813],[-84.6401607917943,39.0909191802923],[-84.6401510718638,39.0909105348691],[-84.6401336392862,39.0908950315863],[-84.6400887332974,39.0908550917674],[-84.640085212101,39.0908519607534],[-84.6400032045174,39.0907790237379],[-84.6399772525864,39.0907583056828],[-84.6398910555855,39.0906894935422],[-84.6397985781281,39.0906156658056],[-84.6397294456421,39.0905604759576],[-84.6396031803879,39.0904596753543],[-84.6395819035592,39.0904426895636],[-84.6395052821692,39.0903815206],[-84.6393981636351,39.090296004078],[-84.6393173772512,39.0902315086068],[-84.6393082183886,39.0902241971369],[-84.6390290546836,39.0899950655112],[-84.6389810063429,39.0899556275258],[-84.6387924255628,39.0898008416659],[-84.6385528415925,39.0896041930889],[-84.6385474734324,39.0895997868851],[-84.6380742440632,39.0891931592334],[-84.6373148845586,39.0885282499732],[-84.6372909093325,39.0885075786714],[-84.637266496479,39.0884870019405],[-84.6372425212812,39.0884663306287],[-84.6372185487237,39.0884457457651],[-84.6371945761802,39.0884251608966],[-84.637170163356,39.0884045832447],[-84.6371461896852,39.0883839983874],[-84.6371222171838,39.0883634135038],[-84.6370978070282,39.0883429222899],[-84.637073834555,39.0883223373962],[-84.6370494244004,39.0883018452715],[-84.6370254545539,39.0882813459205],[-84.6370138795004,39.0882716288676],[-84.6370010444549,39.088260854686],[-84.636976636996,39.0882404498998],[-84.6369522269254,39.0882199586551],[-84.6369282597335,39.0881995448365],[-84.6369038496912,39.0881790535815],[-84.63689841989,39.0881745141839],[-84.6368794422614,39.0881586478741],[-84.6368550374441,39.0881383277143],[-84.63683063007,39.088117922897],[-84.6368061861977,39.0880963158332],[-84.636780439814,39.0880753346976],[-84.6367653803625,39.088063610355],[-84.6367546205091,39.0880545026754],[-84.6367448470313,39.0880481025072],[-84.6367272433013,39.0880352906545],[-84.6366993529341,39.0880162367672],[-84.6366706028917,39.0879978853372],[-84.6366414334387,39.0879802282436],[-84.6366109640451,39.0879632817262],[-84.6365805181027,39.0879471069769],[-84.6365492139533,39.0879317211571],[-84.6365170512549,39.0879170368699],[-84.6364844717684,39.08790313337],[-84.6364514780635,39.0878900953093],[-84.6364180675413,39.0878778371346],[-84.6363837999642,39.0878663678654],[-84.636303284964,39.0878328636344],[-84.6356576206937,39.0875625027213],[-84.6355686193498,39.0875105034107],[-84.6355376203906,39.0874855027993],[-84.6354916199022,39.0874485026876],[-84.635428620302,39.0873765024918],[-84.6353816195475,39.087298501843],[-84.635056619686,39.0868245023402],[-84.6347256198561,39.086328502358],[-84.6342896196828,39.0856755027395],[-84.6342863615513,39.0856712313758],[-84.6342721752167,39.0856506404318],[-84.6342538158533,39.0856262608255],[-84.6342350240376,39.0856021459859],[-84.6342157998245,39.0855782977139],[-84.6341957055045,39.0855548078719],[-84.6341751802273,39.0855316701711],[-84.6341537859996,39.0855088908783],[-84.6341319593484,39.0854863772512],[-84.6341092652416,39.0854643094067],[-84.6340861438741,39.0854426774324],[-84.6340625901108,39.0854213120236],[-84.6340381714601,39.0854004770483],[-84.6340133229815,39.08537999329],[-84.6339899059461,39.0853613429433],[-84.6335666196444,39.0849875025379],[-84.633472488056,39.0848814902783],[-84.6334640176033,39.0848712922105],[-84.6334562450905,39.084861615616],[-84.6333726185663,39.0847495024592],[-84.6332776193557,39.0845975024488],[-84.6332764528075,39.0845958245341],[-84.6332715376703,39.0845866981155],[-84.6332655847996,39.0845756427173],[-84.6332633122103,39.0845714225586],[-84.6332502289541,39.0845545172398],[-84.6332449742556,39.0845477281137],[-84.633244746775,39.0845474322502],[-84.6332286723539,39.0845265912219],[-84.6332266337468,39.0845239490136],[-84.6332231841627,39.084519231519],[-84.6331086193626,39.0843545019998],[-84.6329820681755,39.0841410655708],[-84.632976111049,39.0841302102724],[-84.6329750097128,39.0841282040696],[-84.6329679867776,39.084114493116],[-84.6328766198692,39.0839215025115],[-84.6328752967296,39.0839189678658],[-84.6328648636904,39.0838948971435],[-84.6328594497917,39.0838846076142],[-84.6328464910459,39.0838599787841],[-84.6328275749027,39.0838240261015],[-84.6328099150952,39.0837904633208],[-84.6328044754461,39.0837801247051],[-84.6327342876903,39.0836467257539],[-84.6327060529493,39.083593063102],[-84.6326563971742,39.0834986867021],[-84.6326417333483,39.083470817497],[-84.6325996371478,39.0833908062472],[-84.6324956190589,39.0831915020848],[-84.6324927865939,39.0831866200291],[-84.6324820307907,39.0831665018564],[-84.6324707952819,39.0831461573373],[-84.6324680490626,39.0831411835874],[-84.6324540725302,39.0831160364225],[-84.6324396583658,39.083090982913],[-84.6324293136521,39.0830730602577],[-84.6324252468046,39.0830660149546],[-84.6324099574048,39.0830411496561],[-84.6324056028223,39.0830338798792],[-84.6323951108427,39.0830163618044],[-84.6323926199801,39.0830124511072],[-84.6323831117488,39.0829975234882],[-84.6323796181563,39.0829915020467],[-84.6323756160837,39.0829857927214],[-84.6323636660569,39.0829671616446],[-84.6323475066035,39.0829426547574],[-84.6323313524011,39.0829183207748],[-84.6323281001043,39.0829135852067],[-84.6323147631344,39.0828941650988],[-84.6322977336731,39.0828700184249],[-84.6322807094087,39.0828460428542],[-84.6322632475426,39.082822161838],[-84.6322490494999,39.0828033585799],[-84.6322453506405,39.0827984600285],[-84.6322327804107,39.0827818695408],[-84.6322276193749,39.0827745010689],[-84.6322207779334,39.082766274183],[-84.6322164499806,39.082760721328],[-84.6322091244175,39.0827513211633],[-84.6321958633566,39.0827343658442],[-84.6321907951239,39.0827278850079],[-84.6321720307952,39.0827046280587],[-84.6321532716909,39.0826815431128],[-84.6321378850095,39.0826635339285],[-84.6321336347273,39.0826585599229],[-84.6321144431931,39.0826357397325],[-84.6321011749294,39.0826207200109],[-84.6320943738275,39.0826130221983],[-84.6320778275055,39.0825943612599],[-84.6320746191233,39.0825905016074],[-84.632071616863,39.0825873779306],[-84.6320614317188,39.0825759750746],[-84.6320542455043,39.0825679293309],[-84.6320337489348,39.082545648554],[-84.6320128147393,39.082523461429],[-84.6319918857687,39.0825014463066],[-84.6319705217646,39.0824796103886],[-84.6319487201625,39.0824578690226],[-84.6319269237581,39.0824362987583],[-84.6319051299591,39.0824148140427],[-84.6319033084345,39.082413075184],[-84.631887362322,39.0823978515263],[-84.6318829037465,39.0823935949845],[-84.6318602399091,39.082372469577],[-84.6318375812967,39.0823515161715],[-84.6318144850597,39.0823306564162],[-84.6317913940203,39.0823099677622],[-84.6317197030835,39.0822450998235],[-84.6316644767854,39.0821951306187],[-84.6316644232621,39.0821950811444],[-84.6314596198209,39.0820065008138],[-84.6314595265857,39.0820063998087],[-84.6313491367884,39.0818823242157],[-84.6312973335733,39.0818188976178],[-84.6312052004812,39.0817100986284],[-84.6311328435558,39.0816246534007],[-84.631062346213,39.081532503379],[-84.6310139557569,39.0814692499529],[-84.6309999032692,39.0814508808866],[-84.6309661251421,39.0814067286811],[-84.6309534126553,39.0813880565306],[-84.6309490889093,39.0813905004517],[-84.6307177703606,39.0810801681108],[-84.6305789609377,39.0808939657718],[-84.6305120266017,39.0808041719464],[-84.6304897519657,39.0807813226093],[-84.6304657450378,39.0807594494393],[-84.6304400084088,39.0807386379883],[-84.6304134199291,39.0807187865088],[-84.6303851043388,39.0807000822994],[-84.6303559420776,39.0806825091659],[-84.6303254981324,39.0806662472104],[-84.6302937672949,39.0806511244255],[-84.6302678922152,39.080640056831],[-84.630261637801,39.0806373821774],[-84.6302282254919,39.0806249520265],[-84.6284016178577,39.0799385014811],[-84.6283660040105,39.0799264563633],[-84.6283339043144,39.0799153189063],[-84.6282996445194,39.0799039327918],[-84.6282938079953,39.079902036079],[-84.6282656168775,39.0798925009533],[-84.6282511584431,39.0798883108758],[-84.6282307043469,39.0798818548673],[-84.6281960277117,39.0798712485887],[-84.6281613562892,39.0798608143063],[-84.6281266952537,39.0798507231261],[-84.6280915991881,39.0798408111294],[-84.6280565135088,39.0798312422346],[-84.6280327578662,39.0798250198512],[-84.6280206180298,39.0798215016877],[-84.6280099162739,39.0798190518889],[-84.6279859227438,39.0798127996262],[-84.627958839261,39.079806095027],[-84.6279504202174,39.0798040105649],[-84.6279149254885,39.0797954790523],[-84.6278002968202,39.0797710666764],[-84.627528142506,39.0797087666571],[-84.6275224452904,39.079707079096],[-84.6275164589378,39.0797051580648],[-84.6273886167703,39.0796565008257],[-84.6270548204065,39.0794767642926],[-84.6270243084874,39.0794601224934],[-84.626517325014,39.0791971918784],[-84.6264873539154,39.0791819501689],[-84.6264569518049,39.0791670587666],[-84.6264289190078,39.0791536394399],[-84.6264266164458,39.0791525013247],[-84.62642552128,39.0791520294523],[-84.6263957382968,39.0791382295633],[-84.6263644855052,39.079124298964],[-84.6263332404817,39.0791106250154],[-84.6263264397169,39.0791077646542],[-84.626301565655,39.0790973031527],[-84.6262698985956,39.0790842379405],[-84.6262464977001,39.0790748973327],[-84.626238617178,39.0790715008344],[-84.6262339105452,39.0790699202746],[-84.6262061554313,39.0790591458096],[-84.6260282094702,39.0789995281677],[-84.6257488919026,39.0789059482542],[-84.6256658111416,39.0788781128846],[-84.6256462786223,39.078871569234],[-84.6256358297125,39.0788680675506],[-84.625635532422,39.0788688650362],[-84.6252386158962,39.0787355022261],[-84.6246686152647,39.0786335018049],[-84.6243881525545,39.0785837103485],[-84.6243866951853,39.0785825747133],[-84.6240721060761,39.078525411511],[-84.6235778307027,39.0784355969433],[-84.6234914844796,39.0784199066914],[-84.6234687496758,39.0784171805985],[-84.623411429467,39.0784103084279],[-84.6233956157302,39.0784075013952],[-84.6232906161519,39.0783955012797],[-84.6231486153738,39.0783935016489],[-84.6230726153614,39.078394501848],[-84.6228796160001,39.0794535016407],[-84.6215096146651,39.0805185019494],[-84.6207796151841,39.0815155019527],[-84.6203776141718,39.0817045017693],[-84.6191656154752,39.0843095027038],[-84.6190684056086,39.0845447121857],[-84.619075624912,39.0844626885541],[-84.6190850537617,39.0843555652345],[-84.6191301210433,39.0838435140717],[-84.619145133021,39.0836729488694],[-84.6191653157985,39.0834436366254],[-84.6191654209112,39.0834424435064],[-84.6190180372018,39.0834439962604],[-84.6190074782559,39.0834441074193],[-84.6190126142608,39.0833655026555],[-84.6184216144578,39.0833665025356],[-84.618149614996,39.0833675028692],[-84.6176326136277,39.0833675024137],[-84.617449614318,39.0833675029836],[-84.617255614266,39.0834325028463],[-84.6171496143822,39.0834675026793],[-84.6162496144171,39.0833675023276],[-84.6162340396519,39.0833052049666],[-84.6162467454447,39.083135879893],[-84.6162502527157,39.0830772850632],[-84.6162526145216,39.0830378414664],[-84.6162677433763,39.0828370712382],[-84.6162808757774,39.0826574501069],[-84.6162906329795,39.0825239787183],[-84.6162907172421,39.0825228211247],[-84.6162124290645,39.0825005500428],[-84.6162186143441,39.0824555023111],[-84.6162186178555,39.0824554653037],[-84.6162942987927,39.0823587996449],[-84.6163043082267,39.0823487646337],[-84.6165082107972,39.0821443344662],[-84.6165089952499,39.0821435479284],[-84.6164156597292,39.0820975243843],[-84.6163267389116,39.0820469085251],[-84.6163267059899,39.0820468902044],[-84.6162561568265,39.08200673148],[-84.6162626251918,39.0818379050878],[-84.6163389533068,39.0818818246516],[-84.6163390309483,39.0818818691869],[-84.6163536289358,39.0816858743013],[-84.616354468311,39.0816746137929],[-84.6163569398772,39.0816414368253],[-84.6163580614045,39.0816263732128],[-84.6163888648777,39.0812127710648],[-84.6163980856529,39.0810889606512],[-84.6164092584364,39.0809411464917],[-84.6164480754884,39.0804275816386],[-84.6164876993501,39.0799526978339],[-84.6164997963049,39.079807717699],[-84.6165149062745,39.0796266213557],[-84.6165153205636,39.0796218309821],[-84.6165154235943,39.0796206442112],[-84.6163477949289,39.0796149677382],[-84.6163496135641,39.0795675020396],[-84.6163726136004,39.0793995025702],[-84.6144986128779,39.0794215013675],[-84.6144976136619,39.0794745025564],[-84.6144908625064,39.0798045976227],[-84.6143322734266,39.0798588067354],[-84.6143321898653,39.0798588343913],[-84.6142652825152,39.0798809024794],[-84.6141335236714,39.0799003139064],[-84.6138737728914,39.079938581894],[-84.613869164477,39.079938069497],[-84.6138427175274,39.0799359598026],[-84.6134025740574,39.0799008316409],[-84.6134007344553,39.0799007057186],[-84.6130195556481,39.0798746839774],[-84.6129859344684,39.0798723886917],[-84.6129825562382,39.0798725350161],[-84.6129793907287,39.0798714880677],[-84.6129762646096,39.079871136916],[-84.612973130518,39.0798708282592],[-84.612969990792,39.0798705629558],[-84.612966844249,39.0798703401262],[-84.6129636943552,39.0798701597072],[-84.6129605399553,39.07987002172],[-84.6129573834143,39.0798699279234],[-84.6129542258332,39.0798698764952],[-84.6129510672124,39.0798698674355],[-84.6129479087611,39.0798699025243],[-84.6129447515808,39.0798699799395],[-84.6129415956714,39.0798700996809],[-84.6129384445534,39.0798702634865],[-84.6129352970171,39.0798704695762],[-84.612932154218,39.0798707179291],[-84.6129290173656,39.0798710103251],[-84.6129258875342,39.0798713440414],[-84.6129227659333,39.0798717208582],[-84.6129196536913,39.0798721398537],[-84.6129165508352,39.0798726019286],[-84.6129134584664,39.0798731052606],[-84.6129103777672,39.0798736507292],[-84.6129073110486,39.0798742382923],[-84.6129042571281,39.0798748670704],[-84.6128988122376,39.0798761422681],[-84.612898660695,39.0798761774704],[-84.6128701743124,39.0798802211167],[-84.6128700534525,39.0798802386392],[-84.612869828983,39.0798802706665],[-84.6126417640108,39.0799126452801],[-84.612551604013,39.0799254618439],[-84.6124235803184,39.0799436165048],[-84.6121594571679,39.0799808718936],[-84.6121196755182,39.0799864783077],[-84.6119358534504,39.0800123816402],[-84.61186532238,39.0800225546989],[-84.6116742469866,39.0800501135396],[-84.6114738971516,39.0800790079902],[-84.6112198193486,39.0801156510033],[-84.6110928805055,39.0801339583112],[-84.6086602178734,39.0803774363394],[-84.6083492218218,39.0803573056615],[-84.6080816205691,39.0803399345507],[-84.6077739231798,39.0803199594545],[-84.6075586154897,39.0803059813358],[-84.6072886006906,39.0802884513798],[-84.6072885686875,39.0802886952465],[-84.6072756025784,39.080386140386],[-84.6072755894498,39.0803862424439],[-84.6072755206373,39.0803867627025],[-84.6072570123711,39.0805258634471],[-84.6072427685517,39.0806329154284],[-84.6072355175773,39.0806875367435],[-84.6072294992028,39.0807329782282],[-84.6072108627807,39.080873673451],[-84.6071681476014,39.0811961635147],[-84.6071201575135,39.0815585183929],[-84.6071171949338,39.08156011669],[-84.607115010711,39.0815618026472],[-84.6071128655349,39.0815635185298],[-84.6071107593788,39.0815652634374],[-84.6071086922423,39.0815670373699],[-84.6071066640718,39.0815688385261],[-84.6071046783335,39.0815706668432],[-84.6071027327165,39.081572522363],[-84.6071008294779,39.0815744032425],[-84.607098967489,39.0815763104031],[-84.6070971501894,39.0815782428814],[-84.6070953752141,39.0815801989181],[-84.6070936449011,39.0815821793719],[-84.6070919592234,39.0815841833422],[-84.6070903181271,39.0815862090278],[-84.6070887227945,39.0815882573083],[-84.6070871731988,39.0815903272831],[-84.6070856715968,39.0815924171091],[-84.6070842157047,39.0815945277289],[-84.6070828077794,39.0815966572992],[-84.6070814478479,39.0815988067208],[-84.6070801358293,39.0816009732919],[-84.6070788729061,39.081603157892],[-84.6070776590512,39.0816053596205],[-84.6070764942107,39.0816075766764],[-84.6070753795671,39.0816098099393],[-84.607075088216,39.0816104270543],[-84.6034376099051,39.0818675034572],[-84.6034396097652,39.08191050321],[-84.603460610299,39.0820425026874],[-84.6033736100299,39.0820555024381],[-84.6032566097566,39.0817965037173],[-84.603051610187,39.0814105026068],[-84.6025856100152,39.0806705022118],[-84.6024026089273,39.0804405026883],[-84.6023736097173,39.0802575035925],[-84.6024676102059,39.0800375030774],[-84.6025976094385,39.0798055029685],[-84.6027036101191,39.0794575034452],[-84.6027176099314,39.079285502392],[-84.6027246103809,39.0792095021847],[-84.6026516096815,39.0788555018315],[-84.60246760982,39.0785535021682],[-84.602461609315,39.0785445023461],[-84.6022716094369,39.0782655025401],[-84.6022466091705,39.0782465025645],[-84.6021076091573,39.0782425025543],[-84.6014906088593,39.0782645029831],[-84.5999826090209,39.0785085026916],[-84.5985376079368,39.0787275029989],[-84.597788608573,39.0790155028287],[-84.5975136081301,39.0784715030677],[-84.5974646073121,39.0784675021922],[-84.5964116076108,39.0788475029858],[-84.5963406073661,39.0788605025642],[-84.5962676075462,39.0788635032812],[-84.5961956074815,39.0788585025474],[-84.5961246080688,39.0788425025523],[-84.5960586072362,39.0788185026346],[-84.5959986075452,39.0787855025158],[-84.5959466072563,39.078745502422],[-84.5958866067664,39.0786735029744],[-84.5966316079959,39.0783845030135],[-84.5973026081758,39.0781425024787],[-84.5974426075539,39.0780955023562],[-84.5979396077626,39.0779285030708],[-84.5984106080765,39.0777805027663],[-84.5987796083378,39.0777045019558],[-84.5995046090331,39.077544503094],[-84.6008266089367,39.0773255028252],[-84.6029706092657,39.0769295016471],[-84.6033486100294,39.0768495022289],[-84.6039716096592,39.0767565022596],[-84.6045806098979,39.0767165018311],[-84.6045506102052,39.0763775012795],[-84.6045906099381,39.0762385024686],[-84.6046566102935,39.0760665013648],[-84.6044666093619,39.0746055017129],[-84.6044286091986,39.0744985018811],[-84.6043816101134,39.0736665005871],[-84.6058596102447,39.0734755011289],[-84.6074866096738,39.073376501162],[-84.6090106108525,39.0733375006718],[-84.6116576120132,39.0733915014238],[-84.6137946125162,39.0734675015247],[-84.6155136130832,39.073373501659],[-84.6167976130423,39.073329501244],[-84.6183476146685,39.0733115009286],[-84.6183636143011,39.0733135014843],[-84.6189576142086,39.0733835009971],[-84.6195816144488,39.0735035004583],[-84.6204016140869,39.0736235010005],[-84.6216566154829,39.0738645000072],[-84.6231056160268,39.0742215008174],[-84.6234976151227,39.0743375008039],[-84.6241466153495,39.0745305006765],[-84.6249456158404,39.0747685011603],[-84.6277066174849,39.075617500628],[-84.6284520719211,39.0759503621227],[-84.6284681385626,39.0759595541204],[-84.6284740600354,39.0759601805673],[-84.628669616651,39.0760475008468],[-84.6289386170755,39.0761675002702],[-84.6293796180234,39.0762995001006],[-84.6300846179643,39.076421500268],[-84.6314886177152,39.0765265008381],[-84.6323306183311,39.0765975009073],[-84.6325366185798,39.0766415004973],[-84.6328866187562,39.0768405011268],[-84.6331446186585,39.0770325007891],[-84.6333046186072,39.0772075006957],[-84.6335286180326,39.077422500878],[-84.6338606182909,39.0777845003763],[-84.6342806193713,39.0782055007962],[-84.6343646183288,39.0782905006911],[-84.6345536188831,39.0785155014199],[-84.6353156185875,39.0792245003832],[-84.6355796198828,39.0794435007394],[-84.6357516192756,39.0795655011137],[-84.6363816203817,39.0800145015013],[-84.6372466201404,39.0805255015852],[-84.6374586203447,39.0806135005982],[-84.6380796207096,39.0809765014621],[-84.6387686203897,39.0814315006612],[-84.6398026205297,39.0823535010318],[-84.6405916213156,39.0830285008217],[-84.6413146217726,39.0835095015385],[-84.6414466208886,39.0836195012106],[-84.6419906211206,39.0839925014655],[-84.6425466223445,39.0844045013981],[-84.6430676216778,39.0848825012189],[-84.6434436220719,39.0852865024462],[-84.6440766221069,39.0859375017736],[-84.6441926223381,39.0860905013003],[-84.645686623716,39.0876115014437],[-84.6471366230707,39.0889215024137],[-84.6479916231805,39.0896255020357],[-84.649342624432,39.0907985026636],[-84.6496346243996,39.091045502206],[-84.649800624896,39.0911385030872],[-84.6503796244457,39.0916055034241],[-84.6510326256235,39.0920785022084],[-84.6516966247778,39.0925355029652],[-84.6519146249738,39.0926465025058],[-84.6525396252481,39.0930505034129],[-84.6531526258471,39.0933905026002],[-84.6541036255691,39.0938145029728],[-84.6545446256238,39.0940335029652],[-84.6554676266707,39.0944235032828],[-84.6572206271109,39.0952365026608],[-84.6585216268428,39.0958195036563],[-84.6595756274641,39.0961875034628],[-84.660641628247,39.096528503053],[-84.6609966285433,39.096604502539],[-84.6632596295512,39.0972095033352],[-84.6647036284179,39.0975725032004],[-84.6654426299803,39.0977815036295],[-84.6659646295875,39.0978745028635],[-84.6666016293872,39.0979595031934],[-84.6672366308265,39.097973502768],[-84.6677236301796,39.0979355030357],[-84.6680206296998,39.0979195033879],[-84.6699686309528,39.0977055034198],[-84.6713036313598,39.097617503035],[-84.6720946311113,39.0976015022618],[-84.6731726320098,39.0976405027312],[-84.6739226323976,39.0977385029113],[-84.6740946318418,39.0977935025033],[-84.6750286329821,39.0979475023755],[-84.6754526320749,39.0980415031952],[-84.676781633213,39.0982115030539],[-84.6774296331005,39.0982665031255],[-84.6785866337125,39.0984255031527],[-84.679543634372,39.0986015026575],[-84.6803396347251,39.098788502315],[-84.6813486347177,39.0991405029287],[-84.6822306354224,39.0994915025762],[-84.6833656351637,39.0998645027318],[-84.6838576344158,39.1000075030256],[-84.6852786352162,39.1005075024137],[-84.6855656361878,39.1006285029067],[-84.6864826366899,39.1011165033039],[-84.6872386361065,39.1015675032705],[-84.6885776366225,39.1025585026666],[-84.6893586374386,39.1031995026136],[-84.6900496377061,39.104078502826],[-84.6903436380097,39.1044775041057],[-84.6905756378736,39.1048155029121],[-84.6909286375685,39.1053285037733],[-84.6924926382943,39.1074805038218],[-84.6925726379363,39.1075905040412],[-84.6928536385574,39.107859503546],[-84.6930266385661,39.1080545040778],[-84.6930526383996,39.1080875030486],[-84.6939966382107,39.1090445039149],[-84.6949566386712,39.1098855039741],[-84.6951746394948,39.1101375042068],[-84.6959826396859,39.1111505040784],[-84.6964396401885,39.1116855039861],[-84.6965546394259,39.1118125037579],[-84.6966526402903,39.1119005046471],[-84.6969906398201,39.1123395043861],[-84.6973836400213,39.1127845048827],[-84.6967866395931,39.1130695044786],[-84.6953206402898,39.1137735049456],[-84.6951516393005,39.113566505213],[-84.6937616386011,39.111988504077],[-84.6906856383005,39.1084955042487],[-84.6882596370168,39.1064705032865],[-84.6872366367774,39.1054645033285],[-84.6870866369341,39.1053815031961],[-84.6868486364986,39.1054655038646],[-84.6866886361537,39.1055215036653],[-84.6867816365927,39.1057465029423],[-84.6865036368587,39.1059205042514],[-84.686435636465,39.1058555037521],[-84.6862876363312,39.1057325032906],[-84.6861546369763,39.1056385035145],[-84.6859816356281,39.1055375036423],[-84.6850666361942,39.1050425044505],[-84.6846446362199,39.1054865037721],[-84.6840706350876,39.1060865042847],[-84.6835056349595,39.10665350436],[-84.6831506359229,39.1069955037975],[-84.6830546347463,39.1070525047798],[-84.6833536361218,39.1077175039507],[-84.6832996355469,39.1076905044727],[-84.6832416357936,39.1076815043924],[-84.683183635584,39.1076935046154],[-84.6829366365155,39.1076935048595],[-84.6828356360286,39.1076885044257],[-84.6827366352469,39.107671504541],[-84.6826126358868,39.1076315043903],[-84.681145635053,39.1071855046226],[-84.6809946345707,39.1071365038393],[-84.6808856349604,39.107112503667],[-84.6808376342167,39.1071035043319],[-84.680718021659,39.1070974593071]]]},"properties":{"OBJECTID":46,"SNA_NAME":"Riverside","SNA_NUMBER":38,"ACRES":1187.56725214,"SQMI":79.733,"app_id":"CIN-SNA-046","canonical_slug":"riverside","display_name":"Riverside"}},{"type":"Feature","id":47,"geometry":{"type":"Polygon","coordinates":[[[-84.5354945927713,39.1244765146775],[-84.5355005934273,39.1244065143186],[-84.5355965929113,39.1231055134877],[-84.5356065926457,39.1229225145144],[-84.5356245922856,39.12248651432],[-84.5356665925286,39.1218405138971],[-84.5356855927555,39.1209395130074],[-84.5356945926406,39.1207595139641],[-84.5356855932245,39.1205885134225],[-84.5356695927932,39.120433512964],[-84.5356595930295,39.1202235134135],[-84.5356295928233,39.1200105132973],[-84.5355985930593,39.1198275126347],[-84.535583592835,39.1197745132676],[-84.5355195928859,39.1195415135336],[-84.5354035932699,39.119203513151],[-84.5352725922944,39.1188985133695],[-84.5351755918355,39.1187125133476],[-84.5349405925045,39.1182985131215],[-84.5347045933007,39.117976512959],[-84.5344425919339,39.1176145132698],[-84.5342325921566,39.1173285134385],[-84.5339095917108,39.116901512265],[-84.5334555918047,39.1163135135606],[-84.5333405918878,39.1161815124176],[-84.5330525920507,39.1157945126067],[-84.5328935911979,39.1155655126542],[-84.5326165921454,39.1151875121036],[-84.5324335919905,39.1149015123038],[-84.5322445917718,39.1146125124885],[-84.5321715906234,39.1144935127204],[-84.5320655912854,39.1143015131091],[-84.5319795907024,39.1141305127491],[-84.531861591236,39.1139085126133],[-84.5317845910802,39.1137375128984],[-84.5316905909024,39.113515512623],[-84.5316325906993,39.1133475126415],[-84.531538590817,39.1129975123083],[-84.5315105904451,39.1128365126975],[-84.5314865912474,39.1126965118103],[-84.5314895903702,39.1124345125276],[-84.5314835911418,39.1121055115304],[-84.5314985912738,39.1117515126465],[-84.5315285902872,39.1114045113397],[-84.5315535903671,39.111060511588],[-84.5315955913444,39.1106395123623],[-84.531656591076,39.1101065121782],[-84.5316875911279,39.1097265117565],[-84.5317055909198,39.1094115118662],[-84.5317085910492,39.1093665120871],[-84.531720590971,39.1092045111321],[-84.5317235901389,39.1090695115865],[-84.5317305902997,39.1087875120731],[-84.5317205915449,39.1083185117411],[-84.5316995908891,39.1081055114699],[-84.5316665900793,39.1078705119981],[-84.5316175912832,39.1076905118973],[-84.5315315906651,39.1074045104817],[-84.5314525899398,39.1071885119749],[-84.5313185909656,39.1069045114909],[-84.5312425903988,39.1067805108038],[-84.5311545905044,39.1066585116567],[-84.5310625905247,39.1065085108429],[-84.5309715907974,39.1063715105696],[-84.5308345898291,39.1061985110099],[-84.5307335901211,39.1060825105171],[-84.5306985902903,39.1060425106762],[-84.5306345900761,39.1059715107777],[-84.5305725894086,39.1059025103412],[-84.5304245898083,39.1057365112718],[-84.5303395899761,39.1056425108646],[-84.5300595901582,39.1053685114603],[-84.5298795902539,39.105227511092],[-84.5296475897671,39.1050755114363],[-84.5295185893616,39.1049955110345],[-84.5293795899096,39.104908510681],[-84.5291635897894,39.1047925108901],[-84.5287895895299,39.1046085108845],[-84.528728589134,39.1045835110929],[-84.5269235895264,39.1036855101878],[-84.5264535896292,39.1033535105503],[-84.5262245885579,39.1031925099452],[-84.5256375880975,39.1027545110311],[-84.5251675884466,39.1025325107853],[-84.5246245876212,39.1022975101038],[-84.524439588415,39.1023025103106],[-84.5241405879575,39.1021105104641],[-84.5239225874744,39.1019525101495],[-84.5237575877899,39.1018105105506],[-84.5235775876464,39.1016315113913],[-84.5234935872378,39.1016335099807],[-84.5233865876249,39.10147651024],[-84.5233165884286,39.1013725108938],[-84.5231815876479,39.1011625110258],[-84.5230485871488,39.1009365106875],[-84.5229415882157,39.1007355104208],[-84.5228475881281,39.1005305105015],[-84.5227705874296,39.1003165106684],[-84.5227005877215,39.1001475104866],[-84.5226175866766,39.0998875103671],[-84.5225435872533,39.099642510234],[-84.5224425875487,39.0993395097373],[-84.5224245869556,39.0993015102259],[-84.5222875867955,39.0972215102845],[-84.5223105871107,39.0965065095807],[-84.5223245873446,39.0960505101527],[-84.5223355870409,39.0957505093555],[-84.5223355870544,39.0956215093685],[-84.5223855864887,39.0949865094148],[-84.522438587846,39.0943515092473],[-84.522461586954,39.0939475098122],[-84.5225155876278,39.0931775092041],[-84.5225535872446,39.092691508795],[-84.5225765865626,39.0922125081481],[-84.5229215876054,39.0922015090874],[-84.5237765871446,39.0922795084661],[-84.5256305881245,39.0924855081915],[-84.5266935875614,39.0927475085185],[-84.52816258824,39.0934265084643],[-84.5285385886113,39.093599508089],[-84.5302505888368,39.0944725089275],[-84.5308405901898,39.0948075089608],[-84.532381590293,39.0956425091286],[-84.5339465905972,39.0964055087236],[-84.534209590781,39.096504508702],[-84.5348055910193,39.0967955087644],[-84.5365475917463,39.0975215089732],[-84.5367365912825,39.0976145083646],[-84.5370925916856,39.0977545085912],[-84.5393545922441,39.0986415096546],[-84.5398015927773,39.0987955095363],[-84.5403465919606,39.0990055087545],[-84.5404615924758,39.0990325095642],[-84.5406675935247,39.0991085097757],[-84.5415095938844,39.0993385094507],[-84.5415465927384,39.0993495097458],[-84.5422775927337,39.0995485087804],[-84.5435605932475,39.0997745094785],[-84.5435825938461,39.1002655093957],[-84.5435845930778,39.1004455095099],[-84.5435905939493,39.1010405099996],[-84.5438095946759,39.1010965094401],[-84.5461015949934,39.1013995091641],[-84.5466465942067,39.1014685093007],[-84.5475665951355,39.1015105100019],[-84.5483045956265,39.1015235097137],[-84.5487855960188,39.1015045094738],[-84.5493765958254,39.1014075095526],[-84.5501015956498,39.101261508795],[-84.5511245968391,39.1010295089457],[-84.5517525961841,39.1008955091892],[-84.5524595960645,39.1007005091597],[-84.5530315968927,39.100456508773],[-84.553470596066,39.1002135084581],[-84.5538115965183,39.099981508957],[-84.5546805964461,39.0992805088267],[-84.5547055975464,39.0996505082231],[-84.5547245975488,39.0998895091157],[-84.5547425972036,39.1002245092168],[-84.5547465973824,39.1007665092797],[-84.5542555974175,39.1009185087067],[-84.5540085968449,39.1009785087854],[-84.5538465968595,39.1009925092212],[-84.554025597428,39.1013525092012],[-84.5540475969368,39.1014415086492],[-84.5541535962635,39.1018615097893],[-84.5542555967682,39.1020045084398],[-84.5542905972607,39.1020505095019],[-84.554331596982,39.1021195086488],[-84.5543865970043,39.102214509544],[-84.554424596376,39.1022885094657],[-84.5544515965552,39.1023485094207],[-84.5544765976891,39.1024175092585],[-84.554487596913,39.1024665091961],[-84.5544955975757,39.102515509139],[-84.5545145972088,39.1025655097368],[-84.5545285971994,39.1026335089474],[-84.5545365974417,39.1026965092494],[-84.5545345977597,39.1027815100435],[-84.5544995981502,39.1029475092451],[-84.5544935968754,39.1029845096222],[-84.5544495975054,39.1038315101038],[-84.5544195978086,39.1041905097706],[-84.5544105966953,39.1045225095955],[-84.5544115974776,39.1046615096304],[-84.554429596686,39.1047605093866],[-84.5545435969643,39.1050565096339],[-84.5548025979631,39.1054625099487],[-84.5548115973985,39.1061285104781],[-84.5546875977286,39.1061115099299],[-84.5545625973483,39.1061125099378],[-84.5545125979895,39.1061265101777],[-84.5544705968355,39.1061525100943],[-84.5544425974039,39.1061875100185],[-84.5542275972165,39.106784510104],[-84.5542235971375,39.1068565100797],[-84.5542395970133,39.1069275103592],[-84.5543835974675,39.1072565101954],[-84.5543835969923,39.1072785099786],[-84.5543775975278,39.1072995105417],[-84.5543495976031,39.1073385101529],[-84.5543045983351,39.107365510137],[-84.5542775977363,39.1073735097791],[-84.5542495976391,39.1073765101471],[-84.5540375967653,39.1074215106006],[-84.5536685970148,39.1080245107736],[-84.553046597341,39.109032510369],[-84.5531105971475,39.1091595105051],[-84.5530485973096,39.109546511268],[-84.5526325967842,39.1102855114792],[-84.5523965973772,39.1108575106712],[-84.5523365963715,39.1111745107601],[-84.5522805963464,39.1111625113452],[-84.5521465965054,39.1111435108336],[-84.5518085967191,39.1110605110829],[-84.5514105967342,39.1121655111049],[-84.5513355970625,39.1121395111339],[-84.5507885970622,39.1120375114935],[-84.550568596391,39.1126035117024],[-84.550402596565,39.1131545115003],[-84.5502415973329,39.1136995117115],[-84.5497575972957,39.1148245121948],[-84.5494745962785,39.1151195117172],[-84.548935596187,39.1157335114407],[-84.5488385966007,39.1158455123899],[-84.5476985958686,39.1171115128082],[-84.5464495955336,39.1184895127079],[-84.5455665964193,39.1194345135876],[-84.5454955960871,39.1195005124614],[-84.5454215959176,39.1195915130238],[-84.5443185964158,39.1212795131443],[-84.5442175954342,39.1214195134946],[-84.5438825956272,39.121947514111],[-84.5437105951229,39.1222185133259],[-84.5436575945684,39.1222905134503],[-84.5436175963005,39.1223675130007],[-84.5435945956249,39.1224485134796],[-84.5435865957518,39.1225315137646],[-84.5435915959829,39.1225865140158],[-84.5437795957064,39.1244705135377],[-84.5433595963124,39.124500513879],[-84.5432625962797,39.1245075138638],[-84.5429495957237,39.1245305139599],[-84.5426785958086,39.1245505141232],[-84.5422595950343,39.1245805144881],[-84.5420025949261,39.1245985138761],[-84.5410875946545,39.1246775144991],[-84.5399725937216,39.1247745139898],[-84.5396875944014,39.1247845141621],[-84.539182594546,39.1248025137996],[-84.5382345947941,39.124744514176],[-84.5379115936737,39.1247245142441],[-84.5377015936171,39.1247115146748],[-84.5368075942383,39.1246165145068],[-84.5360205931626,39.1245325145877],[-84.5354945927713,39.1244765146775]]]},"properties":{"OBJECTID":47,"SNA_NAME":"Lower Price Hill_Queensgate","SNA_NUMBER":22,"ACRES":1273.88207159,"SQMI":79.733,"app_id":"CIN-SNA-047","canonical_slug":"lower-price-hill-queensgate","display_name":"Lower Price Hill / Queensgate"}},{"type":"Feature","id":48,"geometry":{"type":"Polygon","coordinates":[[[-84.5516596007703,39.1604075210028],[-84.5513566007393,39.1601685208281],[-84.5511986007947,39.1600405197394],[-84.5509856006139,39.1598425203619],[-84.5507846001784,39.1596505201291],[-84.5502226006437,39.1591325201212],[-84.5497486003068,39.1587155195484],[-84.549288600291,39.1583255196699],[-84.5488465991368,39.157987520355],[-84.5480285986911,39.1574375203653],[-84.5475425987539,39.1571795202945],[-84.5474055984197,39.1571065200554],[-84.5445645978103,39.155521520094],[-84.5430535979343,39.1546315198812],[-84.5424965979351,39.154199520089],[-84.5423955978854,39.1541225200241],[-84.54229259677,39.1540235194674],[-84.54213759716,39.1538675198351],[-84.5420125973927,39.1537485197044],[-84.5418745974685,39.1535895190704],[-84.5417855965767,39.1534855204067],[-84.5420015972399,39.1534315193465],[-84.5421145973654,39.1533805194593],[-84.5423195968256,39.153289519619],[-84.5424715973322,39.1532155192781],[-84.5428735975468,39.1530085191329],[-84.5434575975677,39.152677519631],[-84.5440315979545,39.1522025190529],[-84.5444735977502,39.1515805192621],[-84.544771597309,39.1511485189127],[-84.5454005984119,39.1502315185764],[-84.5462745976102,39.1490115189267],[-84.5463315976168,39.1489145186097],[-84.5464675977109,39.1487165182359],[-84.5470755985075,39.1475105185545],[-84.5472195990441,39.1471265186955],[-84.5475175988489,39.1462235181586],[-84.5479395986771,39.1448795180575],[-84.5481895985757,39.1440435179912],[-84.5483335983757,39.1433525176067],[-84.5483725992463,39.1426225173905],[-84.5482855978205,39.1419975171538],[-84.5481605990501,39.1413545168802],[-84.5479875977727,39.1405955173325],[-84.5479155975079,39.1399885166779],[-84.5477425977381,39.1391145158314],[-84.5472335976124,39.1375565162678],[-84.5473455975653,39.1375635162672],[-84.5475515980885,39.1375765156385],[-84.547653598294,39.1375835162569],[-84.5480125975389,39.1376065168771],[-84.5483115976278,39.1376225158539],[-84.5483975979305,39.1376955164337],[-84.548467597953,39.1377775162958],[-84.5484975972683,39.1378255168687],[-84.5492105981856,39.1396305169],[-84.5496485984512,39.140678516296],[-84.5499355986023,39.1413655164124],[-84.5505615981289,39.1428635172321],[-84.5507335999595,39.1432755170795],[-84.5513485996896,39.144645517321],[-84.5515326001065,39.1451425173996],[-84.5514445990235,39.1463185173254],[-84.5513895997894,39.1468485179809],[-84.5513055994642,39.1483445178288],[-84.55125860054,39.1487585180402],[-84.5512455998341,39.1489675178539],[-84.5512385999595,39.1490875180898],[-84.5512265995991,39.1493315189194],[-84.551175599923,39.149990519034],[-84.5510536000271,39.1512575192291],[-84.5509316000478,39.1522685189007],[-84.5510205998106,39.1522855185973],[-84.5512745999105,39.1523075185811],[-84.5515846002374,39.1523405190691],[-84.5518246000428,39.1523785183569],[-84.5520075997801,39.1524175186831],[-84.5521206001783,39.1524665192476],[-84.5522756011058,39.152549519342],[-84.5523456006216,39.1526045193827],[-84.5526586006762,39.1542435190391],[-84.5528476001582,39.1544345192208],[-84.5530166006089,39.1545155198463],[-84.5533416008469,39.1546035188259],[-84.5538306009281,39.154622518624],[-84.5542806014124,39.1546575185773],[-84.5543066007055,39.1544525193793],[-84.5542986013036,39.1544315192082],[-84.5542976010599,39.1544105193815],[-84.5543036010985,39.1543895189783],[-84.554316601737,39.154369519042],[-84.5543336010345,39.154354519288],[-84.5543546012791,39.1543445187733],[-84.5544086014787,39.1543245195786],[-84.554467600512,39.1543185194769],[-84.5545476008413,39.1543335188944],[-84.5550376010249,39.1543655185205],[-84.5550956010497,39.1543395193028],[-84.5551426016452,39.1543035197881],[-84.5551906009218,39.154252519235],[-84.5552006018247,39.1547095192337],[-84.5550606020044,39.1560945192963],[-84.5548946014207,39.1576725200218],[-84.5547176014053,39.1593605196259],[-84.5546996007747,39.1593785195757],[-84.5546796016492,39.1593895205532],[-84.5546556014501,39.1593925200473],[-84.5543026017091,39.1594025195531],[-84.5538146011885,39.1593735208977],[-84.5533716012811,39.1593495206389],[-84.5528806016821,39.1593415202216],[-84.5527906007116,39.1602615206494],[-84.5527936008214,39.1607775205178],[-84.5527956016718,39.1610235206132],[-84.5527976017568,39.1611645204943],[-84.5525436007974,39.1610235201177],[-84.5523146008629,39.1608765209736],[-84.5521596010053,39.1607795212907],[-84.5519556004988,39.1606365202635],[-84.5517876014954,39.1605055207273],[-84.5516596007703,39.1604075210028]]]},"properties":{"OBJECTID":48,"SNA_NAME":"South Cumminsville","SNA_NUMBER":43,"ACRES":269.51277662,"SQMI":79.733,"app_id":"CIN-SNA-048","canonical_slug":"south-cumminsville","display_name":"South Cumminsville"}},{"type":"Feature","id":49,"geometry":{"type":"Polygon","coordinates":[[[-84.5524626009659,39.1642645215325],[-84.5524186007816,39.1640105211924],[-84.5524106011534,39.16392552047],[-84.5523776012177,39.1637575210404],[-84.5523326014641,39.1636205213884],[-84.5520476004341,39.1624205201388],[-84.5520106007108,39.1622515209529],[-84.5519826011455,39.1621275205248],[-84.5518856017605,39.1617315213267],[-84.5518266008306,39.1613245211939],[-84.5516596007703,39.1604075210028],[-84.5517876014954,39.1605055207273],[-84.5519556004988,39.1606365202635],[-84.5521596010053,39.1607795212907],[-84.5523146008629,39.1608765209736],[-84.5525436007974,39.1610235201177],[-84.5527976017568,39.1611645204943],[-84.5527956016718,39.1610235206132],[-84.5527936008214,39.1607775205178],[-84.5527906007116,39.1602615206494],[-84.5528806016821,39.1593415202216],[-84.5533716012811,39.1593495206389],[-84.5538146011885,39.1593735208977],[-84.5543026017091,39.1594025195531],[-84.5546556014501,39.1593925200473],[-84.5546796016492,39.1593895205532],[-84.5546996007747,39.1593785195757],[-84.5547176014053,39.1593605196259],[-84.5548946014207,39.1576725200218],[-84.5550606020044,39.1560945192963],[-84.5552006018247,39.1547095192337],[-84.5551906009218,39.154252519235],[-84.5552576017425,39.1541805193245],[-84.5556776017401,39.1535535186139],[-84.5557196010411,39.153506518467],[-84.5557736011782,39.1534675184796],[-84.5558366020397,39.1534385189642],[-84.5559056005541,39.1534195190895],[-84.5559786014352,39.1534135186311],[-84.5560526010691,39.1534185191826],[-84.5564196010189,39.1535155185096],[-84.5564946009941,39.1535215192112],[-84.556569601846,39.1535125185039],[-84.5566376018999,39.1534875187831],[-84.5566956013099,39.1534495187552],[-84.5567366016715,39.1534005185253],[-84.5569936025175,39.1529815183125],[-84.5570836020478,39.1528585188218],[-84.557209601892,39.1527185186397],[-84.5573276016005,39.1526105181866],[-84.5574566025321,39.152508518827],[-84.5575736021855,39.1524395182803],[-84.5576696020923,39.152396518441],[-84.5579646025489,39.1522915185255],[-84.5581316013842,39.152244518109],[-84.5583026017509,39.1522075181996],[-84.5585126019271,39.1521775187227],[-84.5585836016656,39.1521715187851],[-84.558767602679,39.1521885180514],[-84.5589846021613,39.1522245187051],[-84.5592296019996,39.1522885187767],[-84.5594826029558,39.1523355187341],[-84.5597296018189,39.1523985181489],[-84.559832602176,39.1524315189258],[-84.5600546025289,39.1525485184597],[-84.5601756025685,39.1526205185891],[-84.5602786027045,39.1526485182288],[-84.5603856028255,39.1526655189286],[-84.5604946023368,39.1526695180821],[-84.560638602641,39.1526555186342],[-84.5607166028642,39.1526315182197],[-84.5607906024749,39.1525985181155],[-84.5608986024006,39.152528518979],[-84.5609746026605,39.152498517887],[-84.5610576023054,39.1524815186362],[-84.5611426035791,39.1524785182963],[-84.5613386031092,39.1525335177091],[-84.561879602794,39.1514645179759],[-84.5625956028839,39.1519555184606],[-84.5628176029149,39.1521895187794],[-84.5632306032723,39.1526535177658],[-84.5632906039642,39.1527555179849],[-84.5633446037098,39.152888517928],[-84.5633716035462,39.1529985190761],[-84.5633816036289,39.1530815185916],[-84.5633686034505,39.1537045181189],[-84.5633566030554,39.154755518636],[-84.5633736032628,39.1548675187069],[-84.5634066036203,39.1549785186364],[-84.563455603701,39.1550845196165],[-84.5635196040184,39.1551865188421],[-84.5635986034171,39.1552815185591],[-84.5636666034138,39.1553475185702],[-84.5656616043666,39.1569105187315],[-84.5657866053606,39.1569635192488],[-84.5658446048189,39.1569805184615],[-84.5662196054164,39.1574915193515],[-84.5662936053369,39.1576755198959],[-84.5664516056903,39.1580635195796],[-84.5666526050364,39.1580145189753],[-84.5669756053781,39.1579785187383],[-84.5674246057829,39.1579565187868],[-84.5672246052162,39.1583995195569],[-84.5668226054555,39.159235519969],[-84.5664996045766,39.1595755189264],[-84.5664306054205,39.159647519566],[-84.5663756052498,39.1597065201334],[-84.5663276046116,39.159750518922],[-84.5662726049405,39.1597885189486],[-84.5661796059076,39.1598345196315],[-84.5661116045839,39.159855519793],[-84.565317605043,39.1600035197961],[-84.5642986039032,39.1602045199578],[-84.5640606040224,39.1602645197095],[-84.5638286040497,39.1603365194176],[-84.5620846045858,39.1611195201552],[-84.561669604117,39.1613015205202],[-84.5614266029633,39.1614225209203],[-84.5611916035703,39.1615535206358],[-84.560940602867,39.1617125200965],[-84.5607286035947,39.1618645205029],[-84.5598196040376,39.1626045202777],[-84.5597406038958,39.1626625201821],[-84.559519603632,39.1628075212068],[-84.5593146034319,39.1629235207718],[-84.5590996031979,39.1630285201706],[-84.5556446025341,39.1642855207535],[-84.5555096022994,39.1643225214264],[-84.5553356028322,39.1643575208221],[-84.5551586020627,39.1643775213591],[-84.5549796026984,39.164383521625],[-84.5548006013791,39.1643755204756],[-84.5528546013185,39.164215520347],[-84.5526516006892,39.1642085209733],[-84.5525346013544,39.1642355206451],[-84.5524626009659,39.1642645215325]]]},"properties":{"OBJECTID":49,"SNA_NAME":"Roll Hill","SNA_NUMBER":40,"ACRES":261.11284261,"SQMI":79.733,"app_id":"CIN-SNA-049","canonical_slug":"villages-at-roll-hill","display_name":"Villages at Roll Hill"}},{"type":"Feature","id":50,"geometry":{"type":"Polygon","coordinates":[[[-84.4660535763558,39.167355525267],[-84.4661095759528,39.1664155260997],[-84.4662585756306,39.164899525342],[-84.4662825753986,39.1647055246295],[-84.4663565758267,39.1641155244261],[-84.4664375751349,39.1633075247392],[-84.4677515763368,39.1633535249571],[-84.4684045756836,39.1633875248326],[-84.4690965768118,39.163423524944],[-84.4694524708721,39.163438482557],[-84.4697989833846,39.1634592658145],[-84.4698036763937,39.1634595474108],[-84.4699748064895,39.1634698107769],[-84.4702313452127,39.163485195848],[-84.4702468398072,39.1634861255582],[-84.470485859862,39.1635004597696],[-84.4707073670044,39.1635137431658],[-84.4708307429321,39.1635211414986],[-84.4708592743226,39.1635228524112],[-84.4709383124258,39.1635275919577],[-84.4709474468723,39.1635281395115],[-84.4710356368384,39.1635334280509],[-84.4711309880808,39.163539146229],[-84.471429658983,39.1635570553083],[-84.4714765833719,39.1635598689007],[-84.4716246337672,39.1635687462784],[-84.4718761219141,39.1635838234472],[-84.4722192922502,39.1636043968322],[-84.472239999303,39.1636056385869],[-84.4723562179478,39.1636126128054],[-84.4723872014654,39.1636144717545],[-84.4723946199422,39.1636052597394],[-84.4724021580795,39.1635958988232],[-84.4724024598878,39.1635955179665],[-84.4724025769815,39.1635955249852],[-84.4725835773875,39.163367524924],[-84.4728033844974,39.1630892445545],[-84.4728258069084,39.1630609307193],[-84.4730723145999,39.1627496463689],[-84.4730876937964,39.1627302255035],[-84.4731533909177,39.1626472639215],[-84.4731821082237,39.1626110004623],[-84.4731870363872,39.1626047770868],[-84.4734438417514,39.1622531871954],[-84.473588577371,39.1620555243545],[-84.4736430255832,39.1619422130456],[-84.4736995326926,39.1618253202652],[-84.473700007386,39.1618243372864],[-84.4733043279124,39.1616622589537],[-84.4729674252689,39.1616422076052],[-84.4721595774102,39.1615935243176],[-84.4717637103164,39.1615696355531],[-84.4717703839498,39.1615041731836],[-84.4717889185396,39.1613177630642],[-84.4718081993514,39.1611238383875],[-84.471808377217,39.1611220513511],[-84.4718085192701,39.1611206379444],[-84.4718088777191,39.1611170782418],[-84.4718091445706,39.1611144202117],[-84.471811202383,39.161093959185],[-84.4718112821253,39.161093171242],[-84.4718102169193,39.1610893600346],[-84.4718045613,39.1610691166562],[-84.4718044095378,39.1610685750228],[-84.4718039708558,39.1610670057033],[-84.4717895746173,39.1610154798894],[-84.4717804685603,39.1609828872823],[-84.4717630902057,39.1609206882741],[-84.4717228117636,39.1607765239323],[-84.4716956032973,39.1606791424781],[-84.4716713717946,39.1605924126747],[-84.4716460880199,39.1605019173897],[-84.4716369461438,39.1604691983376],[-84.4716321577838,39.1604520604256],[-84.4716298008272,39.1604436219346],[-84.4715966708358,39.1603250447129],[-84.4715735215134,39.1602421870798],[-84.4715688296941,39.1602253953163],[-84.4715508392957,39.1601610027974],[-84.4715506128655,39.1601601921283],[-84.4715685889682,39.1601247621995],[-84.4716672222031,39.1599303696129],[-84.4717782354762,39.1597115759451],[-84.471873144292,39.159524521288],[-84.4718953928035,39.1594806716373],[-84.4720789948918,39.1591188080072],[-84.4721351578199,39.1590081163017],[-84.4721371800701,39.1590041300524],[-84.4721373676182,39.1590037610502],[-84.472104208291,39.158880019825],[-84.4720983537619,39.158858169724],[-84.4720970546178,39.158853320922],[-84.4719445258667,39.1582841107289],[-84.4718540287619,39.157946390728],[-84.4717787361057,39.1576654041311],[-84.4716902711665,39.1573352585385],[-84.4716693581289,39.1572572112606],[-84.4716690014317,39.1572558820188],[-84.4716671277004,39.1572475037887],[-84.4716516584806,39.1571783642027],[-84.4716515327266,39.1571778005024],[-84.4721635768359,39.1572085236247],[-84.4731735770599,39.1572705226879],[-84.4757625776451,39.1574385235951],[-84.4758185779038,39.1574455227349],[-84.4758965777914,39.1574715233773],[-84.4759855779998,39.1575325230596],[-84.4762105776588,39.1574495227855],[-84.4763835782488,39.1573995232814],[-84.4764955782205,39.1573745231013],[-84.4768135777474,39.1572845231705],[-84.477350578914,39.1571925226747],[-84.4774975782683,39.1571775233842],[-84.4777885780602,39.1571375227322],[-84.4782745783511,39.1570255228754],[-84.4785625787606,39.1569425225887],[-84.4797185786437,39.1564665235392],[-84.4798935785212,39.1564245234645],[-84.4799315789306,39.1564865233599],[-84.4807365794089,39.1575825226131],[-84.4807705795186,39.1576565236668],[-84.4807955792756,39.1577475229899],[-84.4807965798063,39.1578205226369],[-84.4807905798904,39.1578565226007],[-84.4807985801709,39.1580075236884],[-84.4807895792031,39.1581575231147],[-84.4807375798507,39.1585315239449],[-84.4807115799564,39.1586985230891],[-84.4806585801572,39.1588895233846],[-84.4806045803775,39.1590235242854],[-84.4805235795922,39.159179524239],[-84.4804765798847,39.1592555241017],[-84.4795885801543,39.1609895239118],[-84.4794965792273,39.1611435240407],[-84.4794235793919,39.161303524012],[-84.4793675789041,39.1614675235309],[-84.4793265794691,39.1616635234219],[-84.4790615795145,39.164080524385],[-84.4789915795209,39.1647815247575],[-84.4789015795662,39.1658055250902],[-84.4788215798972,39.1664955249857],[-84.4788145796196,39.1665445246103],[-84.4787645801283,39.1669285244487],[-84.4787305800243,39.1671965246311],[-84.4786795793391,39.1676045256463],[-84.478609579956,39.1683515250133],[-84.4761615788712,39.1683085254841],[-84.4759785791941,39.1683055255149],[-84.4758175784473,39.1683025253142],[-84.4753575791121,39.168294525467],[-84.4749715790877,39.1682855259237],[-84.4732285783764,39.1682445258318],[-84.4720325777049,39.1682175256607],[-84.4718515783934,39.1682175252018],[-84.4716715773476,39.1682025254039],[-84.4714945782401,39.1681725255517],[-84.470156576585,39.1679105257035],[-84.4685625765114,39.1674045254887],[-84.4684225759208,39.1673715260408],[-84.4682415767628,39.1673465258313],[-84.4669215758277,39.1672745256668],[-84.4667105756786,39.1672745250514],[-84.4664545758882,39.167290525898],[-84.4662405751641,39.1673175255448],[-84.4660535763558,39.167355525267]]]},"properties":{"OBJECTID":50,"SNA_NAME":"Paddock Hills","SNA_NUMBER":35,"ACRES":252.00380359,"SQMI":79.733,"app_id":"CIN-SNA-050","canonical_slug":"paddock-hills","display_name":"Paddock Hills"}}]}
